0 1117180
1 1601211
2 861158
3 630030
4 543957
5 448076
6 412708
7 361587
8 353576
9 312932
10 141913
11 128659
12 131008
13 106835
14 89430
15 93646
16 105289
17 79733
18 77415
19 72101
20 74522
21 70850
22 59715
23 60921
24 74849
25 57635
26 49979
27 52324
28 55356
29 52243
30 59736
31 54223
32 58045
33 42854
34 42587
35 43852
36 57333
37 44895
38 35423
39 35306
40 44684
41 41682
42 43527
43 38598
44 36199
45 37630
46 32656
47 35717
48 43598
49 35022
50 33028
51 29609
52 31831
53 33030
54 32979
55 33910
56 36493
57 28635
58 27526
59 30244
60 39170
61 31745
62 26348
63 30232
64 40458
65 27337
66 28194
67 27426
68 23912
69 22304
70 26696
71 26873
72 32001
73 26514
74 20419
75 21494
76 21090
77 21033
78 21799
79 22621
80 25174
81 25093
82 18463
83 21144
84 24767
85 19317
86 16823
87 16767
88 19234
89 22302
90 23048
91 19411
92 16623
93 15911
94 15569
95 15504
96 23259
97 19580
98 15684
99 17174
100 21196
101 20077
102 15756
103 16863
104 15781
105 18385
106 13520
107 15859
108 17422
109 16279
110 15650
111 15012
112 16997
113 16235
114 13381
115 11785
116 12184
117 12374
118 11434
119 12240
120 25064
121 16309
122 11934
123 11265
124 11688
125 13628
126 15903
127 16714
128 18509
129 10992
130 11892
131 14101
132 13503
133 10606
134 9526
135 11551
136 11773
137 12469
138 9923
139 11883
140 12680
141 9297
142 8713
143 9649
144 18316
145 9474
146 8544
147 9031
148 9022
149 11295
150 11166
151 11218
152 9014
153 8887
154 8733
155 8229
156 10436
157 11042
158 7136
159 7205
160 10990
161 8208
162 9934
163 10203
164 7632
165 9191
166 7166
167 9651
168 11790
169 9636
170 8490
171 8243
172 7230
173 9588
174 7405
175 7975
176 8492
177 6429
178 6571
179 9217
180 11795
181 10356
182 7399
183 5957
184 6780
185 6194
186 6931
187 6437
188 6297
189 7613
190 7300
191 9565
192 11235
193 9073
194 5882
195 6786
196 8679
197 8562
198 7400
199 9029
200 8751
201 6163
202 6145
203 5870
204 7283
205 5610
206 5171
207 5214
208 6934
209 5835
210 11871
211 9367
212 6007
213 4816
214 4947
215 4675
216 9721
217 5611
218 4647
219 4619
220 7141
221 5589
222 5768
223 7770
224 7139
225 7685
226 4469
227 7118
228 5534
229 6889
230 4693
231 5984
232 5692
233 7845
234 5151
235 4253
236 4140
237 3673
238 4067
239 7056
240 9921
241 7230
242 4620
243 6131
244 4344
245 4436
246 4235
247 4154
248 4262
249 3537
250 4659
251 6444
252 7881
253 4415
254 3794
255 6032
256 12380
257 7278
258 3801
259 3684
260 4547
261 3615
262 3234
263 5424
264 5005
265 3678
266 3162
267 3084
268 2951
269 5396
270 4768
271 5797
272 4654
273 4193
274 2978
275 3599
276 3893
277 5689
278 2615
279 2908
280 5315
281 5544
282 3011
283 5025
284 2670
285 3216
286 3251
287 2936
288 6617
289 4734
290 2768
291 2480
292 2838
293 4964
294 3374
295 2686
296 2799
297 3395
298 2400
299 2671
300 5345
301 3274
302 2412
303 2600
304 2993
305 2703
306 3102
307 4933
308 2946
309 2462
310 2500
311 5208
312 3790
313 5407
314 2296
315 4004
316 2435
317 4395
318 2307
319 2551
320 4249
321 2820
322 2780
323 3236
324 5117
325 3486
326 2280
327 2089
328 2380
329 2511
330 4376
331 5013
332 2163
333 2830
334 2006
335 2153
336 4992
337 4603
338 2323
339 2026
340 2803
341 3277
342 3005
343 4171
344 2537
345 2271
346 1896
347 4056
348 2267
349 3987
350 2809
351 3099
352 2915
353 4466
354 1949
355 1987
356 1880
357 2280
358 1783
359 4203
360 6326
361 3751
362 1992
363 2384
364 3134
365 2543
366 1978
367 3950
368 2159
369 2150
370 2029
371 2061
372 2299
373 4171
374 1750
375 2556
376 2289
377 2830
378 3250
379 4028
380 2301
381 2088
382 1742
383 3946
384 4583
385 2877
386 1797
387 1786
388 1685
389 3544
390 2523
391 2024
392 2760
393 2043
394 1549
395 1597
396 2661
397 3630
398 1517
399 2295
400 4340
401 3960
402 1704
403 1956
404 1805
405 2727
406 2284
407 1841
408 2610
409 3667
410 1760
411 1629
412 1518
413 1628
414 1930
415 1562
416 2197
417 1449
418 1556
419 3597
420 5356
421 4146
422 1486
423 1646
424 1880
425 1820
426 1714
427 1626
428 1424
429 2475
430 1514
431 3656
432 3790
433 3535
434 1685
435 1913
436 1539
437 1661
438 1504
439 3149
440 2499
441 3562
442 1689
443 3304
444 2067
445 1532
446 1333
447 1328
448 2992
449 3346
450 2835
451 1765
452 1311
453 1371
454 1481
455 2304
456 2220
457 3165
458 1185
459 1555
460 1569
461 3260
462 3241
463 3150
464 1884
465 1927
466 1444
467 2919
468 2107
469 1621
470 1337
471 1357
472 1485
473 1358
474 1442
475 1419
476 1670
477 1481
478 1284
479 3105
480 3972
481 1934
482 1160
483 1567
484 2600
485 1581
486 2209
487 3009
488 1484
489 1359
490 1806
491 2813
492 1500
493 1432
494 1489
495 2674
496 2523
497 1494
498 1304
499 2888
500 2464
501 1508
502 1313
503 2783
504 3728
505 1838
506 1651
507 1501
508 1303
509 2874
510 2197
511 2820
512 7029
513 2189
514 1420
515 1418
516 1504
517 1313
518 1243
519 1230
520 2064
521 3262
522 1419
523 2726
524 1119
525 2034
526 1134
527 1362
528 2472
529 2593
530 1403
531 1286
532 1579
533 1315
534 1108
535 1129
536 1112
537 1054
538 956
539 1293
540 2812
541 2981
542 970
543 1123
544 1753
545 1393
546 2028
547 2763
548 1073
549 1127
550 1542
551 1353
552 1704
553 1324
554 988
555 1304
556 1013
557 2466
558 1113
559 1192
560 2533
561 1946
562 1045
563 2374
564 1132
565 1156
566 925
567 1538
568 1181
569 2350
570 1517
571 2412
572 1196
573 974
574 1056
575 1409
576 4549
577 3096
578 1268
579 1038
580 1138
581 995
582 1051
583 952
584 1074
585 1555
586 955
587 2281
588 1765
589 1146
590 920
591 870
592 1130
593 2411
594 1550
595 1581
596 974
597 1037
598 914
599 2395
600 2971
601 2762
602 1093
603 1057
604 994
605 1212
606 1185
607 2199
608 1177
609 1207
610 1541
611 1071
612 1574
613 2402
614 844
615 1039
616 1689
617 2266
618 938
619 2079
620 1044
621 1100
622 874
623 929
624 1861
625 3301
626 1150
627 1106
628 872
629 1154
630 3059
631 2546
632 920
633 955
634 795
635 802
636 1067
637 1233
638 935
639 969
640 2020
641 2542
642 1004
643 2041
644 1092
645 1125
646 1045
647 2054
648 2266
649 1176
650 1534
651 1294
652 916
653 1958
654 954
655 792
656 1117
657 1038
658 765
659 1981
660 2118
661 2259
662 684
663 871
664 894
665 1235
666 1628
667 1032
668 824
669 778
670 747
671 962
672 2477
673 2109
674 772
675 1543
676 1890
677 2067
678 877
679 874
680 1330
681 870
682 1081
683 2240
684 1386
685 995
686 1043
687 785
688 985
689 941
690 1082
691 2040
692 747
693 1198
694 758
695 659
696 1189
697 915
698 724
699 759
700 1506
701 2122
702 1354
703 1409
704 1390
705 916
706 769
707 961
708 931
709 1967
710 836
711 769
712 785
713 936
714 1353
715 1562
716 785
717 865
718 652
719 2253
720 5459
721 1158
722 997
723 789
724 754
725 916
726 1178
727 2179
728 1617
729 3673
730 1127
731 938
732 877
733 1930
734 665
735 1327
736 1011
737 909
738 897
739 1790
740 866
741 1110
742 754
743 1793
744 1077
745 775
746 664
747 822
748 814
749 815
750 1390
751 1842
752 859
753 668
754 723
755 683
756 1956
757 2137
758 650
759 802
760 1052
761 1836
762 789
763 700
764 755
765 1072
766 746
767 957
768 2500
769 1989
770 1234
771 877
772 731
773 1673
774 636
775 871
776 748
777 1048
778 652
779 737
780 1682
781 1040
782 749
783 889
784 2018
785 779
786 768
787 1785
788 650
789 645
790 631
791 807
792 1776
793 1054
794 654
795 657
796 614
797 1810
798 1053
799 867
800 1782
801 860
802 578
803 659
804 892
805 828
806 668
807 586
808 812
809 1819
810 1481
811 1808
812 1054
813 702
814 558
815 615
816 1294
817 764
818 728
819 1324
820 1215
821 1788
822 637
823 1550
824 654
825 1096
826 698
827 1530
828 950
829 1525
830 534
831 620
832 1163
833 847
834 681
835 661
836 762
837 651
838 643
839 1690
840 3694
841 2022
842 789
843 702
844 637
845 719
846 774
847 812
848 858
849 663
850 799
851 678
852 711
853 1547
854 627
855 847
856 665
857 1545
858 1068
859 1379
860 627
861 920
862 582
863 1583
864 2202
865 643
866 607
867 642
868 857
869 679
870 1154
871 700
872 646
873 587
874 675
875 812
876 766
877 1826
878 549
879 544
880 1024
881 1725
882 1175
883 1591
884 728
885 624
886 532
887 1534
888 1061
889 759
890 609
891 877
892 621
893 585
894 674
895 629
896 1375
897 701
898 614
899 909
900 2676
901 894
902 666
903 1008
904 690
905 610
906 649
907 1485
908 622
909 740
910 1021
911 1665
912 976
913 645
914 534
915 610
916 549
917 550
918 720
919 1722
920 681
921 524
922 541
923 574
924 1690
925 870
926 518
927 588
928 740
929 1614
930 1006
931 809
932 592
933 512
934 443
935 789
936 1130
937 1493
938 551
939 583
940 511
941 1318
942 529
943 529
944 686
945 1659
946 804
947 1246
948 597
949 708
950 613
951 522
952 688
953 1341
954 556
955 522
956 521
957 652
958 467
959 678
960 2245
961 1788
962 597
963 568
964 572
965 548
966 867
967 1337
968 929
969 927
970 567
971 1472
972 1336
973 620
974 437
975 700
976 695
977 1277
978 605
979 645
980 827
981 617
982 477
983 1208
984 702
985 720
986 551
987 1052
988 665
989 730
990 1421
991 1659
992 1088
993 627
994 501
995 493
996 597
997 1331
998 485
999 1012
1000 2631
1001 2340
1002 830
1003 641
1004 552
1005 553
1006 486
1007 592
1008 1800
1009 1636
1010 1057
1011 1119
1012 851
1013 1621
1014 793
1015 779
1016 690
1017 498
1018 509
1019 1345
1020 1118
1021 1647
1022 801
1023 1719
1024 5220
1025 1274
1026 825
1027 671
1028 630
1029 904
1030 619
1031 1441
1032 754
1033 1295
1034 532
1035 788
1036 667
1037 526
1038 464
1039 1118
1040 837
1041 607
1042 486
1043 494
1044 798
1045 738
1046 435
1047 370
1048 447
1049 1213
1050 1213
1051 1223
1052 484
1053 616
1054 516
1055 480
1056 1161
1057 663
1058 606
1059 424
1060 524
1061 1215
1062 465
1063 1055
1064 608
1065 524
1066 498
1067 371
1068 562
1069 1107
1070 439
1071 626
1072 595
1073 509
1074 452
1075 419
1076 454
1077 354
1078 508
1079 579
1080 1858
1081 937
1082 435
1083 533
1084 377
1085 558
1086 516
1087 1204
1088 857
1089 1338
1090 567
1091 1289
1092 1068
1093 1606
1094 542
1095 485
1096 564
1097 1141
1098 469
1099 473
1100 1279
1101 911
1102 496
1103 1189
1104 755
1105 1109
1106 506
1107 568
1108 357
1109 1105
1110 1029
1111 2003
1112 672
1113 602
1114 410
1115 455
1116 574
1117 1233
1118 375
1119 416
1120 1294
1121 719
1122 873
1123 1230
1124 506
1125 893
1126 408
1127 469
1128 699
1129 1209
1130 446
1131 560
1132 386
1133 446
1134 863
1135 470
1136 409
1137 391
1138 327
1139 415
1140 820
1141 514
1142 354
1143 419
1144 650
1145 436
1146 406
1147 476
1148 466
1149 389
1150 449
1151 1369
1152 1930
1153 1257
1154 467
1155 1299
1156 1159
1157 476
1158 396
1159 411
1160 571
1161 563
1162 447
1163 1063
1164 397
1165 438
1166 333
1167 335
1168 481
1169 456
1170 717
1171 1121
1172 408
1173 451
1174 316
1175 435
1176 1122
1177 495
1178 410
1179 415
1180 374
1181 1063
1182 441
1183 533
1184 560
1185 374
1186 367
1187 934
1188 645
1189 607
1190 630
1191 425
1192 411
1193 1038
1194 373
1195 293
1196 390
1197 574
1198 404
1199 518
1200 1542
1201 1482
1202 420
1203 351
1204 401
1205 470
1206 409
1207 365
1208 370
1209 438
1210 711
1211 557
1212 566
1213 1008
1214 366
1215 778
1216 664
1217 1015
1218 486
1219 452
1220 561
1221 700
1222 470
1223 1032
1224 843
1225 1692
1226 426
1227 325
1228 335
1229 942
1230 572
1231 1023
1232 690
1233 471
1234 463
1235 393
1236 507
1237 935
1238 252
1239 330
1240 571
1241 512
1242 408
1243 386
1244 346
1245 380
1246 340
1247 466
1248 712
1249 1099
1250 820
1251 430
1252 382
1253 385
1254 512
1255 398
1256 361
1257 352
1258 278
1259 994
1260 2362
1261 594
1262 322
1263 281
1264 403
1265 428
1266 381
1267 402
1268 373
1269 378
1270 330
1271 468
1272 417
1273 360
1274 524
1275 633
1276 488
1277 1048
1278 431
1279 994
1280 1343
1281 586
1282 305
1283 842
1284 356
1285 507
1286 303
1287 738
1288 484
1289 1022
1290 423
1291 931
1292 429
1293 288
1294 307
1295 544
1296 2572
1297 1247
1298 346
1299 338
1300 761
1301 1174
1302 570
1303 912
1304 400
1305 450
1306 300
1307 799
1308 369
1309 444
1310 362
1311 427
1312 564
1313 464
1314 413
1315 319
1316 399
1317 320
1318 266
1319 870
1320 1246
1321 1093
1322 333
1323 700
1324 391
1325 425
1326 620
1327 864
1328 396
1329 315
1330 637
1331 1302
1332 814
1333 533
1334 362
1335 345
1336 364
1337 331
1338 269
1339 348
1340 323
1341 349
1342 352
1343 416
1344 1320
1345 411
1346 282
1347 276
1348 324
1349 412
1350 725
1351 488
1352 639
1353 455
1354 310
1355 321
1356 346
1357 329
1358 332
1359 341
1360 617
1361 981
1362 366
1363 353
1364 596
1365 1397
1366 418
1367 915
1368 662
1369 1247
1370 448
1371 354
1372 609
1373 920
1374 324
1375 479
1376 570
1377 522
1378 511
1379 353
1380 584
1381 920
1382 303
1383 280
1384 298
1385 514
1386 714
1387 446
1388 262
1389 289
1390 246
1391 340
1392 434
1393 512
1394 391
1395 438
1396 285
1397 334
1398 266
1399 779
1400 652
1401 326
1402 229
1403 286
1404 553
1405 441
1406 442
1407 421
1408 654
1409 899
1410 371
1411 328
1412 284
1413 313
1414 325
1415 301
1416 370
1417 359
1418 275
1419 350
1420 316
1421 364
1422 326
1423 772
1424 332
1425 388
1426 275
1427 795
1428 645
1429 918
1430 1077
1431 542
1432 397
1433 809
1434 284
1435 341
1436 298
1437 256
1438 252
1439 925
1440 1759
1441 556
1442 322
1443 415
1444 861
1445 388
1446 326
1447 766
1448 356
1449 385
1450 359
1451 905
1452 571
1453 812
1454 271
1455 285
1456 607
1457 455
1458 909
1459 852
1460 348
1461 312
1462 307
1463 392
1464 438
1465 305
1466 231
1467 275
1468 288
1469 323
1470 691
1471 890
1472 436
1473 250
1474 244
1475 288
1476 413
1477 325
1478 224
1479 282
1480 382
1481 846
1482 446
1483 841
1484 335
1485 708
1486 314
1487 794
1488 514
1489 747
1490 298
1491 296
1492 244
1493 660
1494 328
1495 315
1496 387
1497 256
1498 258
1499 747
1500 694
1501 336
1502 248
1503 255
1504 450
1505 325
1506 267
1507 262
1508 335
1509 254
1510 252
1511 838
1512 1081
1513 408
1514 226
1515 289
1516 249
1517 425
1518 383
1519 432
1520 603
1521 950
1522 272
1523 752
1524 332
1525 356
1526 269
1527 200
1528 293
1529 268
1530 461
1531 738
1532 282
1533 336
1534 246
1535 364
1536 1482
1537 381
1538 283
1539 471
1540 853
1541 445
1542 253
1543 627
1544 264
1545 290
1546 256
1547 418
1548 348
1549 719
1550 296
1551 370
1552 350
1553 656
1554 380
1555 325
1556 265
1557 280
1558 249
1559 686
1560 977
1561 433
1562 294
1563 316
1564 287
1565 225
1566 303
1567 634
1568 689
1569 246
1570 250
1571 617
1572 251
1573 364
1574 247
1575 754
1576 368
1577 267
1578 242
1579 657
1580 266
1581 301
1582 220
1583 602
1584 757
1585 316
1586 305
1587 265
1588 237
1589 280
1590 377
1591 299
1592 312
1593 287
1594 217
1595 357
1596 667
1597 1277
1598 286
1599 338
1600 1232
1601 977
1602 310
1603 243
1604 226
1605 268
1606 268
1607 660
1608 336
1609 666
1610 336
1611 277
1612 255
1613 627
1614 236
1615 275
1616 320
1617 379
1618 247
1619 804
1620 758
1621 782
1622 197
1623 214
1624 425
1625 443
1626 266
1627 635
1628 220
1629 276
1630 206
1631 263
1632 588
1633 292
1634 290
1635 210
1636 256
1637 669
1638 613
1639 319
1640 510
1641 332
1642 222
1643 216
1644 290
1645 304
1646 206
1647 243
1648 255
1649 334
1650 539
1651 343
1652 317
1653 362
1654 218
1655 202
1656 430
1657 739
1658 187
1659 213
1660 263
1661 344
1662 211
1663 594
1664 497
1665 371
1666 318
1667 636
1668 266
1669 651
1670 211
1671 176
1672 333
1673 280
1674 297
1675 243
1676 227
1677 291
1678 184
1679 291
1680 1975
1681 1281
1682 508
1683 368
1684 247
1685 257
1686 261
1687 263
1688 239
1689 210
1690 283
1691 265
1692 373
1693 660
1694 231
1695 281
1696 356
1697 625
1698 189
1699 557
1700 426
1701 509
1702 257
1703 228
1704 311
1705 347
1706 227
1707 225
1708 314
1709 605
1710 441
1711 424
1712 272
1713 225
1714 213
1715 403
1716 961
1717 336
1718 215
1719 268
1720 321
1721 666
1722 503
1723 734
1724 234
1725 245
1726 202
1727 269
1728 1697
1729 869
1730 254
1731 215
1732 237
1733 620
1734 309
1735 186
1736 382
1737 266
1738 206
1739 242
1740 446
1741 745
1742 198
1743 236
1744 295
1745 189
1746 219
1747 590
1748 236
1749 239
1750 402
1751 306
1752 307
1753 670
1754 223
1755 370
1756 232
1757 244
1758 221
1759 566
1760 413
1761 252
1762 199
1763 402
1764 1370
1765 321
1766 238
1767 275
1768 331
1769 271
1770 469
1771 496
1772 233
1773 226
1774 225
1775 229
1776 348
1777 694
1778 206
1779 181
1780 263
1781 219
1782 428
1783 567
1784 256
1785 544
1786 250
1787 608
1788 229
1789 565
1790 216
1791 301
1792 870
1793 274
1794 285
1795 206
1796 205
1797 188
1798 236
1799 336
1800 1277
1801 775
1802 207
1803 185
1804 262
1805 258
1806 696
1807 315
1808 302
1809 252
1810 281
1811 727
1812 260
1813 263
1814 200
1815 333
1816 272
1817 211
1818 250
1819 284
1820 642
1821 232
1822 229
1823 546
1824 423
1825 276
1826 237
1827 251
1828 274
1829 248
1830 399
1831 644
1832 230
1833 207
1834 205
1835 166
1836 429
1837 269
1838 164
1839 166
1840 260
1841 217
1842 212
1843 200
1844 214
1845 282
1846 174
1847 638
1848 699
1849 1023
1850 305
1851 213
1852 206
1853 240
1854 339
1855 267
1856 358
1857 171
1858 210
1859 283
1860 408
1861 705
1862 234
1863 240
1864 275
1865 191
1866 226
1867 529
1868 180
1869 242
1870 358
1871 634
1872 610
1873 630
1874 212
1875 484
1876 253
1877 576
1878 192
1879 508
1880 266
1881 381
1882 189
1883 153
1884 252
1885 320
1886 197
1887 235
1888 326
1889 656
1890 722
1891 539
1892 410
1893 248
1894 208
1895 184
1896 267
1897 275
1898 210
1899 193
1900 320
1901 585
1902 187
1903 207
1904 294
1905 296
1906 174
1907 508
1908 271
1909 219
1910 215
1911 340
1912 274
1913 569
1914 258
1915 214
1916 192
1917 195
1918 264
1919 320
1920 1052
1921 345
1922 294
1923 187
1924 260
1925 385
1926 257
1927 229
1928 219
1929 166
1930 205
1931 622
1932 331
1933 612
1934 190
1935 316
1936 785
1937 279
1938 307
1939 197
1940 233
1941 198
1942 164
1943 259
1944 767
1945 239
1946 215
1947 202
1948 179
1949 521
1950 351
1951 607
1952 342
1953 358
1954 173
1955 166
1956 244
1957 236
1958 225
1959 186
1960 463
1961 291
1962 213
1963 200
1964 162
1965 166
1966 181
1967 174
1968 308
1969 201
1970 274
1971 215
1972 198
1973 524
1974 333
1975 215
1976 257
1977 185
1978 186
1979 522
1980 743
1981 317
1982 188
1983 191
1984 424
1985 244
1986 193
1987 505
1988 257
1989 279
1990 178
1991 312
1992 262
1993 513
1994 170
1995 364
1996 203
1997 526
1998 284
1999 685
2000 876
2001 387
2002 829
2003 567
2004 220
2005 199
2006 193
2007 200
2008 240
2009 225
2010 337
2011 587
2012 215
2013 194
2014 174
2015 321
2016 1307
2017 585
2018 166
2019 173
2020 312
2021 365
2022 235
2023 274
2024 471
2025 958
2026 235
2027 607
2028 341
2029 549
2030 270
2031 233
2032 303
2033 194
2034 216
2035 256
2036 257
2037 243
2038 172
2039 564
2040 577
2041 268
2042 203
2043 201
2044 294
2045 285
2046 426
2047 1025
2048 2922
2049 530
2050 366
2051 250
2052 420
2053 597
2054 196
2055 221
2056 295
2057 279
2058 378
2059 381
2060 210
2061 189
2062 187
2063 507
2064 335
2065 226
2066 195
2067 189
2068 206
2069 528
2070 395
2071 274
2072 284
2073 207
2074 140
2075 157
2076 174
2077 178
2078 151
2079 380
2080 748
2081 587
2082 187
2083 504
2084 220
2085 161
2086 172
2087 450
2088 384
2089 589
2090 272
2091 238
2092 176
2093 231
2094 158
2095 148
2096 228
2097 176
2098 152
2099 474
2100 815
2101 388
2102 182
2103 160
2104 201
2105 186
2106 292
2107 242
2108 226
2109 249
2110 243
2111 794
2112 722
2113 652
2114 194
2115 247
2116 736
2117 238
2118 156
2119 240
2120 288
2121 275
2122 230
2123 194
2124 230
2125 245
2126 191
2127 153
2128 300
2129 555
2130 271
2131 577
2132 202
2133 214
2134 179
2135 169
2136 295
2137 523
2138 136
2139 150
2140 158
2141 497
2142 304
2143 530
2144 303
2145 584
2146 202
2147 170
2148 163
2149 166
2150 198
2151 163
2152 186
2153 396
2154 167
2155 143
2156 230
2157 164
2158 142
2159 224
2160 1105
2161 681
2162 330
2163 225
2164 197
2165 150
2166 229
2167 177
2168 178
2169 188
2170 233
2171 166
2172 201
2173 176
2174 155
2175 187
2176 461
2177 219
2178 386
2179 569
2180 218
2181 159
2182 172
2183 151
2184 626
2185 252
2186 310
2187 1424
2188 353
2189 206
2190 295
2191 212
2192 236
2193 209
2194 159
2195 147
2196 310
2197 756
2198 223
2199 155
2200 434
2201 230
2202 181
2203 514
2204 208
2205 490
2206 194
2207 624
2208 466
2209 888
2210 461
2211 455
2212 251
2213 515
2214 239
2215 161
2216 177
2217 159
2218 149
2219 179
2220 331
2221 699
2222 434
2223 317
2224 222
2225 248
2226 232
2227 182
2228 168
2229 143
2230 138
2231 172
2232 337
2233 245
2234 133
2235 150
2236 190
2237 442
2238 140
2239 431
2240 610
2241 266
2242 169
2243 424
2244 289
2245 228
2246 141
2247 150
2248 201
2249 161
2250 432
2251 494
2252 137
2253 141
2254 212
2255 290
2256 360
2257 244
2258 166
2259 135
2260 188
2261 218
2262 221
2263 161
2264 148
2265 157
2266 147
2267 451
2268 458
2269 457
2270 152
2271 148
2272 231
2273 414
2274 146
2275 340
2276 189
2277 215
2278 227
2279 217
2280 377
2281 514
2282 155
2283 144
2284 131
2285 190
2286 171
2287 419
2288 302
2289 204
2290 166
2291 138
2292 179
2293 424
2294 159
2295 341
2296 235
2297 424
2298 138
2299 207
2300 321
2301 207
2302 197
2303 262
2304 1750
2305 280
2306 175
2307 173
2308 212
2309 537
2310 1353
2311 686
2312 436
2313 265
2314 152
2315 199
2316 223
2317 175
2318 175
2319 143
2320 299
2321 231
2322 223
2323 184
2324 196
2325 208
2326 135
2327 152
2328 234
2329 208
2330 157
2331 253
2332 216
2333 493
2334 125
2335 146
2336 196
2337 158
2338 139
2339 504
2340 519
2341 538
2342 137
2343 167
2344 250
2345 208
2346 290
2347 436
2348 174
2349 210
2350 177
2351 497
2352 640
2353 253
2354 161
2355 158
2356 201
2357 454
2358 165
2359 202
2360 180
2361 172
2362 155
2363 110
2364 171
2365 190
2366 324
2367 170
2368 273
2369 174
2370 197
2371 383
2372 156
2373 146
2374 133
2375 164
2376 413
2377 469
2378 253
2379 208
2380 439
2381 501
2382 132
2383 367
2384 164
2385 196
2386 132
2387 145
2388 167
2389 414
2390 116
2391 134
2392 191
2393 459
2394 291
2395 151
2396 113
2397 165
2398 131
2399 445
2400 805
2401 1385
2402 290
2403 165
2404 175
2405 204
2406 142
2407 145
2408 220
2409 189
2410 165
2411 416
2412 166
2413 209
2414 128
2415 312
2416 198
2417 446
2418 189
2419 164
2420 259
2421 174
2422 142
2423 355
2424 184
2425 188
2426 140
2427 130
2428 141
2429 143
2430 394
2431 381
2432 292
2433 141
2434 127
2435 128
2436 291
2437 406
2438 161
2439 166
2440 258
2441 373
2442 220
2443 134
2444 199
2445 142
2446 130
2447 340
2448 377
2449 201
2450 438
2451 245
2452 153
2453 118
2454 141
2455 110
2456 188
2457 332
2458 164
2459 360
2460 256
2461 177
2462 134
2463 122
2464 352
2465 473
2466 161
2467 365
2468 163
2469 150
2470 243
2471 154
2472 198
2473 376
2474 157
2475 297
2476 143
2477 408
2478 153
2479 150
2480 244
2481 122
2482 164
2483 126
2484 248
2485 287
2486 191
2487 119
2488 156
2489 141
2490 172
2491 219
2492 168
2493 139
2494 155
2495 121
2496 323
2497 151
2498 140
2499 235
2500 901
2501 304
2502 168
2503 398
2504 177
2505 160
2506 126
2507 146
2508 248
2509 186
2510 212
2511 274
2512 201
2513 167
2514 129
2515 118
2516 142
2517 147
2518 123
2519 196
2520 2293
2521 684
2522 164
2523 186
2524 180
2525 237
2526 181
2527 165
2528 213
2529 189
2530 239
2531 362
2532 170
2533 129
2534 137
2535 186
2536 134
2537 164
2538 156
2539 380
2540 176
2541 210
2542 116
2543 346
2544 171
2545 125
2546 111
2547 148
2548 263
2549 440
2550 339
2551 496
2552 226
2553 154
2554 140
2555 189
2556 358
2557 442
2558 156
2559 161
2560 677
2561 233
2562 236
2563 148
2564 139
2565 235
2566 127
2567 113
2568 165
2569 128
2570 178
2571 127
2572 117
2573 145
2574 310
2575 175
2576 261
2577 124
2578 111
2579 351
2580 218
2581 173
2582 132
2583 235
2584 626
2585 211
2586 146
2587 134
2588 134
2589 121
2590 192
2591 467
2592 858
2593 522
2594 148
2595 119
2596 157
2597 171
2598 119
2599 153
2600 402
2601 640
2602 161
2603 139
2604 271
2605 178
2606 123
2607 129
2608 151
2609 391
2610 211
2611 189
2612 170
2613 174
2614 113
2615 131
2616 168
2617 382
2618 189
2619 173
2620 226
2621 360
2622 159
2623 145
2624 261
2625 354
2626 182
2627 148
2628 282
2629 134
2630 129
2631 116
2632 185
2633 336
2634 122
2635 151
2636 138
2637 137
2638 118
2639 179
2640 611
2641 164
2642 178
2643 113
2644 138
2645 178
2646 357
2647 354
2648 143
2649 122
2650 157
2651 162
2652 255
2653 181
2654 90
2655 122
2656 169
2657 367
2658 108
2659 303
2660 247
2661 141
2662 231
2663 317
2664 231
2665 260
2666 158
2667 238
2668 167
2669 118
2670 156
2671 335
2672 157
2673 274
2674 146
2675 112
2676 137
2677 332
2678 133
2679 111
2680 166
2681 125
2682 125
2683 317
2684 147
2685 161
2686 119
2687 350
2688 669
2689 398
2690 107
2691 132
2692 130
2693 314
2694 116
2695 223
2696 167
2697 125
2698 114
2699 385
2700 549
2701 452
2702 179
2703 193
2704 573
2705 181
2706 183
2707 347
2708 128
2709 212
2710 134
2711 320
2712 162
2713 326
2714 140
2715 150
2716 177
2717 184
2718 122
2719 317
2720 242
2721 130
2722 112
2723 103
2724 181
2725 154
2726 104
2727 147
2728 215
2729 426
2730 863
2731 607
2732 154
2733 125
2734 112
2735 143
2736 316
2737 234
2738 206
2739 118
2740 143
2741 338
2742 98
2743 151
2744 698
2745 215
2746 111
2747 118
2748 103
2749 334
2750 173
2751 200
2752 269
2753 362
2754 199
2755 165
2756 204
2757 144
2758 110
2759 136
2760 262
2761 203
2762 115
2763 177
2764 141
2765 152
2766 133
2767 293
2768 129
2769 128
2770 155
2771 126
2772 610
2773 193
2774 115
2775 185
2776 159
2777 363
2778 127
2779 105
2780 157
2781 119
2782 109
2783 147
2784 220
2785 142
2786 158
2787 142
2788 143
2789 377
2790 180
2791 354
2792 129
2793 200
2794 137
2795 180
2796 166
2797 328
2798 96
2799 123
2800 431
2801 455
2802 140
2803 302
2804 107
2805 232
2806 137
2807 112
2808 339
2809 687
2810 166
2811 113
2812 183
2813 153
2814 171
2815 170
2816 501
2817 159
2818 111
2819 348
2820 198
2821 396
2822 107
2823 96
2824 127
2825 138
2826 109
2827 118
2828 129
2829 171
2830 117
2831 109
2832 138
2833 331
2834 115
2835 400
2836 119
2837 302
2838 136
2839 96
2840 156
2841 121
2842 116
2843 267
2844 158
2845 79
2846 93
2847 106
2848 153
2849 165
2850 275
2851 327
2852 131
2853 110
2854 96
2855 90
2856 292
2857 367
2858 85
2859 114
2860 300
2861 353
2862 190
2863 157
2864 162
2865 114
2866 110
2867 135
2868 141
2869 134
2870 187
2871 188
2872 158
2873 173
2874 129
2875 119
2876 113
2877 95
2878 127
2879 434
2880 1045
2881 160
2882 179
2883 123
2884 171
2885 132
2886 129
2887 315
2888 268
2889 176
2890 169
2891 108
2892 155
2893 94
2894 105
2895 100
2896 144
2897 332
2898 163
2899 146
2900 227
2901 128
2902 135
2903 296
2904 226
2905 117
2906 122
2907 220
2908 113
2909 315
2910 153
2911 220
2912 264
2913 131
2914 117
2915 202
2916 914
2917 476
2918 105
2919 132
2920 182
2921 132
2922 131
2923 106
2924 159
2925 322
2926 267
2927 342
2928 169
2929 144
2930 130
2931 95
2932 96
2933 95
2934 135
2935 93
2936 131
2937 111
2938 103
2939 328
2940 452
2941 120
2942 111
2943 185
2944 247
2945 156
2946 81
2947 81
2948 127
2949 104
2950 111
2951 134
2952 239
2953 330
2954 108
2955 130
2956 134
2957 286
2958 118
2959 88
2960 183
2961 188
2962 97
2963 265
2964 166
2965 115
2966 114
2967 125
2968 157
2969 369
2970 395
2971 410
2972 115
2973 124
2974 133
2975 167
2976 253
2977 144
2978 108
2979 96
2980 131
2981 137
2982 154
2983 113
2984 105
2985 118
2986 101
2987 101
2988 154
2989 132
2990 147
2991 100
2992 292
2993 151
2994 90
2995 90
2996 148
2997 177
2998 117
2999 447
3000 606
3001 470
3002 140
3003 881
3004 159
3005 125
3006 125
3007 147
3008 195
3009 131
3010 234
3011 353
3012 122
3013 147
3014 119
3015 166
3016 172
3017 114
3018 116
3019 278
3020 128
3021 146
3022 84
3023 365
3024 684
3025 747
3026 165
3027 116
3028 95
3029 124
3030 190
3031 122
3032 134
3033 107
3034 126
3035 92
3036 188
3037 323
3038 119
3039 120
3040 199
3041 330
3042 197
3043 88
3044 114
3045 206
3046 95
3047 91
3048 142
3049 276
3050 126
3051 114
3052 106
3053 114
3054 110
3055 137
3056 145
3057 89
3058 95
3059 151
3060 396
3061 352
3062 99
3063 94
3064 118
3065 74
3066 133
3067 314
3068 110
3069 154
3070 139
3071 192
3072 997
3073 182
3074 162
3075 160
3076 162
3077 143
3078 156
3079 342
3080 319
3081 235
3082 94
3083 248
3084 166
3085 86
3086 86
3087 314
3088 171
3089 341
3090 151
3091 121
3092 99
3093 110
3094 171
3095 86
3096 224
3097 147
3098 101
3099 89
3100 211
3101 152
3102 151
3103 123
3104 170
3105 151
3106 119
3107 111
3108 224
3109 328
3110 132
3111 150
3112 132
3113 178
3114 124
3115 103
3116 103
3117 104
3118 93
3119 364
3120 470
3121 482
3122 128
3123 137
3124 221
3125 1222
3126 262
3127 170
3128 170
3129 125
3130 147
3131 139
3132 178
3133 160
3134 88
3135 312
3136 768
3137 477
3138 92
3139 161
3140 111
3141 120
3142 107
3143 99
3144 146
3145 187
3146 124
3147 95
3148 95
3149 114
3150 521
3151 191
3152 122
3153 81
3154 109
3155 93
3156 104
3157 166
3158 99
3159 191
3160 220
3161 128
3162 138
3163 320
3164 145
3165 95
3166 86
3167 309
3168 299
3169 336
3170 101
3171 155
3172 142
3173 108
3174 126
3175 112
3176 125
3177 97
3178 95
3179 110
3180 156
3181 332
3182 100
3183 80
3184 151
3185 251
3186 187
3187 225
3188 97
3189 103
3190 157
3191 302
3192 272
3193 154
3194 155
3195 124
3196 130
3197 120
3198 106
3199 153
3200 434
3201 199
3202 117
3203 266
3204 150
3205 91
3206 103
3207 76
3208 80
3209 231
3210 158
3211 166
3212 119
3213 146
3214 103
3215 64
3216 148
3217 300
3218 94
3219 106
3220 164
3221 335
3222 102
3223 153
3224 131
3225 117
3226 86
3227 85
3228 93
3229 265
3230 146
3231 101
3232 136
3233 151
3234 184
3235 108
3236 89
3237 107
3238 78
3239 90
3240 582
3241 139
3242 100
3243 102
3244 115
3245 126
3246 115
3247 86
3248 193
3249 565
3250 235
3251 389
3252 108
3253 309
3254 97
3255 213
3256 163
3257 316
3258 112
3259 286
3260 93
3261 95
3262 92
3263 110
3264 282
3265 131
3266 92
3267 231
3268 117
3269 90
3270 157
3271 305
3272 104
3273 104
3274 90
3275 109
3276 477
3277 302
3278 92
3279 127
3280 313
3281 372
3282 116
3283 120
3284 108
3285 127
3286 84
3287 85
3288 120
3289 166
3290 164
3291 86
3292 117
3293 101
3294 111
3295 82
3296 106
3297 86
3298 85
3299 363
3300 314
3301 357
3302 101
3303 122
3304 133
3305 108
3306 106
3307 308
3308 76
3309 109
3310 108
3311 192
3312 263
3313 388
3314 82
3315 214
3316 88
3317 88
3318 117
3319 311
3320 128
3321 257
3322 127
3323 329
3324 121
3325 144
3326 101
3327 116
3328 294
3329 377
3330 176
3331 403
3332 164
3333 329
3334 150
3335 134
3336 170
3337 136
3338 87
3339 140
3340 107
3341 119
3342 66
3343 296
3344 175
3345 112
3346 99
3347 236
3348 130
3349 110
3350 60
3351 73
3352 86
3353 95
3354 112
3355 132
3356 92
3357 107
3358 87
3359 322
3360 947
3361 434
3362 202
3363 211
3364 398
3365 118
3366 214
3367 287
3368 147
3369 105
3370 107
3371 275
3372 101
3373 342
3374 93
3375 653
3376 138
3377 96
3378 115
3379 103
3380 148
3381 127
3382 122
3383 130
3384 182
3385 116
3386 67
3387 88
3388 143
3389 322
3390 164
3391 321
3392 166
3393 134
3394 100
3395 94
3396 113
3397 85
3398 71
3399 117
3400 181
3401 136
3402 220
3403 202
3404 106
3405 89
3406 95
3407 247
3408 142
3409 103
3410 173
3411 104
3412 117
3413 325
3414 93
3415 79
3416 128
3417 106
3418 89
3419 82
3420 263
3421 170
3422 163
3423 101
3424 136
3425 141
3426 82
3427 94
3428 86
3429 115
3430 183
3431 143
3432 634
3433 404
3434 135
3435 118
3436 91
3437 103
3438 82
3439 136
3440 140
3441 128
3442 99
3443 119
3444 202
3445 180
3446 100
3447 121
3448 90
3449 307
3450 146
3451 123
3452 95
3453 96
3454 79
3455 110
3456 746
3457 347
3458 145
3459 123
3460 104
3461 266
3462 101
3463 262
3464 121
3465 467
3466 106
3467 262
3468 140
3469 255
3470 99
3471 105
3472 198
3473 137
3474 102
3475 74
3476 102
3477 117
3478 95
3479 134
3480 326
3481 549
3482 131
3483 101
3484 92
3485 138
3486 178
3487 102
3488 86
3489 102
3490 70
3491 232
3492 123
3493 97
3494 70
3495 86
3496 130
3497 89
3498 107
3499 263
3500 178
3501 95
3502 91
3503 111
3504 154
3505 99
3506 91
3507 103
3508 87
3509 87
3510 233
3511 349
3512 104
3513 60
3514 99
3515 122
3516 102
3517 223
3518 75
3519 102
3520 222
3521 84
3522 105
3523 91
3524 83
3525 109
3526 117
3527 322
3528 431
3529 317
3530 77
3531 73
3532 90
3533 270
3534 120
3535 107
3536 180
3537 94
3538 82
3539 341
3540 203
3541 329
3542 128
3543 81
3544 122
3545 70
3546 75
3547 204
3548 94
3549 141
3550 111
3551 94
3552 166
3553 193
3554 74
3555 91
3556 99
3557 239
3558 67
3559 206
3560 105
3561 93
3562 87
3563 83
3564 205
3565 130
3566 104
3567 113
3568 124
3569 86
3570 436
3571 485
3572 153
3573 111
3574 75
3575 130
3576 104
3577 154
3578 65
3579 81
3580 99
3581 267
3582 125
3583 333
3584 470
3585 119
3586 96
3587 77
3588 133
3589 105
3590 74
3591 182
3592 124
3593 300
3594 86
3595 73
3596 95
3597 90
3598 94
3599 202
3600 1200
3601 161
3602 91
3603 87
3604 101
3605 130
3606 107
3607 224
3608 102
3609 90
3610 149
3611 111
3612 207
3613 320
3614 80
3615 82
3616 155
3617 336
3618 87
3619 101
3620 113
3621 85
3622 78
3623 217
3624 119
3625 134
3626 118
3627 114
3628 77
3629 73
3630 170
3631 252
3632 88
3633 77
3634 75
3635 81
3636 144
3637 251
3638 97
3639 78
3640 374
3641 193
3642 90
3643 251
3644 109
3645 316
3646 87
3647 92
3648 215
3649 152
3650 96
3651 69
3652 104
3653 135
3654 155
3655 208
3656 92
3657 88
3658 79
3659 253
3660 204
3661 108
3662 48
3663 126
3664 102
3665 62
3666 100
3667 79
3668 100
3669 92
3670 68
3671 237
3672 202
3673 248
3674 102
3675 198
3676 90
3677 223
3678 82
3679 78
3680 145
3681 129
3682 103
3683 99
3684 103
3685 80
3686 71
3687 75
3688 102
3689 108
3690 132
3691 273
3692 102
3693 59
3694 72
3695 61
3696 330
3697 286
3698 160
3699 114
3700 135
3701 230
3702 69
3703 99
3704 81
3705 165
3706 83
3707 65
3708 127
3709 205
3710 121
3711 107
3712 193
3713 119
3714 63
3715 76
3716 106
3717 92
3718 138
3719 297
3720 246
3721 535
3722 95
3723 108
3724 129
3725 122
3726 87
3727 228
3728 96
3729 97
3730 87
3731 107
3732 92
3733 300
3734 62
3735 80
3736 109
3737 110
3738 106
3739 254
3740 167
3741 156
3742 66
3743 64
3744 266
3745 116
3746 101
3747 72
3748 69
3749 88
3750 340
3751 185
3752 133
3753 109
3754 91
3755 83
3756 102
3757 114
3758 50
3759 97
3760 138
3761 262
3762 116
3763 86
3764 70
3765 90
3766 58
3767 211
3768 90
3769 202
3770 138
3771 101
3772 90
3773 164
3774 120
3775 111
3776 127
3777 79
3778 65
3779 258
3780 608
3781 138
3782 100
3783 98
3784 119
3785 97
3786 81
3787 76
3788 102
3789 99
3790 58
3791 67
3792 129
3793 219
3794 70
3795 176
3796 132
3797 244
3798 74
3799 80
3800 132
3801 102
3802 60
3803 233
3804 81
3805 95
3806 63
3807 109
3808 137
3809 104
3810 106
3811 79
3812 55
3813 95
3814 65
3815 62
3816 137
3817 79
3818 88
3819 79
3820 94
3821 240
3822 152
3823 290
3824 139
3825 167
3826 79
3827 133
3828 190
3829 79
3830 72
3831 80
3832 86
3833 292
3834 85
3835 90
3836 104
3837 57
3838 92
3839 96
3840 693
3841 111
3842 72
3843 151
3844 314
3845 117
3846 89
3847 215
3848 117
3849 81
3850 163
3851 263
3852 119
3853 229
3854 73
3855 177
3856 89
3857 87
3858 88
3859 78
3860 91
3861 149
3862 64
3863 235
3864 174
3865 74
3866 68
3867 71
3868 67
3869 70
3870 104
3871 109
3872 245
3873 92
3874 74
3875 102
3876 312
3877 203
3878 53
3879 76
3880 115
3881 199
3882 84
3883 94
3884 70
3885 135
3886 83
3887 123
3888 518
3889 294
3890 81
3891 93
3892 85
3893 82
3894 109
3895 83
3896 95
3897 70
3898 52
3899 57
3900 183
3901 91
3902 68
3903 61
3904 187
3905 103
3906 226
3907 240
3908 67
3909 71
3910 91
3911 215
3912 120
3913 136
3914 76
3915 134
3916 186
3917 252
3918 64
3919 224
3920 219
3921 94
3922 64
3923 191
3924 118
3925 123
3926 87
3927 175
3928 94
3929 211
3930 109
3931 241
3932 78
3933 93
3934 69
3935 69
3936 166
3937 142
3938 83
3939 91
3940 108
3941 71
3942 97
3943 215
3944 95
3945 63
3946 68
3947 202
3948 129
3949 71
3950 59
3951 100
3952 130
3953 96
3954 64
3955 76
3956 107
3957 68
3958 68
3959 77
3960 449
3961 140
3962 71
3963 82
3964 87
3965 118
3966 89
3967 274
3968 268
3969 547
3970 106
3971 113
3972 84
3973 93
3974 72
3975 60
3976 137
3977 96
3978 137
3979 64
3980 102
3981 67
3982 80
3983 76
3984 132
3985 77
3986 70
3987 75
3988 73
3989 208
3990 214
3991 110
3992 78
3993 153
3994 77
3995 64
3996 152
3997 93
3998 61
3999 130
4000 452
4001 383
4002 97
4003 237
4004 344
4005 233
4006 103
4007 251
4008 129
4009 84
4010 100
4011 92
4012 97
4013 245
4014 59
4015 104
4016 110
4017 95
4018 77
4019 220
4020 179
4021 222
4022 61
4023 131
4024 70
4025 95
4026 116
4027 219
4028 69
4029 67
4030 193
4031 123
4032 676
4033 256
4034 82
4035 90
4036 68
4037 63
4038 68
4039 101
4040 137
4041 107
4042 67
4043 73
4044 80
4045 86
4046 104
4047 102
4048 153
4049 302
4050 259
4051 335
4052 88
4053 84
4054 67
4055 77
4056 164
4057 243
4058 82
4059 126
4060 206
4061 94
4062 79
4063 99
4064 181
4065 84
4066 70
4067 62
4068 104
4069 98
4070 127
4071 94
4072 105
4073 216
4074 102
4075 65
4076 69
4077 75
4078 67
4079 239
4080 377
4081 135
4082 96
4083 127
4084 97
4085 79
4086 83
4087 122
4088 133
4089 113
4090 84
4091 306
4092 213
4093 327
4094 217
4095 1096
4096 3329
4097 607
4098 161
4099 321
4100 205
4101 125
4102 119
4103 103
4104 247
4105 125
4106 83
4107 103
4108 90
4109 98
4110 122
4111 370
4112 206
4113 109
4114 126
4115 107
4116 237
4117 92
4118 83
4119 73
4120 107
4121 104
4122 79
4123 151
4124 96
4125 133
4126 68
4127 226
4128 163
4129 265
4130 82
4131 137
4132 114
4133 242
4134 81
4135 81
4136 86
4137 79
4138 67
4139 230
4140 491
4141 152
4142 83
4143 87
4144 152
4145 82
4146 80
4147 100
4148 102
4149 94
4150 82
4151 63
4152 84
4153 230
4154 62
4155 91
4156 94
4157 222
4158 177
4159 316
4160 315
4161 190
4162 84
4163 91
4164 80
4165 102
4166 73
4167 81
4168 94
4169 70
4170 99
4171 80
4172 96
4173 61
4174 77
4175 80
4176 163
4177 299
4178 73
4179 105
4180 205
4181 505
4182 147
4183 99
4184 127
4185 114
4186 152
4187 147
4188 90
4189 84
4190 65
4191 73
4192 100
4193 91
4194 68
4195 62
4196 62
4197 58
4198 59
4199 190
4200 520
4201 328
4202 79
4203 74
4204 76
4205 92
4206 85
4207 84
4208 68
4209 84
4210 90
4211 257
4212 196
4213 121
4214 95
4215 88
4216 88
4217 268
4218 102
4219 202
4220 73
4221 124
4222 68
4223 81
4224 360
4225 497
4226 86
4227 98
4228 91
4229 257
4230 110
4231 242
4232 171
4233 101
4234 69
4235 126
4236 97
4237 88
4238 66
4239 66
4240 124
4241 286
4242 114
4243 216
4244 71
4245 75
4246 105
4247 78
4248 114
4249 67
4250 98
4251 93
4252 52
4253 208
4254 57
4255 86
4256 147
4257 101
4258 86
4259 212
4260 104
4261 205
4262 68
4263 97
4264 102
4265 60
4266 63
4267 71
4268 62
4269 70
4270 82
4271 195
4272 142
4273 200
4274 61
4275 105
4276 60
4277 90
4278 93
4279 92
4280 83
4281 65
4282 64
4283 174
4284 215
4285 77
4286 61
4287 68
4288 139
4289 242
4290 352
4291 91
4292 73
4293 128
4294 69
4295 39
4296 75
4297 208
4298 68
4299 48
4300 102
4301 110
4302 65
4303 48
4304 101
4305 126
4306 63
4307 61
4308 66
4309 73
4310 61
4311 61
4312 160
4313 78
4314 85
4315 65
4316 61
4317 48
4318 69
4319 83
4320 852
4321 168
4322 81
4323 81
4324 138
4325 77
4326 101
4327 194
4328 74
4329 81
4330 58
4331 95
4332 108
4333 72
4334 102
4335 88
4336 98
4337 205
4338 84
4339 208
4340 101
4341 73
4342 65
4343 72
4344 114
4345 77
4346 58
4347 89
4348 87
4349 223
4350 95
4351 93
4352 327
4353 106
4354 73
4355 97
4356 490
4357 303
4358 56
4359 76
4360 86
4361 70
4362 76
4363 172
4364 77
4365 71
4366 73
4367 87
4368 383
4369 325
4370 114
4371 203
4372 115
4373 311
4374 438
4375 240
4376 138
4377 82
4378 58
4379 70
4380 111
4381 91
4382 68
4383 66
4384 90
4385 52
4386 76
4387 74
4388 75
4389 153
4390 86
4391 163
4392 114
4393 85
4394 121
4395 64
4396 68
4397 212
4398 74
4399 53
4400 197
4401 112
4402 68
4403 90
4404 98
4405 66
4406 64
4407 68
4408 76
4409 241
4410 343
4411 123
4412 76
4413 49
4414 88
4415 73
4416 189
4417 98
4418 128
4419 56
4420 184
4421 255
4422 152
4423 251
4424 105
4425 78
4426 45
4427 71
4428 106
4429 88
4430 47
4431 74
4432 97
4433 128
4434 84
4435 63
4436 60
4437 90
4438 86
4439 88
4440 148
4441 317
4442 73
4443 70
4444 236
4445 85
4446 117
4447 311
4448 104
4449 85
4450 76
4451 175
4452 87
4453 69
4454 76
4455 175
4456 92
4457 188
4458 53
4459 110
4460 73
4461 48
4462 64
4463 185
4464 168
4465 124
4466 100
4467 48
4468 69
4469 71
4470 80
4471 76
4472 93
4473 69
4474 64
4475 60
4476 87
4477 77
4478 56
4479 61
4480 308
4481 290
4482 78
4483 185
4484 77
4485 110
4486 49
4487 62
4488 192
4489 421
4490 67
4491 69
4492 73
4493 191
4494 108
4495 136
4496 48
4497 60
4498 71
4499 77
4500 323
4501 92
4502 58
4503 64
4504 68
4505 88
4506 56
4507 184
4508 101
4509 66
4510 129
4511 83
4512 116
4513 235
4514 62
4515 102
4516 78
4517 173
4518 53
4519 169
4520 80
4521 82
4522 100
4523 191
4524 83
4525 75
4526 62
4527 47
4528 59
4529 80
4530 74
4531 59
4532 44
4533 45
4534 56
4535 64
4536 297
4537 82
4538 47
4539 50
4540 63
4541 54
4542 63
4543 86
4544 158
4545 97
4546 57
4547 188
4548 55
4549 206
4550 138
4551 67
4552 77
4553 67
4554 133
4555 64
4556 111
4557 111
4558 68
4559 53
4560 252
4561 253
4562 50
4563 158
4564 102
4565 121
4566 81
4567 217
4568 72
4569 63
4570 65
4571 53
4572 102
4573 43
4574 40
4575 68
4576 112
4577 79
4578 107
4579 71
4580 84
4581 63
4582 56
4583 196
4584 97
4585 64
4586 49
4587 79
4588 61
4589 39
4590 119
4591 205
4592 113
4593 71
4594 54
4595 43
4596 63
4597 175
4598 59
4599 114
4600 133
4601 74
4602 66
4603 202
4604 78
4605 56
4606 88
4607 128
4608 790
4609 107
4610 77
4611 54
4612 81
4613 52
4614 66
4615 79
4616 118
4617 130
4618 64
4619 75
4620 681
4621 268
4622 58
4623 91
4624 438
4625 129
4626 105
4627 61
4628 66
4629 60
4630 59
4631 65
4632 71
4633 90
4634 54
4635 79
4636 62
4637 206
4638 46
4639 169
4640 94
4641 206
4642 78
4643 180
4644 106
4645 72
4646 70
4647 74
4648 73
4649 234
4650 125
4651 209
4652 58
4653 71
4654 78
4655 105
4656 170
4657 228
4658 73
4659 54
4660 72
4661 78
4662 92
4663 205
4664 105
4665 72
4666 67
4667 57
4668 63
4669 69
4670 43
4671 80
4672 146
4673 179
4674 80
4675 83
4676 95
4677 57
4678 41
4679 177
4680 317
4681 231
4682 75
4683 145
4684 57
4685 62
4686 92
4687 53
4688 84
4689 78
4690 95
4691 184
4692 80
4693 91
4694 49
4695 35
4696 73
4697 64
4698 74
4699 75
4700 78
4701 65
4702 51
4703 178
4704 261
4705 94
4706 79
4707 55
4708 65
4709 46
4710 58
4711 69
4712 79
4713 61
4714 60
4715 63
4716 77
4717 53
4718 63
4719 160
4720 93
4721 195
4722 63
4723 154
4724 66
4725 250
4726 53
4727 55
4728 57
4729 196
4730 65
4731 45
4732 86
4733 176
4734 46
4735 65
4736 99
4737 67
4738 70
4739 50
4740 128
4741 73
4742 44
4743 68
4744 84
4745 86
4746 58
4747 50
4748 57
4749 57
4750 77
4751 200
4752 216
4753 158
4754 58
4755 65
4756 93
4757 108
4758 63
4759 176
4760 188
4761 309
4762 85
4763 52
4764 65
4765 69
4766 54
4767 72
4768 68
4769 55
4770 77
4771 60
4772 65
4773 60
4774 100
4775 53
4776 88
4777 93
4778 51
4779 87
4780 75
4781 43
4782 49
4783 174
4784 78
4785 116
4786 44
4787 224
4788 176
4789 194
4790 50
4791 60
4792 74
4793 179
4794 68
4795 90
4796 78
4797 76
4798 51
4799 203
4800 359
4801 306
4802 224
4803 57
4804 70
4805 68
4806 67
4807 86
4808 83
4809 72
4810 84
4811 48
4812 50
4813 134
4814 37
4815 62
4816 86
4817 152
4818 69
4819 62
4820 58
4821 52
4822 46
4823 65
4824 97
4825 110
4826 68
4827 53
4828 65
4829 36
4830 245
4831 217
4832 102
4833 54
4834 55
4835 45
4836 85
4837 52
4838 48
4839 62
4840 131
4841 96
4842 55
4843 59
4844 66
4845 203
4846 61
4847 50
4848 104
4849 80
4850 75
4851 169
4852 71
4853 68
4854 50
4855 47
4856 53
4857 47
4858 38
4859 79
4860 213
4861 260
4862 534
4863 57
4864 168
4865 73
4866 59
4867 54
4868 53
4869 55
4870 55
4871 162
4872 123
4873 57
4874 53
4875 93
4876 65
4877 161
4878 56
4879 93
4880 85
4881 62
4882 45
4883 50
4884 161
4885 54
4886 54
4887 63
4888 99
4889 205
4890 75
4891 70
4892 58
4893 75
4894 68
4895 104
4896 233
4897 78
4898 48
4899 81
4900 492
4901 137
4902 83
4903 149
4904 73
4905 81
4906 46
4907 37
4908 87
4909 178
4910 52
4911 57
4912 92
4913 502
4914 212
4915 86
4916 63
4917 80
4918 41
4919 220
4920 198
4921 170
4922 58
4923 73
4924 66
4925 69
4926 53
4927 61
4928 158
4929 71
4930 118
4931 186
4932 88
4933 151
4934 47
4935 114
4936 69
4937 166
4938 48
4939 40
4940 90
4941 78
4942 63
4943 154
4944 78
4945 69
4946 62
4947 57
4948 55
4949 78
4950 272
4951 198
4952 47
4953 94
4954 45
4955 33
4956 81
4957 148
4958 56
4959 75
4960 151
4961 108
4962 54
4963 60
4964 61
4965 62
4966 44
4967 150
4968 101
4969 209
4970 123
4971 45
4972 46
4973 134
4974 59
4975 71
4976 58
4977 88
4978 49
4979 63
4980 80
4981 46
4982 54
4983 58
4984 70
4985 48
4986 71
4987 168
4988 63
4989 55
4990 55
4991 80
4992 131
4993 180
4994 77
4995 114
4996 62
4997 56
4998 98
4999 305
5000 426
5001 100
5002 70
5003 190
5004 87
5005 669
5006 79
5007 45
5008 73
5009 150
5010 73
5011 174
5012 61
5013 64
5014 49
5015 65
5016 145
5017 84
5018 48
5019 48
5020 107
5021 168
5022 71
5023 155
5024 82
5025 81
5026 66
5027 46
5028 72
5029 75
5030 57
5031 67
5032 64
5033 66
5034 103
5035 56
5036 60
5037 57
5038 75
5039 316
5040 2913
5041 565
5042 119
5043 93
5044 73
5045 71
5046 99
5047 96
5048 96
5049 112
5050 230
5051 220
5052 72
5053 60
5054 65
5055 85
5056 116
5057 48
5058 50
5059 147
5060 83
5061 71
5062 43
5063 42
5064 67
5065 85
5066 70
5067 46
5068 63
5069 52
5070 114
5071 73
5072 67
5073 55
5074 48
5075 59
5076 86
5077 155
5078 51
5079 57
5080 89
5081 156
5082 117
5083 90
5084 66
5085 56
5086 33
5087 147
5088 66
5089 54
5090 60
5091 51
5092 50
5093 37
5094 51
5095 50
5096 144
5097 50
5098 42
5099 168
5100 156
5101 254
5102 64
5103 245
5104 121
5105 72
5106 80
5107 148
5108 44
5109 62
5110 106
5111 83
5112 127
5113 264
5114 55
5115 114
5116 74
5117 77
5118 67
5119 232
5120 535
5121 110
5122 56
5123 65
5124 95
5125 121
5126 71
5127 54
5128 55
5129 65
5130 107
5131 58
5132 41
5133 53
5134 45
5135 69
5136 108
5137 60
5138 42
5139 47
5140 60
5141 60
5142 45
5143 43
5144 60
5145 129
5146 41
5147 150
5148 153
5149 67
5150 63
5151 126
5152 99
5153 164
5154 59
5155 44
5156 52
5157 68
5158 39
5159 40
5160 155
5161 65
5162 66
5163 37
5164 58
5165 48
5166 110
5167 211
5168 120
5169 58
5170 73
5171 147
5172 59
5173 44
5174 46
5175 70
5176 62
5177 41
5178 44
5179 155
5180 80
5181 54
5182 68
5183 157
5184 850
5185 154
5186 73
5187 137
5188 77
5189 174
5190 51
5191 80
5192 73
5193 72
5194 61
5195 35
5196 54
5197 141
5198 43
5199 38
5200 142
5201 93
5202 185
5203 62
5204 63
5205 56
5206 42
5207 64
5208 134
5209 209
5210 70
5211 58
5212 38
5213 53
5214 60
5215 72
5216 80
5217 44
5218 37
5219 62
5220 160
5221 77
5222 53
5223 51
5224 57
5225 103
5226 71
5227 170
5228 47
5229 48
5230 43
5231 165
5232 91
5233 192
5234 40
5235 48
5236 87
5237 168
5238 50
5239 59
5240 68
5241 49
5242 61
5243 50
5244 69
5245 44
5246 47
5247 51
5248 113
5249 78
5250 192
5251 88
5252 72
5253 102
5254 61
5255 50
5256 148
5257 97
5258 39
5259 28
5260 64
5261 150
5262 43
5263 48
5264 107
5265 125
5266 51
5267 32
5268 61
5269 68
5270 68
5271 61
5272 69
5273 144
5274 51
5275 57
5276 41
5277 44
5278 75
5279 178
5280 311
5281 200
5282 48
5283 55
5284 43
5285 66
5286 56
5287 33
5288 58
5289 64
5290 65
5291 127
5292 296
5293 76
5294 46
5295 50
5296 82
5297 182
5298 44
5299 53
5300 83
5301 62
5302 58
5303 129
5304 124
5305 63
5306 36
5307 47
5308 47
5309 132
5310 67
5311 57
5312 103
5313 124
5314 66
5315 40
5316 68
5317 65
5318 38
5319 58
5320 123
5321 79
5322 62
5323 173
5324 131
5325 77
5326 51
5327 46
5328 143
5329 355
5330 95
5331 53
5332 50
5333 208
5334 80
5335 99
5336 84
5337 44
5338 38
5339 42
5340 92
5341 55
5342 31
5343 42
5344 61
5345 59
5346 90
5347 140
5348 52
5349 50
5350 49
5351 131
5352 73
5353 52
5354 52
5355 164
5356 110
5357 54
5358 46
5359 56
5360 73
5361 49
5362 50
5363 35
5364 66
5365 88
5366 41
5367 45
5368 79
5369 73
5370 80
5371 47
5372 56
5373 67
5374 51
5375 70
5376 368
5377 68
5378 46
5379 51
5380 61
5381 215
5382 67
5383 67
5384 47
5385 66
5386 36
5387 163
5388 53
5389 36
5390 99
5391 41
5392 81
5393 154
5394 66
5395 43
5396 74
5397 63
5398 50
5399 161
5400 428
5401 90
5402 82
5403 61
5404 55
5405 54
5406 57
5407 148
5408 144
5409 53
5410 61
5411 52
5412 76
5413 161
5414 47
5415 73
5416 54
5417 163
5418 92
5419 242
5420 44
5421 53
5422 32
5423 50
5424 74
5425 87
5426 53
5427 67
5428 65
5429 56
5430 73
5431 149
5432 71
5433 43
5434 74
5435 47
5436 49
5437 119
5438 31
5439 61
5440 162
5441 202
5442 46
5443 171
5444 58
5445 147
5446 60
5447 44
5448 63
5449 183
5450 45
5451 37
5452 51
5453 44
5454 59
5455 64
5456 137
5457 64
5458 50
5459 68
5460 557
5461 504
5462 106
5463 72
5464 82
5465 58
5466 54
5467 64
5468 61
5469 55
5470 51
5471 162
5472 137
5473 150
5474 77
5475 68
5476 202
5477 202
5478 63
5479 135
5480 74
5481 91
5482 36
5483 126
5484 55
5485 52
5486 27
5487 69
5488 168
5489 64
5490 71
5491 88
5492 46
5493 48
5494 44
5495 41
5496 52
5497 48
5498 34
5499 38
5500 107
5501 174
5502 65
5503 195
5504 112
5505 59
5506 48
5507 140
5508 93
5509 60
5510 51
5511 58
5512 68
5513 85
5514 48
5515 41
5516 60
5517 40
5518 29
5519 161
5520 130
5521 174
5522 38
5523 63
5524 50
5525 159
5526 63
5527 141
5528 39
5529 56
5530 62
5531 143
5532 33
5533 45
5534 44
5535 61
5536 89
5537 73
5538 51
5539 59
5540 67
5541 43
5542 37
5543 52
5544 319
5545 79
5546 46
5547 68
5548 60
5549 52
5550 91
5551 127
5552 55
5553 51
5554 52
5555 175
5556 64
5557 207
5558 50
5559 53
5560 50
5561 66
5562 45
5563 140
5564 77
5565 180
5566 85
5567 68
5568 112
5569 173
5570 46
5571 39
5572 69
5573 129
5574 51
5575 43
5576 67
5577 76
5578 31
5579 43
5580 95
5581 164
5582 28
5583 26
5584 42
5585 46
5586 70
5587 51
5588 52
5589 85
5590 63
5591 172
5592 55
5593 52
5594 50
5595 37
5596 42
5597 48
5598 49
5599 51
5600 197
5601 67
5602 34
5603 45
5604 86
5605 66
5606 37
5607 58
5608 35
5609 80
5610 138
5611 100
5612 57
5613 41
5614 20
5615 44
5616 202
5617 74
5618 86
5619 52
5620 55
5621 60
5622 50
5623 173
5624 99
5625 450
5626 41
5627 38
5628 71
5629 57
5630 45
5631 71
5632 205
5633 61
5634 49
5635 56
5636 37
5637 52
5638 29
5639 192
5640 127
5641 172
5642 66
5643 84
5644 51
5645 39
5646 49
5647 126
5648 50
5649 37
5650 42
5651 167
5652 53
5653 158
5654 49
5655 95
5656 74
5657 159
5658 61
5659 144
5660 42
5661 93
5662 70
5663 45
5664 95
5665 77
5666 43
5667 45
5668 57
5669 146
5670 244
5671 119
5672 40
5673 56
5674 42
5675 39
5676 73
5677 43
5678 77
5679 38
5680 72
5681 53
5682 51
5683 128
5684 72
5685 48
5686 39
5687 41
5688 66
5689 143
5690 32
5691 47
5692 48
5693 121
5694 42
5695 51
5696 118
5697 40
5698 55
5699 51
5700 133
5701 175
5702 29
5703 39
5704 67
5705 41
5706 54
5707 38
5708 39
5709 46
5710 41
5711 178
5712 128
5713 80
5714 46
5715 54
5716 58
5717 134
5718 49
5719 99
5720 122
5721 55
5722 38
5723 35
5724 63
5725 80
5726 51
5727 42
5728 57
5729 46
5730 42
5731 55
5732 36
5733 139
5734 49
5735 71
5736 73
5737 152
5738 39
5739 45
5740 111
5741 268
5742 75
5743 137
5744 52
5745 48
5746 58
5747 45
5748 65
5749 151
5750 51
5751 49
5752 48
5753 39
5754 59
5755 50
5756 42
5757 51
5758 52
5759 59
5760 643
5761 67
5762 43
5763 59
5764 53
5765 48
5766 64
5767 80
5768 92
5769 59
5770 44
5771 43
5772 67
5773 58
5774 58
5775 282
5776 299
5777 177
5778 229
5779 182
5780 80
5781 60
5782 42
5783 114
5784 80
5785 62
5786 50
5787 30
5788 39
5789 54
5790 62
5791 107
5792 45
5793 44
5794 44
5795 64
5796 149
5797 89
5798 97
5799 49
5800 77
5801 123
5802 65
5803 28
5804 59
5805 67
5806 40
5807 136
5808 109
5809 53
5810 64
5811 42
5812 65
5813 137
5814 105
5815 51
5816 36
5817 41
5818 45
5819 73
5820 72
5821 116
5822 63
5823 56
5824 173
5825 59
5826 55
5827 110
5828 53
5829 46
5830 113
5831 111
5832 562
5833 97
5834 50
5835 53
5836 37
5837 50
5838 67
5839 128
5840 78
5841 57
5842 71
5843 118
5844 59
5845 66
5846 44
5847 29
5848 55
5849 199
5850 141
5851 204
5852 91
5853 64
5854 53
5855 33
5856 79
5857 154
5858 43
5859 84
5860 66
5861 118
5862 29
5863 64
5864 46
5865 55
5866 36
5867 124
5868 70
5869 132
5870 33
5871 46
5872 39
5873 22
5874 50
5875 55
5876 57
5877 45
5878 48
5879 168
5880 311
5881 190
5882 52
5883 42
5884 25
5885 63
5886 107
5887 75
5888 171
5889 35
5890 59
5891 46
5892 42
5893 44
5894 34
5895 53
5896 75
5897 131
5898 39
5899 32
5900 47
5901 71
5902 38
5903 100
5904 117
5905 67
5906 45
5907 48
5908 55
5909 53
5910 68
5911 67
5912 78
5913 93
5914 50
5915 78
5916 85
5917 68
5918 35
5919 32
5920 77
5921 56
5922 78
5923 145
5924 48
5925 60
5926 42
5927 121
5928 110
5929 328
5930 49
5931 47
5932 29
5933 46
5934 36
5935 39
5936 77
5937 59
5938 39
5939 165
5940 196
5941 80
5942 46
5943 45
5944 61
5945 68
5946 49
5947 44
5948 51
5949 50
5950 77
5951 51
5952 116
5953 173
5954 41
5955 42
5956 42
5957 44
5958 35
5959 44
5960 52
5961 45
5962 33
5963 55
5964 64
5965 44
5966 40
5967 82
5968 50
5969 54
5970 37
5971 36
5972 41
5973 47
5974 30
5975 35
5976 49
5977 39
5978 35
5979 33
5980 65
5981 104
5982 40
5983 66
5984 149
5985 229
5986 64
5987 102
5988 37
5989 42
5990 47
5991 46
5992 59
5993 53
5994 59
5995 149
5996 49
5997 60
5998 34
5999 74
6000 289
6001 79
6002 56
6003 56
6004 63
6005 53
6006 399
6007 184
6008 47
6009 54
6010 36
6011 140
6012 69
6013 39
6014 32
6015 63
6016 102
6017 52
6018 45
6019 45
6020 71
6021 48
6022 37
6023 30
6024 64
6025 41
6026 23
6027 65
6028 45
6029 106
6030 64
6031 85
6032 58
6033 28
6034 27
6035 35
6036 65
6037 112
6038 38
6039 38
6040 74
6041 38
6042 44
6043 116
6044 33
6045 65
6046 61
6047 131
6048 382
6049 133
6050 124
6051 60
6052 48
6053 119
6054 53
6055 36
6056 63
6057 39
6058 28
6059 35
6060 62
6061 82
6062 44
6063 39
6064 64
6065 31
6066 45
6067 116
6068 52
6069 74
6070 45
6071 33
6072 126
6073 129
6074 32
6075 171
6076 68
6077 48
6078 58
6079 144
6080 82
6081 48
6082 45
6083 80
6084 336
6085 53
6086 41
6087 35
6088 38
6089 138
6090 148
6091 130
6092 58
6093 41
6094 56
6095 64
6096 69
6097 89
6098 35
6099 30
6100 76
6101 143
6102 42
6103 39
6104 54
6105 120
6106 49
6107 42
6108 33
6109 44
6110 53
6111 82
6112 99
6113 121
6114 40
6115 31
6116 58
6117 35
6118 59
6119 75
6120 196
6121 195
6122 31
6123 57
6124 52
6125 137
6126 59
6127 39
6128 60
6129 30
6130 50
6131 139
6132 77
6133 147
6134 42
6135 37
6136 68
6137 76
6138 66
6139 48
6140 55
6141 77
6142 56
6143 204
6144 739
6145 93
6146 61
6147 76
6148 49
6149 54
6150 86
6151 121
6152 46
6153 49
6154 50
6155 71
6156 145
6157 46
6158 31
6159 41
6160 173
6161 79
6162 104
6163 151
6164 57
6165 55
6166 44
6167 40
6168 65
6169 35
6170 52
6171 55
6172 41
6173 159
6174 246
6175 70
6176 73
6177 36
6178 57
6179 34
6180 57
6181 53
6182 39
6183 47
6184 45
6185 37
6186 52
6187 48
6188 175
6189 43
6190 30
6191 40
6192 86
6193 46
6194 40
6195 57
6196 53
6197 141
6198 39
6199 102
6200 106
6201 78
6202 40
6203 120
6204 59
6205 67
6206 28
6207 46
6208 96
6209 57
6210 82
6211 176
6212 42
6213 38
6214 40
6215 54
6216 152
6217 132
6218 42
6219 29
6220 41
6221 119
6222 60
6223 66
6224 47
6225 46
6226 52
6227 41
6228 42
6229 132
6230 47
6231 70
6232 84
6233 36
6234 35
6235 53
6236 42
6237 94
6238 33
6239 40
6240 226
6241 364
6242 46
6243 38
6244 64
6245 49
6246 48
6247 95
6248 68
6249 57
6250 200
6251 43
6252 75
6253 75
6254 50
6255 38
6256 65
6257 136
6258 35
6259 37
6260 48
6261 30
6262 34
6263 128
6264 92
6265 53
6266 51
6267 38
6268 29
6269 130
6270 117
6271 177
6272 246
6273 70
6274 42
6275 38
6276 49
6277 107
6278 34
6279 72
6280 60
6281 33
6282 45
6283 36
6284 34
6285 28
6286 38
6287 85
6288 57
6289 31
6290 58
6291 63
6292 87
6293 66
6294 38
6295 23
6296 30
6297 41
6298 40
6299 175
6300 432
6301 164
6302 33
6303 39
6304 54
6305 152
6306 50
6307 49
6308 42
6309 43
6310 40
6311 122
6312 67
6313 35
6314 43
6315 43
6316 29
6317 138
6318 65
6319 63
6320 104
6321 105
6322 58
6323 117
6324 65
6325 69
6326 35
6327 61
6328 100
6329 136
6330 51
6331 51
6332 31
6333 44
6334 36
6335 48
6336 234
6337 152
6338 39
6339 37
6340 44
6341 39
6342 45
6343 108
6344 55
6345 62
6346 43
6347 39
6348 92
6349 55
6350 47
6351 54
6352 60
6353 129
6354 38
6355 51
6356 40
6357 39
6358 40
6359 134
6360 109
6361 163
6362 40
6363 57
6364 78
6365 31
6366 27
6367 124
6368 90
6369 44
6370 101
6371 52
6372 70
6373 123
6374 31
6375 70
6376 48
6377 49
6378 60
6379 119
6380 56
6381 30
6382 24
6383 30
6384 99
6385 55
6386 37
6387 29
6388 53
6389 105
6390 48
6391 46
6392 44
6393 54
6394 38
6395 33
6396 51
6397 129
6398 39
6399 92
6400 484
6401 72
6402 51
6403 38
6404 54
6405 72
6406 38
6407 32
6408 56
6409 75
6410 47
6411 34
6412 58
6413 46
6414 30
6415 28
6416 59
6417 45
6418 33
6419 36
6420 68
6421 131
6422 33
6423 42
6424 51
6425 32
6426 83
6427 140
6428 27
6429 35
6430 40
6431 33
6432 81
6433 57
6434 65
6435 541
6436 66
6437 41
6438 37
6439 59
6440 93
6441 91
6442 29
6443 36
6444 50
6445 35
6446 43
6447 43
6448 56
6449 164
6450 58
6451 128
6452 34
6453 28
6454 45
6455 43
6456 42
6457 38
6458 28
6459 48
6460 95
6461 50
6462 54
6463 34
6464 93
6465 30
6466 60
6467 34
6468 99
6469 136
6470 48
6471 41
6472 50
6473 105
6474 43
6475 66
6476 64
6477 44
6478 49
6479 113
6480 426
6481 255
6482 34
6483 32
6484 32
6485 59
6486 47
6487 64
6488 37
6489 60
6490 47
6491 142
6492 35
6493 27
6494 38
6495 30
6496 86
6497 83
6498 111
6499 57
6500 85
6501 66
6502 48
6503 24
6504 67
6505 48
6506 42
6507 25
6508 38
6509 26
6510 152
6511 66
6512 70
6513 45
6514 44
6515 27
6516 64
6517 62
6518 34
6519 18
6520 37
6521 118
6522 33
6523 29
6524 54
6525 104
6526 50
6527 48
6528 145
6529 141
6530 36
6531 53
6532 53
6533 115
6534 78
6535 39
6536 48
6537 31
6538 42
6539 32
6540 50
6541 75
6542 51
6543 53
6544 58
6545 164
6546 49
6547 111
6548 36
6549 26
6550 40
6551 138
6552 304
6553 201
6554 60
6555 119
6556 85
6557 68
6558 62
6559 71
6560 196
6561 1355
6562 229
6563 182
6564 60
6565 76
6566 52
6567 39
6568 54
6569 168
6570 95
6571 128
6572 44
6573 35
6574 30
6575 38
6576 72
6577 136
6578 64
6579 61
6580 68
6581 120
6582 41
6583 45
6584 44
6585 49
6586 25
6587 31
6588 67
6589 26
6590 35
6591 71
6592 76
6593 36
6594 47
6595 28
6596 39
6597 51
6598 35
6599 142
6600 152
6601 290
6602 32
6603 36
6604 41
6605 34
6606 42
6607 92
6608 53
6609 26
6610 47
6611 53
6612 51
6613 58
6614 33
6615 125
6616 55
6617 42
6618 26
6619 101
6620 48
6621 46
6622 56
6623 49
6624 115
6625 83
6626 55
6627 62
6628 41
6629 32
6630 133
6631 46
6632 25
6633 39
6634 33
6635 21
6636 71
6637 132
6638 36
6639 32
6640 60
6641 56
6642 111
6643 133
6644 56
6645 40
6646 32
6647 46
6648 54
6649 45
6650 61
6651 41
6652 40
6653 125
6654 36
6655 122
6656 148
6657 44
6658 32
6659 132
6660 89
6661 206
6662 44
6663 48
6664 70
6665 86
6666 194
6667 72
6668 60
6669 66
6670 85
6671 34
6672 69
6673 113
6674 31
6675 40
6676 52
6677 44
6678 50
6679 121
6680 43
6681 51
6682 44
6683 53
6684 32
6685 38
6686 54
6687 32
6688 94
6689 136
6690 40
6691 113
6692 51
6693 33
6694 39
6695 29
6696 91
6697 73
6698 45
6699 46
6700 62
6701 101
6702 38
6703 93
6704 35
6705 23
6706 45
6707 30
6708 37
6709 110
6710 69
6711 39
6712 44
6713 48
6714 53
6715 23
6716 37
6717 30
6718 40
6719 145
6720 606
6721 147
6722 45
6723 91
6724 196
6725 58
6726 67
6727 64
6728 118
6729 34
6730 39
6731 42
6732 70
6733 140
6734 55
6735 46
6736 48
6737 129
6738 21
6739 30
6740 55
6741 41
6742 38
6743 31
6744 63
6745 41
6746 36
6747 36
6748 34
6749 36
6750 129
6751 50
6752 79
6753 22
6754 32
6755 46
6756 64
6757 44
6758 31
6759 35
6760 80
6761 182
6762 60
6763 130
6764 90
6765 403
6766 71
6767 51
6768 91
6769 67
6770 34
6771 37
6772 42
6773 28
6774 44
6775 29
6776 114
6777 52
6778 29
6779 142
6780 58
6781 112
6782 31
6783 66
6784 89
6785 49
6786 107
6787 30
6788 45
6789 61
6790 44
6791 101
6792 45
6793 97
6794 27
6795 52
6796 35
6797 41
6798 38
6799 35
6800 87
6801 45
6802 43
6803 121
6804 142
6805 49
6806 61
6807 28
6808 50
6809 45
6810 59
6811 39
6812 52
6813 60
6814 27
6815 43
6816 97
6817 85
6818 63
6819 36
6820 83
6821 56
6822 43
6823 86
6824 49
6825 115
6826 81
6827 151
6828 37
6829 104
6830 31
6831 56
6832 66
6833 125
6834 49
6835 31
6836 35
6837 34
6838 37
6839 37
6840 197
6841 190
6842 90
6843 46
6844 42
6845 50
6846 58
6847 65
6848 64
6849 54
6850 59
6851 68
6852 27
6853 40
6854 44
6855 41
6856 52
6857 131
6858 62
6859 395
6860 138
6861 43
6862 31
6863 105
6864 142
6865 44
6866 30
6867 36
6868 42
6869 132
6870 72
6871 103
6872 40
6873 31
6874 33
6875 105
6876 56
6877 69
6878 38
6879 43
6880 66
6881 36
6882 50
6883 134
6884 42
6885 82
6886 83
6887 84
6888 127
6889 341
6890 67
6891 50
6892 26
6893 44
6894 33
6895 43
6896 51
6897 50
6898 42
6899 147
6900 89
6901 44
6902 67
6903 75
6904 54
6905 35
6906 35
6907 96
6908 41
6909 39
6910 31
6911 122
6912 517
6913 52
6914 32
6915 42
6916 74
6917 144
6918 66
6919 34
6920 39
6921 47
6922 28
6923 45
6924 49
6925 49
6926 33
6927 27
6928 41
6929 62
6930 439
6931 86
6932 49
6933 36
6934 34
6935 41
6936 116
6937 47
6938 27
6939 60
6940 35
6941 39
6942 45
6943 54
6944 58
6945 43
6946 49
6947 121
6948 68
6949 114
6950 29
6951 93
6952 44
6953 42
6954 53
6955 44
6956 47
6957 40
6958 42
6959 138
6960 126
6961 173
6962 80
6963 43
6964 48
6965 50
6966 49
6967 119
6968 44
6969 41
6970 51
6971 107
6972 73
6973 42
6974 44
6975 65
6976 81
6977 104
6978 40
6979 36
6980 38
6981 36
6982 27
6983 101
6984 72
6985 43
6986 36
6987 50
6988 27
6989 29
6990 36
6991 108
6992 39
6993 66
6994 40
6995 41
6996 74
6997 131
6998 42
6999 69
7000 166
7001 136
7002 45
7003 28
7004 32
7005 25
7006 28
7007 152
7008 44
7009 31
7010 34
7011 41
7012 30
7013 123
7014 40
7015 31
7016 52
7017 34
7018 35
7019 102
7020 120
7021 112
7022 38
7023 32
7024 32
7025 42
7026 25
7027 92
7028 38
7029 34
7030 65
7031 40
7032 41
7033 43
7034 30
7035 54
7036 33
7037 30
7038 48
7039 107
7040 111
7041 41
7042 35
7043 103
7044 33
7045 37
7046 34
7047 36
7048 46
7049 39
7050 65
7051 34
7052 27
7053 27
7054 25
7055 66
7056 502
7057 202
7058 32
7059 33
7060 46
7061 32
7062 36
7063 41
7064 47
7065 18
7066 30
7067 27
7068 52
7069 100
7070 49
7071 37
7072 93
7073 60
7074 55
7075 43
7076 38
7077 47
7078 27
7079 123
7080 72
7081 60
7082 25
7083 47
7084 106
7085 76
7086 38
7087 34
7088 28
7089 51
7090 27
7091 34
7092 36
7093 47
7094 36
7095 55
7096 35
7097 34
7098 72
7099 55
7100 53
7101 29
7102 47
7103 98
7104 89
7105 72
7106 53
7107 83
7108 59
7109 102
7110 64
7111 61
7112 50
7113 29
7114 28
7115 29
7116 43
7117 54
7118 23
7119 52
7120 65
7121 116
7122 35
7123 48
7124 30
7125 45
7126 39
7127 126
7128 122
7129 156
7130 36
7131 31
7132 46
7133 25
7134 36
7135 30
7136 59
7137 59
7138 46
7139 33
7140 313
7141 84
7142 42
7143 35
7144 54
7145 34
7146 37
7147 34
7148 36
7149 18
7150 79
7151 132
7152 41
7153 51
7154 57
7155 63
7156 39
7157 32
7158 26
7159 92
7160 39
7161 94
7162 40
7163 41
7164 60
7165 41
7166 35
7167 49
7168 274
7169 56
7170 52
7171 39
7172 42
7173 49
7174 32
7175 61
7176 66
7177 146
7178 25
7179 38
7180 35
7181 70
7182 79
7183 45
7184 33
7185 40
7186 35
7187 105
7188 31
7189 45
7190 36
7191 44
7192 76
7193 133
7194 28
7195 27
7196 47
7197 38
7198 46
7199 53
7200 433
7201 78
7202 64
7203 117
7204 39
7205 32
7206 32
7207 88
7208 42
7209 47
7210 56
7211 110
7212 40
7213 96
7214 25
7215 60
7216 66
7217 42
7218 38
7219 98
7220 114
7221 60
7222 35
7223 35
7224 100
7225 283
7226 33
7227 62
7228 36
7229 123
7230 33
7231 35
7232 79
7233 27
7234 22
7235 39
7236 39
7237 75
7238 47
7239 49
7240 78
7241 33
7242 35
7243 73
7244 42
7245 89
7246 35
7247 102
7248 50
7249 30
7250 44
7251 34
7252 46
7253 145
7254 44
7255 37
7256 33
7257 30
7258 31
7259 40
7260 138
7261 43
7262 26
7263 18
7264 35
7265 29
7266 63
7267 45
7268 37
7269 42
7270 23
7271 28
7272 69
7273 41
7274 34
7275 30
7276 26
7277 22
7278 33
7279 47
7280 144
7281 71
7282 37
7283 99
7284 43
7285 35
7286 39
7287 34
7288 37
7289 48
7290 217
7291 46
7292 32
7293 84
7294 36
7295 46
7296 79
7297 136
7298 33
7299 35
7300 52
7301 26
7302 29
7303 35
7304 41
7305 44
7306 34
7307 105
7308 83
7309 108
7310 53
7311 42
7312 38
7313 42
7314 51
7315 139
7316 57
7317 28
7318 42
7319 24
7320 92
7321 163
7322 43
7323 31
7324 17
7325 24
7326 53
7327 50
7328 47
7329 32
7330 42
7331 132
7332 37
7333 128
7334 32
7335 30
7336 38
7337 76
7338 56
7339 36
7340 26
7341 32
7342 28
7343 29
7344 114
7345 56
7346 24
7347 30
7348 41
7349 132
7350 159
7351 140
7352 39
7353 46
7354 31
7355 18
7356 35
7357 33
7358 23
7359 39
7360 68
7361 66
7362 25
7363 38
7364 42
7365 29
7366 28
7367 26
7368 37
7369 109
7370 38
7371 130
7372 58
7373 61
7374 42
7375 35
7376 42
7377 35
7378 36
7379 30
7380 67
7381 228
7382 38
7383 29
7384 47
7385 49
7386 44
7387 57
7388 50
7389 24
7390 19
7391 38
7392 169
7393 136
7394 32
7395 54
7396 191
7397 36
7398 44
7399 56
7400 95
7401 33
7402 18
7403 37
7404 46
7405 37
7406 30
7407 42
7408 51
7409 31
7410 70
7411 127
7412 41
7413 36
7414 41
7415 17
7416 46
7417 115
7418 30
7419 20
7420 57
7421 62
7422 33
7423 53
7424 132
7425 116
7426 37
7427 15
7428 28
7429 106
7430 35
7431 38
7432 45
7433 127
7434 51
7435 33
7436 64
7437 33
7438 39
7439 34
7440 134
7441 44
7442 74
7443 34
7444 30
7445 45
7446 45
7447 67
7448 71
7449 53
7450 42
7451 94
7452 58
7453 35
7454 25
7455 52
7456 46
7457 111
7458 41
7459 104
7460 40
7461 29
7462 58
7463 46
7464 37
7465 36
7466 36
7467 35
7468 31
7469 34
7470 39
7471 85
7472 41
7473 51
7474 24
7475 40
7476 51
7477 143
7478 19
7479 37
7480 79
7481 102
7482 45
7483 38
7484 36
7485 30
7486 30
7487 93
7488 123
7489 96
7490 46
7491 44
7492 35
7493 28
7494 43
7495 27
7496 33
7497 71
7498 26
7499 107
7500 143
7501 63
7502 55
7503 63
7504 49
7505 35
7506 31
7507 106
7508 34
7509 28
7510 25
7511 29
7512 42
7513 40
7514 46
7515 37
7516 28
7517 99
7518 40
7519 51
7520 46
7521 23
7522 29
7523 128
7524 55
7525 67
7526 45
7527 32
7528 51
7529 81
7530 33
7531 23
7532 45
7533 57
7534 27
7535 30
7536 58
7537 112
7538 30
7539 24
7540 60
7541 103
7542 27
7543 36
7544 35
7545 31
7546 67
7547 120
7548 45
7549 80
7550 41
7551 28
7552 55
7553 35
7554 30
7555 31
7556 39
7557 45
7558 37
7559 159
7560 726
7561 192
7562 46
7563 47
7564 67
7565 61
7566 52
7567 49
7568 85
7569 180
7570 50
7571 34
7572 46
7573 120
7574 51
7575 63
7576 34
7577 125
7578 27
7579 57
7580 47
7581 68
7582 34
7583 88
7584 73
7585 49
7586 33
7587 39
7588 56
7589 112
7590 95
7591 108
7592 48
7593 20
7594 12
7595 47
7596 40
7597 41
7598 23
7599 47
7600 95
7601 49
7602 40
7603 93
7604 35
7605 51
7606 43
7607 86
7608 33
7609 31
7610 23
7611 23
7612 28
7613 39
7614 34
7615 29
7616 83
7617 37
7618 32
7619 25
7620 49
7621 88
7622 21
7623 46
7624 49
7625 58
7626 64
7627 36
7628 37
7629 42
7630 31
7631 30
7632 52
7633 35
7634 18
7635 24
7636 36
7637 30
7638 27
7639 81
7640 37
7641 45
7642 33
7643 82
7644 91
7645 75
7646 17
7647 26
7648 32
7649 96
7650 75
7651 67
7652 38
7653 42
7654 46
7655 33
7656 73
7657 88
7658 31
7659 24
7660 22
7661 30
7662 31
7663 47
7664 57
7665 64
7666 48
7667 77
7668 45
7669 95
7670 33
7671 56
7672 32
7673 95
7674 22
7675 26
7676 56
7677 37
7678 28
7679 52
7680 393
7681 127
7682 38
7683 30
7684 41
7685 55
7686 74
7687 125
7688 85
7689 32
7690 33
7691 82
7692 30
7693 35
7694 27
7695 66
7696 70
7697 46
7698 39
7699 103
7700 104
7701 45
7702 46
7703 100
7704 34
7705 35
7706 23
7707 29
7708 29
7709 32
7710 76
7711 42
7712 46
7713 31
7714 45
7715 27
7716 34
7717 139
7718 31
7719 32
7720 37
7721 28
7722 103
7723 101
7724 24
7725 29
7726 30
7727 112
7728 108
7729 44
7730 34
7731 22
7732 26
7733 34
7734 44
7735 104
7736 46
7737 49
7738 29
7739 62
7740 77
7741 121
7742 33
7743 53
7744 301
7745 43
7746 34
7747 45
7748 30
7749 56
7750 79
7751 42
7752 211
7753 123
7754 23
7755 51
7756 58
7757 138
7758 25
7759 99
7760 56
7761 46
7762 16
7763 16
7764 31
7765 31
7766 31
7767 35
7768 33
7769 37
7770 185
7771 57
7772 43
7773 51
7774 34
7775 87
7776 781
7777 223
7778 51
7779 41
7780 41
7781 39
7782 44
7783 37
7784 50
7785 36
7786 23
7787 30
7788 53
7789 117
7790 39
7791 44
7792 36
7793 103
7794 32
7795 29
7796 18
7797 32
7798 23
7799 46
7800 167
7801 59
7802 29
7803 89
7804 36
7805 36
7806 34
7807 43
7808 81
7809 43
7810 48
7811 28
7812 115
7813 90
7814 34
7815 45
7816 39
7817 101
7818 25
7819 39
7820 36
7821 38
7822 26
7823 96
7824 52
7825 60
7826 38
7827 38
7828 33
7829 88
7830 45
7831 42
7832 52
7833 37
7834 28
7835 24
7836 34
7837 28
7838 32
7839 44
7840 134
7841 150
7842 26
7843 50
7844 41
7845 29
7846 29
7847 36
7848 63
7849 48
7850 27
7851 27
7852 50
7853 99
7854 74
7855 52
7856 35
7857 53
7858 33
7859 24
7860 35
7861 29
7862 34
7863 23
7864 35
7865 50
7866 47
7867 113
7868 38
7869 29
7870 30
7871 23
7872 64
7873 128
7874 28
7875 155
7876 43
7877 165
7878 53
7879 109
7880 44
7881 41
7882 26
7883 96
7884 42
7885 34
7886 25
7887 56
7888 50
7889 41
7890 48
7891 43
7892 22
7893 30
7894 26
7895 18
7896 76
7897 29
7898 24
7899 30
7900 42
7901 96
7902 29
7903 25
7904 48
7905 59
7906 25
7907 98
7908 20
7909 24
7910 47
7911 31
7912 62
7913 42
7914 24
7915 28
7916 32
7917 70
7918 53
7919 132
7920 377
7921 355
7922 59
7923 54
7924 38
7925 32
7926 31
7927 88
7928 39
7929 33
7930 47
7931 44
7932 32
7933 78
7934 38
7935 41
7936 305
7937 159
7938 109
7939 47
7940 47
7941 39
7942 52
7943 50
7944 37
7945 32
7946 24
7947 27
7948 23
7949 104
7950 37
7951 92
7952 34
7953 82
7954 39
7955 27
7956 75
7957 95
7958 19
7959 28
7960 42
7961 25
7962 23
7963 93
7964 38
7965 44
7966 29
7967 53
7968 47
7969 39
7970 32
7971 26
7972 29
7973 43
7974 29
7975 31
7976 36
7977 27
7978 27
7979 37
7980 147
7981 38
7982 33
7983 21
7984 34
7985 32
7986 62
7987 43
7988 43
7989 34
7990 34
7991 29
7992 108
7993 133
7994 28
7995 39
7996 47
7997 69
7998 43
7999 90
8000 504
8001 152
8002 42
8003 34
8004 60
8005 46
8006 33
8007 32
8008 312
8009 154
8010 75
8011 165
8012 29
8013 32
8014 22
8015 23
8016 38
8017 84
8018 40
8019 96
8020 58
8021 42
8022 39
8023 36
8024 56
8025 32
8026 19
8027 25
8028 68
8029 64
8030 47
8031 35
8032 34
8033 27
8034 35
8035 29
8036 35
8037 33
8038 31
8039 97
8040 54
8041 43
8042 53
8043 38
8044 29
8045 17
8046 22
8047 31
8048 20
8049 28
8050 46
8051 71
8052 71
8053 82
8054 34
8055 35
8056 44
8057 33
8058 29
8059 84
8060 36
8061 31
8062 32
8063 56
8064 403
8065 74
8066 29
8067 19
8068 40
8069 131
8070 43
8071 30
8072 40
8073 46
8074 26
8075 29
8076 36
8077 22
8078 26
8079 23
8080 50
8081 134
8082 31
8083 29
8084 37
8085 109
8086 41
8087 94
8088 43
8089 120
8090 43
8091 56
8092 53
8093 90
8094 34
8095 26
8096 64
8097 36
8098 26
8099 58
8100 440
8101 176
8102 36
8103 35
8104 50
8105 35
8106 43
8107 35
8108 33
8109 45
8110 38
8111 149
8112 85
8113 57
8114 31
8115 32
8116 29
8117 100
8118 79
8119 117
8120 79
8121 51
8122 40
8123 88
8124 40
8125 126
8126 40
8127 75
8128 422
8129 53
8130 41
8131 29
8132 32
8133 28
8134 42
8135 46
8136 47
8137 36
8138 26
8139 22
8140 46
8141 23
8142 37
8143 42
8144 47
8145 51
8146 26
8147 85
8148 51
8149 96
8150 43
8151 81
8152 40
8153 29
8154 57
8155 32
8156 28
8157 20
8158 26
8159 37
8160 169
8161 120
8162 60
8163 36
8164 42
8165 37
8166 48
8167 104
8168 23
8169 30
8170 46
8171 86
8172 31
8173 35
8174 30
8175 39
8176 77
8177 63
8178 66
8179 124
8180 53
8181 57
8182 49
8183 40
8184 111
8185 48
8186 53
8187 30
8188 64
8189 81
8190 369
8191 853
8192 1677
8193 222
8194 95
8195 60
8196 60
8197 42
8198 48
8199 40
8200 81
8201 76
8202 44
8203 60
8204 43
8205 33
8206 29
8207 44
8208 115
8209 154
8210 39
8211 59
8212 36
8213 28
8214 56
8215 37
8216 66
8217 54
8218 45
8219 119
8220 46
8221 115
8222 30
8223 24
8224 77
8225 37
8226 35
8227 52
8228 63
8229 49
8230 39
8231 99
8232 109
8233 108
8234 28
8235 37
8236 47
8237 80
8238 21
8239 26
8240 45
8241 37
8242 26
8243 86
8244 34
8245 49
8246 39
8247 32
8248 37
8249 42
8250 61
8251 44
8252 19
8253 34
8254 44
8255 61
8256 190
8257 50
8258 27
8259 27
8260 37
8261 33
8262 45
8263 87
8264 22
8265 48
8266 32
8267 23
8268 39
8269 110
8270 32
8271 29
8272 56
8273 106
8274 40
8275 28
8276 33
8277 31
8278 27
8279 43
8280 119
8281 282
8282 48
8283 48
8284 42
8285 34
8286 32
8287 96
8288 55
8289 32
8290 27
8291 96
8292 41
8293 85
8294 68
8295 55
8296 35
8297 83
8298 29
8299 38
8300 28
8301 27
8302 18
8303 45
8304 50
8305 32
8306 23
8307 41
8308 30
8309 26
8310 34
8311 92
8312 31
8313 27
8314 18
8315 28
8316 93
8317 114
8318 31
8319 47
8320 109
8321 149
8322 40
8323 48
8324 38
8325 50
8326 29
8327 29
8328 47
8329 97
8330 57
8331 32
8332 28
8333 40
8334 36
8335 25
8336 34
8337 33
8338 50
8339 19
8340 36
8341 19
8342 36
8343 31
8344 37
8345 31
8346 27
8347 29
8348 33
8349 64
8350 61
8351 42
8352 70
8353 112
8354 34
8355 32
8356 27
8357 26
8358 40
8359 26
8360 69
8361 82
8362 74
8363 109
8364 39
8365 40
8366 34
8367 21
8368 32
8369 73
8370 45
8371 33
8372 83
8373 32
8374 32
8375 30
8376 39
8377 79
8378 24
8379 54
8380 49
8381 31
8382 41
8383 38
8384 79
8385 73
8386 36
8387 93
8388 43
8389 117
8390 36
8391 28
8392 35
8393 32
8394 26
8395 16
8396 28
8397 20
8398 86
8399 48
8400 366
8401 115
8402 31
8403 33
8404 53
8405 45
8406 34
8407 32
8408 39
8409 25
8410 52
8411 32
8412 31
8413 28
8414 35
8415 122
8416 47
8417 27
8418 42
8419 97
8420 53
8421 47
8422 28
8423 78
8424 79
8425 52
8426 40
8427 51
8428 42
8429 88
8430 43
8431 80
8432 43
8433 33
8434 29
8435 40
8436 65
8437 50
8438 18
8439 13
8440 34
8441 34
8442 42
8443 88
8444 32
8445 22
8446 16
8447 104
8448 214
8449 59
8450 86
8451 51
8452 31
8453 21
8454 27
8455 37
8456 57
8457 31
8458 21
8459 21
8460 55
8461 84
8462 25
8463 91
8464 187
8465 27
8466 34
8467 113
8468 38
8469 35
8470 59
8471 37
8472 53
8473 34
8474 31
8475 33
8476 31
8477 25
8478 22
8479 23
8480 55
8481 57
8482 29
8483 31
8484 40
8485 30
8486 17
8487 22
8488 24
8489 25
8490 28
8491 25
8492 29
8493 30
8494 40
8495 30
8496 64
8497 20
8498 22
8499 31
8500 64
8501 99
8502 37
8503 30
8504 34
8505 117
8506 41
8507 23
8508 17
8509 38
8510 33
8511 25
8512 76
8513 104
8514 41
8515 74
8516 24
8517 20
8518 46
8519 30
8520 63
8521 96
8522 17
8523 28
8524 29
8525 46
8526 51
8527 83
8528 36
8529 23
8530 23
8531 23
8532 35
8533 40
8534 33
8535 32
8536 37
8537 79
8538 38
8539 65
8540 41
8541 31
8542 16
8543 84
8544 72
8545 15
8546 23
8547 58
8548 36
8549 24
8550 58
8551 31
8552 17
8553 21
8554 35
8555 57
8556 50
8557 54
8558 73
8559 18
8560 36
8561 22
8562 21
8563 79
8564 27
8565 26
8566 24
8567 28
8568 156
8569 72
8570 29
8571 32
8572 14
8573 74
8574 18
8575 100
8576 70
8577 27
8578 28
8579 22
8580 149
8581 117
8582 34
8583 46
8584 37
8585 36
8586 55
8587 35
8588 31
8589 21
8590 19
8591 33
8592 44
8593 31
8594 26
8595 27
8596 41
8597 92
8598 31
8599 74
8600 59
8601 32
8602 36
8603 23
8604 23
8605 31
8606 13
8607 25
8608 33
8609 100
8610 80
8611 28
8612 33
8613 23
8614 35
8615 33
8616 36
8617 26
8618 23
8619 29
8620 39
8621 25
8622 27
8623 70
8624 94
8625 60
8626 41
8627 80
8628 35
8629 77
8630 32
8631 35
8632 37
8633 36
8634 34
8635 34
8636 38
8637 24
8638 22
8639 38
8640 419
8641 139
8642 43
8643 39
8644 36
8645 91
8646 100
8647 103
8648 77
8649 176
8650 33
8651 41
8652 41
8653 38
8654 24
8655 32
8656 34
8657 27
8658 40
8659 40
8660 35
8661 27
8662 20
8663 85
8664 60
8665 22
8666 37
8667 45
8668 36
8669 100
8670 37
8671 46
8672 44
8673 36
8674 21
8675 19
8676 42
8677 87
8678 22
8679 37
8680 55
8681 81
8682 21
8683 22
8684 32
8685 24
8686 23
8687 37
8688 75
8689 96
8690 18
8691 23
8692 24
8693 72
8694 42
8695 73
8696 41
8697 39
8698 30
8699 95
8700 51
8701 31
8702 34
8703 42
8704 150
8705 40
8706 44
8707 82
8708 25
8709 16
8710 27
8711 28
8712 129
8713 97
8714 31
8715 32
8716 30
8717 22
8718 31
8719 79
8720 43
8721 76
8722 25
8723 32
8724 30
8725 20
8726 20
8727 19
8728 27
8729 37
8730 31
8731 76
8732 30
8733 26
8734 21
8735 27
8736 174
8737 87
8738 63
8739 40
8740 45
8741 78
8742 38
8743 27
8744 45
8745 45
8746 27
8747 100
8748 304
8749 62
8750 70
8751 44
8752 38
8753 63
8754 28
8755 25
8756 37
8757 24
8758 25
8759 17
8760 59
8761 99
8762 27
8763 20
8764 30
8765 30
8766 28
8767 42
8768 43
8769 32
8770 37
8771 34
8772 50
8773 27
8774 35
8775 72
8776 51
8777 43
8778 169
8779 131
8780 33
8781 30
8782 24
8783 83
8784 64
8785 29
8786 39
8787 38
8788 110
8789 42
8790 35
8791 29
8792 34
8793 31
8794 17
8795 9
8796 22
8797 30
8798 20
8799 23
8800 87
8801 49
8802 34
8803 92
8804 28
8805 20
8806 24
8807 87
8808 39
8809 22
8810 27
8811 35
8812 32
8813 28
8814 41
8815 26
8816 38
8817 24
8818 25
8819 133
8820 240
8821 112
8822 32
8823 29
8824 43
8825 35
8826 22
8827 55
8828 32
8829 40
8830 36
8831 72
8832 88
8833 45
8834 27
8835 60
8836 165
8837 124
8838 30
8839 86
8840 86
8841 50
8842 18
8843 21
8844 52
8845 38
8846 17
8847 18
8848 38
8849 82
8850 46
8851 33
8852 28
8853 27
8854 28
8855 149
8856 98
8857 42
8858 32
8859 19
8860 22
8861 96
8862 44
8863 66
8864 40
8865 29
8866 58
8867 91
8868 35
8869 37
8870 30
8871 25
8872 32
8873 29
8874 39
8875 24
8876 54
8877 42
8878 36
8879 22
8880 71
8881 46
8882 34
8883 29
8884 33
8885 32
8886 41
8887 138
8888 144
8889 38
8890 27
8891 23
8892 62
8893 91
8894 14
8895 24
8896 42
8897 28
8898 31
8899 34
8900 49
8901 33
8902 31
8903 18
8904 63
8905 36
8906 20
8907 13
8908 25
8909 26
8910 106
8911 257
8912 25
8913 32
8914 43
8915 16
8916 21
8917 37
8918 44
8919 22
8920 29
8921 38
8922 22
8923 73
8924 32
8925 142
8926 22
8927 26
8928 61
8929 100
8930 51
8931 30
8932 46
8933 76
8934 19
8935 33
8936 38
8937 36
8938 23
8939 14
8940 26
8941 70
8942 23
8943 21
8944 36
8945 33
8946 45
8947 19
8948 43
8949 24
8950 21
8951 73
8952 36
8953 60
8954 25
8955 38
8956 15
8957 19
8958 22
8959 38
8960 169
8961 42
8962 33
8963 63
8964 53
8965 30
8966 18
8967 24
8968 47
8969 114
8970 77
8971 98
8972 24
8973 27
8974 28
8975 21
8976 98
8977 41
8978 57
8979 31
8980 39
8981 22
8982 27
8983 29
8984 22
8985 19
8986 34
8987 33
8988 52
8989 72
8990 36
8991 63
8992 30
8993 35
8994 33
8995 26
8996 22
8997 35
8998 43
8999 191
9000 286
9001 153
9002 19
9003 21
9004 26
9005 32
9006 26
9007 89
9008 28
9009 220
9010 62
9011 124
9012 50
9013 104
9014 23
9015 28
9016 42
9017 36
9018 27
9019 28
9020 57
9021 38
9022 25
9023 20
9024 67
9025 189
9026 29
9027 37
9028 26
9029 85
9030 101
9031 48
9032 27
9033 29
9034 11
9035 20
9036 35
9037 20
9038 19
9039 29
9040 37
9041 94
9042 47
9043 94
9044 59
9045 76
9046 16
9047 18
9048 44
9049 106
9050 46
9051 32
9052 31
9053 11
9054 35
9055 29
9056 37
9057 22
9058 23
9059 91
9060 40
9061 53
9062 26
9063 40
9064 28
9065 43
9066 39
9067 79
9068 30
9069 27
9070 22
9071 36
9072 279
9073 65
9074 33
9075 84
9076 30
9077 33
9078 30
9079 28
9080 45
9081 22
9082 17
9083 20
9084 24
9085 30
9086 32
9087 43
9088 48
9089 38
9090 62
9091 177
9092 19
9093 26
9094 23
9095 13
9096 31
9097 28
9098 33
9099 32
9100 111
9101 28
9102 28
9103 95
9104 36
9105 22
9106 15
9107 28
9108 64
9109 115
9110 32
9111 38
9112 49
9113 52
9114 55
9115 18
9116 25
9117 23
9118 24
9119 42
9120 116
9121 42
9122 28
9123 36
9124 29
9125 42
9126 56
9127 79
9128 33
9129 34
9130 42
9131 38
9132 38
9133 78
9134 36
9135 78
9136 58
9137 95
9138 21
9139 88
9140 48
9141 24
9142 30
9143 30
9144 58
9145 22
9146 14
9147 14
9148 18
9149 18
9150 46
9151 72
9152 60
9153 34
9154 25
9155 15
9156 40
9157 111
9158 43
9159 23
9160 35
9161 87
9162 30
9163 22
9164 36
9165 26
9166 17
9167 31
9168 36
9169 21
9170 34
9171 24
9172 21
9173 92
9174 15
9175 25
9176 45
9177 48
9178 44
9179 39
9180 136
9181 99
9182 16
9183 16
9184 50
9185 25
9186 32
9187 62
9188 40
9189 21
9190 27
9191 43
9192 47
9193 35
9194 33
9195 23
9196 28
9197 20
9198 54
9199 132
9200 58
9201 32
9202 28
9203 72
9204 40
9205 32
9206 24
9207 40
9208 42
9209 90
9210 28
9211 51
9212 30
9213 33
9214 34
9215 54
9216 662
9217 72
9218 34
9219 44
9220 29
9221 94
9222 36
9223 23
9224 28
9225 54
9226 33
9227 78
9228 24
9229 46
9230 31
9231 17
9232 128
9233 47
9234 48
9235 47
9236 19
9237 37
9238 19
9239 114
9240 513
9241 159
9242 21
9243 35
9244 24
9245 25
9246 34
9247 37
9248 79
9249 25
9250 31
9251 30
9252 25
9253 24
9254 21
9255 29
9256 32
9257 75
9258 26
9259 24
9260 53
9261 331
9262 27
9263 27
9264 49
9265 40
9266 21
9267 19
9268 27
9269 35
9270 44
9271 30
9272 49
9273 32
9274 33
9275 26
9276 51
9277 89
9278 20
9279 25
9280 58
9281 99
9282 89
9283 94
9284 27
9285 42
9286 24
9287 21
9288 60
9289 35
9290 30
9291 31
9292 39
9293 95
9294 35
9295 49
9296 57
9297 26
9298 20
9299 38
9300 64
9301 21
9302 14
9303 17
9304 30
9305 33
9306 20
9307 27
9308 32
9309 24
9310 63
9311 117
9312 64
9313 32
9314 25
9315 46
9316 77
9317 61
9318 48
9319 79
9320 36
9321 28
9322 22
9323 89
9324 74
9325 39
9326 21
9327 35
9328 41
9329 33
9330 62
9331 101
9332 26
9333 27
9334 17
9335 14
9336 22
9337 81
9338 36
9339 50
9340 29
9341 69
9342 27
9343 82
9344 55
9345 34
9346 34
9347 27
9348 61
9349 218
9350 61
9351 32
9352 43
9353 37
9354 33
9355 19
9356 22
9357 25
9358 22
9359 20
9360 227
9361 80
9362 48
9363 19
9364 26
9365 38
9366 56
9367 34
9368 47
9369 28
9370 26
9371 71
9372 45
9373 48
9374 39
9375 135
9376 58
9377 80
9378 34
9379 24
9380 46
9381 20
9382 22
9383 21
9384 56
9385 42
9386 39
9387 19
9388 34
9389 14
9390 25
9391 66
9392 20
9393 25
9394 34
9395 23
9396 36
9397 77
9398 21
9399 26
9400 38
9401 34
9402 21
9403 79
9404 29
9405 60
9406 20
9407 33
9408 162
9409 261
9410 32
9411 18
9412 32
9413 100
9414 28
9415 28
9416 34
9417 25
9418 35
9419 100
9420 35
9421 71
9422 15
9423 25
9424 56
9425 53
9426 25
9427 24
9428 15
9429 25
9430 39
9431 91
9432 33
9433 81
9434 16
9435 26
9436 35
9437 84
9438 69
9439 116
9440 47
9441 19
9442 19
9443 28
9444 23
9445 28
9446 21
9447 17
9448 31
9449 48
9450 203
9451 40
9452 23
9453 60
9454 26
9455 39
9456 38
9457 38
9458 21
9459 24
9460 51
9461 90
9462 35
9463 85
9464 51
9465 37
9466 27
9467 56
9468 32
9469 13
9470 22
9471 57
9472 77
9473 72
9474 38
9475 25
9476 39
9477 96
9478 35
9479 87
9480 46
9481 45
9482 18
9483 15
9484 42
9485 22
9486 30
9487 22
9488 37
9489 31
9490 46
9491 70
9492 41
9493 22
9494 21
9495 44
9496 72
9497 80
9498 27
9499 34
9500 65
9501 22
9502 19
9503 45
9504 146
9505 44
9506 44
9507 35
9508 22
9509 18
9510 20
9511 76
9512 41
9513 31
9514 31
9515 26
9516 44
9517 33
9518 18
9519 33
9520 88
9521 100
9522 55
9523 42
9524 34
9525 28
9526 25
9527 27
9528 40
9529 23
9530 18
9531 22
9532 8
9533 68
9534 33
9535 15
9536 40
9537 39
9538 21
9539 90
9540 45
9541 31
9542 25
9543 17
9544 23
9545 29
9546 24
9547 73
9548 41
9549 31
9550 23
9551 143
9552 60
9553 28
9554 19
9555 85
9556 24
9557 43
9558 36
9559 40
9560 42
9561 16
9562 17
9563 21
9564 31
9565 16
9566 20
9567 25
9568 43
9569 39
9570 50
9571 20
9572 15
9573 29
9574 25
9575 17
9576 95
9577 33
9578 16
9579 13
9580 27
9581 22
9582 30
9583 31
9584 20
9585 33
9586 30
9587 106
9588 29
9589 20
9590 42
9591 55
9592 45
9593 30
9594 24
9595 35
9596 25
9597 37
9598 30
9599 45
9600 206
9601 117
9602 35
9603 51
9604 208
9605 48
9606 22
9607 43
9608 40
9609 18
9610 21
9611 26
9612 46
9613 83
9614 25
9615 24
9616 28
9617 17
9618 23
9619 81
9620 32
9621 25
9622 16
9623 65
9624 31
9625 60
9626 20
9627 22
9628 22
9629 76
9630 38
9631 93
9632 66
9633 45
9634 28
9635 17
9636 26
9637 31
9638 20
9639 35
9640 34
9641 29
9642 15
9643 82
9644 19
9645 23
9646 33
9647 31
9648 36
9649 86
9650 23
9651 18
9652 15
9653 29
9654 28
9655 17
9656 34
9657 24
9658 23
9659 26
9660 93
9661 116
9662 19
9663 28
9664 41
9665 22
9666 30
9667 31
9668 20
9669 48
9670 17
9671 21
9672 34
9673 21
9674 21
9675 18
9676 23
9677 90
9678 20
9679 84
9680 54
9681 45
9682 34
9683 21
9684 28
9685 25
9686 28
9687 23
9688 39
9689 105
9690 98
9691 27
9692 26
9693 25
9694 20
9695 24
9696 60
9697 94
9698 21
9699 30
9700 43
9701 51
9702 131
9703 32
9704 26
9705 22
9706 26
9707 30
9708 25
9709 64
9710 36
9711 26
9712 27
9713 25
9714 34
9715 25
9716 31
9717 45
9718 22
9719 106
9720 145
9721 101
9722 35
9723 30
9724 83
9725 30
9726 46
9727 35
9728 90
9729 55
9730 84
9731 21
9732 19
9733 67
9734 22
9735 32
9736 26
9737 24
9738 36
9739 85
9740 21
9741 33
9742 15
9743 54
9744 73
9745 26
9746 32
9747 70
9748 21
9749 100
9750 52
9751 37
9752 36
9753 25
9754 10
9755 23
9756 24
9757 22
9758 34
9759 18
9760 42
9761 25
9762 18
9763 20
9764 23
9765 123
9766 26
9767 82
9768 36
9769 99
9770 23
9771 19
9772 19
9773 48
9774 24
9775 44
9776 31
9777 22
9778 18
9779 43
9780 38
9781 61
9782 14
9783 10
9784 39
9785 34
9786 33
9787 64
9788 30
9789 34
9790 27
9791 87
9792 126
9793 30
9794 18
9795 23
9796 33
9797 63
9798 27
9799 46
9800 200
9801 331
9802 40
9803 86
9804 32
9805 34
9806 19
9807 34
9808 42
9809 38
9810 24
9811 78
9812 19
9813 27
9814 23
9815 23
9816 29
9817 66
9818 15
9819 29
9820 20
9821 20
9822 33
9823 27
9824 41
9825 29
9826 59
9827 18
9828 111
9829 102
9830 37
9831 43
9832 30
9833 80
9834 39
9835 29
9836 20
9837 25
9838 30
9839 79
9840 79
9841 162
9842 114
9843 39
9844 44
9845 24
9846 36
9847 14
9848 17
9849 27
9850 33
9851 65
9852 25
9853 24
9854 30
9855 56
9856 84
9857 92
9858 41
9859 93
9860 38
9861 36
9862 26
9863 18
9864 37
9865 22
9866 18
9867 65
9868 21
9869 29
9870 97
9871 78
9872 26
9873 18
9874 22
9875 24
9876 45
9877 28
9878 39
9879 29
9880 72
9881 47
9882 38
9883 68
9884 30
9885 20
9886 26
9887 77
9888 53
9889 52
9890 21
9891 34
9892 22
9893 18
9894 25
9895 17
9896 15
9897 14
9898 39
9899 57
9900 167
9901 169
9902 21
9903 18
9904 31
9905 22
9906 28
9907 70
9908 32
9909 37
9910 23
9911 44
9912 61
9913 18
9914 19
9915 16
9916 25
9917 17
9918 40
9919 70
9920 78
9921 26
9922 55
9923 82
9924 21
9925 35
9926 28
9927 18
9928 46
9929 117
9930 23
9931 103
9932 22
9933 50
9934 19
9935 5
9936 85
9937 25
9938 21
9939 21
9940 60
9941 99
9942 21
9943 13
9944 34
9945 117
9946 25
9947 28
9948 28
9949 117
9950 34
9951 27
9952 29
9953 28
9954 24
9955 43
9956 18
9957 22
9958 24
9959 41
9960 42
9961 30
9962 39
9963 40
9964 28
9965 16
9966 42
9967 95
9968 34
9969 28
9970 32
9971 17
9972 51
9973 97
9974 27
9975 44
9976 65
9977 22
9978 25
9979 25
9980 23
9981 21
9982 46
9983 22
9984 90
9985 32
9986 15
9987 18
9988 41
9989 33
9990 77
9991 60
9992 48
9993 37
9994 37
9995 48
9996 104
9997 49
9998 65
9999 300
10000 1297
10001 658
10002 135
10003 72
10004 66
10005 72
10006 39
10007 187
10008 53
10009 182
10010 485
10011 350
10012 75
10013 41
10014 30
10015 23
10016 55
10017 49
10018 35
10019 31
10020 96
10021 54
10022 38
10023 37
10024 36
10025 39
10026 22
10027 34
10028 23
10029 24
10030 40
10031 32
10032 76
10033 37
10034 27
10035 27
10036 15
10037 82
10038 35
10039 82
10040 42
10041 20
10042 20
10043 16
10044 37
10045 49
10046 13
10047 12
10048 38
10049 28
10050 44
10051 41
10052 30
10053 20
10054 23
10055 15
10056 37
10057 23
10058 24
10059 19
10060 21
10061 115
10062 31
10063 35
10064 38
10065 28
10066 19
10067 81
10068 26
10069 67
10070 27
10071 26
10072 29
10073 20
10074 21
10075 17
10076 22
10077 21
10078 30
10079 111
10080 920
10081 101
10082 75
10083 38
10084 46
10085 29
10086 46
10087 40
10088 58
10089 22
10090 32
10091 106
10092 49
10093 81
10094 15
10095 32
10096 35
10097 21
10098 50
10099 113
10100 365
10101 493
10102 64
10103 126
10104 43
10105 30
10106 23
10107 17
10108 39
10109 36
10110 211
10111 440
10112 89
10113 33
10114 34
10115 34
10116 40
10117 30
10118 24
10119 22
10120 68
10121 59
10122 36
10123 48
10124 33
10125 138
10126 47
10127 31
10128 47
10129 31
10130 33
10131 17
10132 38
10133 88
10134 28
10135 32
10136 37
10137 24
10138 17
10139 90
10140 55
10141 92
10142 25
10143 63
10144 41
10145 23
10146 16
10147 44
10148 20
10149 28
10150 40
10151 99
10152 43
10153 64
10154 32
10155 17
10156 20
10157 24
10158 20
10159 61
10160 25
10161 14
10162 15
10163 62
10164 59
10165 32
10166 15
10167 18
10168 18
10169 59
10170 27
10171 26
10172 15
10173 16
10174 16
10175 24
10176 53
10177 83
10178 21
10179 44
10180 37
10181 80
10182 31
10183 21
10184 36
10185 27
10186 29
10187 20
10188 24
10189 20
10190 19
10191 42
10192 76
10193 60
10194 32
10195 22
10196 25
10197 23
10198 26
10199 37
10200 151
10201 483
10202 55
10203 28
10204 35
10205 43
10206 153
10207 40
10208 29
10209 19
10210 44
10211 106
10212 46
10213 39
10214 23
10215 18
10216 21
10217 22
10218 19
10219 26
10220 62
10221 25
10222 35
10223 86
10224 48
10225 51
10226 31
10227 29
10228 16
10229 27
10230 57
10231 35
10232 32
10233 33
10234 64
10235 37
10236 36
10237 31
10238 24
10239 49
10240 280
10241 69
10242 37
10243 109
10244 14
10245 39
10246 21
10247 73
10248 57
10249 29
10250 50
10251 46
10252 49
10253 74
10254 18
10255 12
10256 30
10257 24
10258 22
10259 60
10260 57
10261 62
10262 21
10263 13
10264 30
10265 29
10266 29
10267 78
10268 31
10269 28
10270 21
10271 69
10272 40
10273 69
10274 22
10275 26
10276 29
10277 27
10278 27
10279 29
10280 44
10281 32
10282 18
10283 27
10284 31
10285 31
10286 20
10287 36
10288 27
10289 74
10290 75
10291 29
10292 30
10293 18
10294 23
10295 20
10296 187
10297 29
10298 16
10299 36
10300 41
10301 242
10302 41
10303 118
10304 60
10305 34
10306 20
10307 30
10308 23
10309 30
10310 25
10311 22
10312 18
10313 78
10314 28
10315 13
10316 17
10317 21
10318 22
10319 21
10320 57
10321 106
10322 31
10323 30
10324 41
10325 30
10326 27
10327 30
10328 17
10329 28
10330 21
10331 88
10332 56
10333 93
10334 24
10335 34
10336 40
10337 72
10338 10
10339 25
10340 43
10341 28
10342 32
10343 63
10344 30
10345 22
10346 5
10347 14
10348 31
10349 31
10350 39
10351 31
10352 32
10353 28
10354 12
10355 17
10356 21
10357 75
10358 11
10359 20
10360 46
10361 15
10362 26
10363 20
10364 24
10365 20
10366 42
10367 37
10368 352
10369 122
10370 48
10371 17
10372 18
10373 30
10374 77
10375 28
10376 32
10377 18
10378 18
10379 46
10380 21
10381 26
10382 17
10383 13
10384 43
10385 16
10386 22
10387 18
10388 38
10389 19
10390 16
10391 82
10392 24
10393 16
10394 26
10395 458
10396 37
10397 26
10398 17
10399 68
10400 71
10401 66
10402 24
10403 77
10404 245
10405 28
10406 41
10407 16
10408 21
10409 22
10410 28
10411 22
10412 27
10413 27
10414 22
10415 20
10416 99
10417 30
10418 19
10419 17
10420 28
10421 29
10422 26
10423 36
10424 28
10425 26
10426 21
10427 83
10428 28
10429 67
10430 26
10431 26
10432 38
10433 66
10434 24
10435 14
10436 22
10437 21
10438 29
10439 32
10440 106
10441 27
10442 23
10443 29
10444 56
10445 16
10446 18
10447 28
10448 36
10449 45
10450 33
10451 20
10452 25
10453 78
10454 16
10455 28
10456 26
10457 93
10458 32
10459 61
10460 22
10461 27
10462 15
10463 43
10464 31
10465 63
10466 22
10467 18
10468 23
10469 28
10470 26
10471 16
10472 46
10473 16
10474 19
10475 14
10476 36
10477 47
10478 21
10479 32
10480 42
10481 21
10482 17
10483 22
10484 27
10485 24
10486 24
10487 56
10488 30
10489 52
10490 29
10491 15
10492 17
10493 24
10494 22
10495 15
10496 68
10497 35
10498 22
10499 64
10500 120
10501 195
10502 17
10503 26
10504 33
10505 48
10506 48
10507 30
10508 27
10509 18
10510 16
10511 27
10512 53
10513 81
10514 25
10515 29
10516 31
10517 10
10518 17
10519 18
10520 18
10521 22
10522 15
10523 19
10524 20
10525 31
10526 19
10527 25
10528 42
10529 86
10530 67
10531 74
10532 14
10533 24
10534 23
10535 33
10536 22
10537 28
10538 32
10539 9
10540 25
10541 39
10542 29
10543 38
10544 17
10545 40
10546 26
10547 27
10548 29
10549 23
10550 16
10551 17
10552 12
10553 17
10554 21
10555 9
10556 54
10557 25
10558 31
10559 70
10560 105
10561 33
10562 24
10563 23
10564 19
10565 22
10566 23
10567 50
10568 19
10569 27
10570 50
10571 28
10572 24
10573 16
10574 12
10575 28
10576 30
10577 24
10578 24
10579 41
10580 22
10581 23
10582 40
10583 27
10584 167
10585 210
10586 22
10587 20
10588 8
10589 77
10590 19
10591 21
10592 37
10593 27
10594 22
10595 18
10596 16
10597 46
10598 15
10599 16
10600 35
10601 167
10602 24
10603 21
10604 33
10605 43
10606 18
10607 76
10608 58
10609 251
10610 43
10611 29
10612 17
10613 75
10614 23
10615 31
10616 20
10617 20
10618 18
10619 18
10620 36
10621 48
10622 29
10623 20
10624 54
10625 94
10626 150
10627 85
10628 20
10629 16
10630 18
10631 62
10632 28
10633 26
10634 24
10635 12
10636 17
10637 23
10638 19
10639 62
10640 59
10641 21
10642 28
10643 12
10644 22
10645 13
10646 16
10647 64
10648 252
10649 49
10650 26
10651 73
10652 24
10653 18
10654 28
10655 13
10656 66
10657 126
10658 37
10659 81
10660 97
10661 34
10662 21
10663 44
10664 32
10665 24
10666 21
10667 64
10668 47
10669 22
10670 25
10671 14
10672 36
10673 30
10674 22
10675 17
10676 23
10677 22
10678 13
10679 31
10680 52
10681 33
10682 28
10683 22
10684 27
10685 18
10686 27
10687 52
10688 29
10689 20
10690 18
10691 85
10692 68
10693 31
10694 17
10695 35
10696 37
10697 15
10698 13
10699 14
10700 23
10701 55
10702 24
10703 32
10704 35
10705 21
10706 29
10707 31
10708 27
10709 78
10710 104
10711 79
10712 54
10713 25
10714 21
10715 14
10716 30
10717 27
10718 16
10719 21
10720 29
10721 11
10722 12
10723 65
10724 25
10725 59
10726 17
10727 29
10728 29
10729 72
10730 18
10731 39
10732 31
10733 51
10734 29
10735 36
10736 36
10737 16
10738 32
10739 62
10740 23
10741 32
10742 24
10743 17
10744 58
10745 28
10746 41
10747 25
10748 9
10749 21
10750 18
10751 30
10752 179
10753 100
10754 23
10755 17
10756 13
10757 6
10758 24
10759 9
10760 25
10761 27
10762 33
10763 29
10764 28
10765 20
10766 21
10767 22
10768 28
10769 15
10770 19
10771 62
10772 12
10773 37
10774 19
10775 14
10776 18
10777 25
10778 20
10779 15
10780 62
10781 58
10782 20
10783 18
10784 20
10785 16
10786 32
10787 36
10788 39
10789 75
10790 38
10791 26
10792 45
10793 9
10794 35
10795 58
10796 17
10797 24
10798 11
10799 94
10800 344
10801 72
10802 25
10803 16
10804 33
10805 28
10806 21
10807 30
10808 28
10809 20
10810 17
10811 17
10812 37
10813 22
10814 16
10815 48
10816 200
10817 19
10818 28
10819 23
10820 41
10821 24
10822 11
10823 8
10824 33
10825 22
10826 22
10827 21
10828 20
10829 30
10830 63
10831 67
10832 18
10833 31
10834 22
10835 19
10836 71
10837 70
10838 19
10839 22
10840 22
10841 25
10842 23
10843 24
10844 18
10845 22
10846 27
10847 54
10848 33
10849 15
10850 42
10851 31
10852 24
10853 76
10854 24
10855 17
10856 56
10857 32
10858 21
10859 66
10860 28
10861 66
10862 17
10863 16
10864 66
10865 24
10866 23
10867 64
10868 34
10869 25
10870 13
10871 19
10872 19
10873 15
10874 11
10875 29
10876 17
10877 72
10878 54
10879 41
10880 101
10881 30
10882 30
10883 57
10884 17
10885 19
10886 19
10887 14
10888 23
10889 71
10890 77
10891 77
10892 30
10893 19
10894 11
10895 11
10896 28
10897 43
10898 19
10899 23
10900 55
10901 78
10902 24
10903 58
10904 22
10905 27
10906 18
10907 11
10908 23
10909 81
10910 22
10911 18
10912 51
10913 14
10914 21
10915 39
10916 17
10917 22
10918 22
10919 24
10920 299
10921 53
10922 141
10923 130
10924 47
10925 35
10926 27
10927 21
10928 27
10929 11
10930 27
10931 9
10932 21
10933 68
10934 44
10935 116
10936 38
10937 75
10938 22
10939 52
10940 16
10941 26
10942 35
10943 22
10944 76
10945 87
10946 271
10947 45
10948 49
10949 79
10950 47
10951 22
10952 55
10953 18
10954 24
10955 21
10956 27
10957 62
10958 21
10959 28
10960 37
10961 26
10962 36
10963 37
10964 23
10965 43
10966 26
10967 16
10968 21
10969 23
10970 25
10971 24
10972 23
10973 55
10974 30
10975 23
10976 147
10977 17
10978 24
10979 59
10980 43
10981 31
10982 26
10983 26
10984 20
10985 41
10986 22
10987 62
10988 18
10989 51
10990 33
10991 26
10992 13
10993 57
10994 22
10995 8
10996 24
10997 16
10998 29
10999 15
11000 456
11001 236
11002 40
11003 78
11004 40
11005 34
11006 16
11007 32
11008 72
11009 39
11010 187
11011 403
11012 33
11013 29
11014 22
11015 22
11016 62
11017 31
11018 32
11019 17
11020 56
11021 69
11022 38
11023 36
11024 56
11025 367
11026 75
11027 77
11028 23
11029 30
11030 15
11031 21
11032 39
11033 29
11034 25
11035 23
11036 26
11037 14
11038 12
11039 14
11040 70
11041 88
11042 16
11043 18
11044 30
11045 24
11046 33
11047 63
11048 26
11049 22
11050 66
11051 58
11052 21
11053 23
11054 16
11055 32
11056 49
11057 59
11058 24
11059 52
11060 36
11061 22
11062 12
11063 16
11064 25
11065 19
11066 19
11067 43
11068 34
11069 59
11070 24
11071 61
11072 27
11073 17
11074 17
11075 23
11076 28
11077 26
11078 12
11079 23
11080 36
11081 20
11082 25
11083 55
11084 11
11085 7
11086 13
11087 52
11088 186
11089 30
11090 24
11091 28
11092 29
11093 68
11094 21
11095 19
11096 75
11097 28
11098 30
11099 23
11100 310
11101 285
11102 53
11103 19
11104 21
11105 17
11106 15
11107 24
11108 22
11109 22
11110 221
11111 770
11112 131
11113 158
11114 63
11115 93
11116 38
11117 130
11118 28
11119 104
11120 36
11121 69
11122 91
11123 38
11124 36
11125 47
11126 22
11127 24
11128 31
11129 19
11130 60
11131 142
11132 102
11133 61
11134 28
11135 13
11136 43
11137 36
11138 16
11139 13
11140 25
11141 39
11142 32
11143 35
11144 39
11145 18
11146 17
11147 14
11148 22
11149 57
11150 19
11151 25
11152 32
11153 19
11154 25
11155 48
11156 16
11157 22
11158 11
11159 70
11160 97
11161 126
11162 13
11163 21
11164 13
11165 28
11166 22
11167 13
11168 20
11169 24
11170 19
11171 112
11172 43
11173 67
11174 9
11175 46
11176 35
11177 100
11178 31
11179 20
11180 22
11181 31
11182 13
11183 14
11184 25
11185 19
11186 18
11187 15
11188 24
11189 19
11190 19
11191 37
11192 18
11193 38
11194 16
11195 21
11196 39
11197 57
11198 17
11199 29
11200 106
11201 42
11202 38
11203 22
11204 23
11205 32
11206 19
11207 15
11208 23
11209 17
11210 33
11211 114
11212 64
11213 97
11214 21
11215 26
11216 19
11217 13
11218 19
11219 24
11220 83
11221 61
11222 76
11223 41
11224 34
11225 13
11226 24
11227 38
11228 14
11229 17
11230 26
11231 35
11232 96
11233 28
11234 40
11235 43
11236 144
11237 18
11238 22
11239 52
11240 39
11241 25
11242 24
11243 71
11244 17
11245 26
11246 24
11247 27
11248 33
11249 39
11250 106
11251 106
11252 21
11253 36
11254 26
11255 14
11256 37
11257 80
11258 16
11259 33
11260 23
11261 75
11262 22
11263 38
11264 204
11265 40
11266 20
11267 17
11268 21
11269 11
11270 30
11271 12
11272 16
11273 46
11274 28
11275 35
11276 19
11277 18
11278 20
11279 64
11280 43
11281 23
11282 23
11283 28
11284 47
11285 28
11286 32
11287 46
11288 16
11289 19
11290 16
11291 11
11292 28
11293 21
11294 15
11295 24
11296 23
11297 15
11298 31
11299 45
11300 28
11301 23
11302 18
11303 26
11304 42
11305 127
11306 27
11307 19
11308 14
11309 26
11310 59
11311 234
11312 32
11313 36
11314 20
11315 17
11316 18
11317 65
11318 9
11319 38
11320 30
11321 97
11322 33
11323 26
11324 30
11325 48
11326 20
11327 10
11328 41
11329 56
11330 23
11331 33
11332 18
11333 25
11334 16
11335 10
11336 23
11337 9
11338 26
11339 37
11340 158
11341 34
11342 29
11343 18
11344 25
11345 15
11346 31
11347 14
11348 10
11349 26
11350 17
11351 54
11352 41
11353 65
11354 17
11355 19
11356 17
11357 30
11358 13
11359 22
11360 36
11361 34
11362 22
11363 22
11364 27
11365 11
11366 12
11367 16
11368 46
11369 62
11370 24
11371 26
11372 17
11373 39
11374 25
11375 58
11376 29
11377 22
11378 28
11379 25
11380 20
11381 17
11382 27
11383 69
11384 22
11385 54
11386 19
11387 12
11388 24
11389 28
11390 22
11391 19
11392 24
11393 47
11394 14
11395 32
11396 40
11397 18
11398 15
11399 58
11400 79
11401 26
11402 26
11403 28
11404 15
11405 13
11406 26
11407 29
11408 37
11409 18
11410 28
11411 192
11412 16
11413 26
11414 19
11415 13
11416 13
11417 17
11418 12
11419 15
11420 14
11421 27
11422 11
11423 60
11424 91
11425 36
11426 16
11427 23
11428 16
11429 25
11430 33
11431 26
11432 28
11433 11
11434 23
11435 17
11436 19
11437 47
11438 30
11439 44
11440 225
11441 37
11442 26
11443 40
11444 39
11445 30
11446 6
11447 79
11448 56
11449 220
11450 19
11451 11
11452 19
11453 20
11454 16
11455 13
11456 35
11457 26
11458 22
11459 17
11460 28
11461 22
11462 8
11463 13
11464 19
11465 20
11466 52
11467 65
11468 23
11469 15
11470 22
11471 51
11472 37
11473 26
11474 21
11475 62
11476 62
11477 20
11478 18
11479 21
11480 77
11481 42
11482 42
11483 58
11484 42
11485 13
11486 22
11487 18
11488 28
11489 61
11490 22
11491 63
11492 30
11493 27
11494 19
11495 28
11496 39
11497 64
11498 13
11499 17
11500 23
11501 23
11502 23
11503 48
11504 32
11505 30
11506 17
11507 11
11508 32
11509 16
11510 20
11511 60
11512 29
11513 19
11514 11
11515 41
11516 28
11517 14
11518 18
11519 64
11520 333
11521 64
11522 20
11523 16
11524 31
11525 17
11526 25
11527 50
11528 24
11529 57
11530 21
11531 21
11532 33
11533 15
11534 13
11535 19
11536 41
11537 17
11538 31
11539 12
11540 17
11541 20
11542 17
11543 34
11544 30
11545 26
11546 8
11547 11
11548 14
11549 86
11550 160
11551 108
11552 56
11553 24
11554 28
11555 23
11556 68
11557 38
11558 27
11559 20
11560 27
11561 17
11562 19
11563 16
11564 31
11565 32
11566 19
11567 22
11568 31
11569 14
11570 23
11571 30
11572 22
11573 35
11574 17
11575 11
11576 17
11577 16
11578 14
11579 50
11580 22
11581 29
11582 18
11583 50
11584 66
11585 37
11586 35
11587 53
11588 21
11589 14
11590 20
11591 15
11592 65
11593 87
11594 23
11595 9
11596 20
11597 62
11598 18
11599 22
11600 23
11601 10
11602 17
11603 14
11604 23
11605 54
11606 17
11607 17
11608 18
11609 22
11610 41
11611 39
11612 10
11613 18
11614 30
11615 15
11616 85
11617 73
11618 24
11619 16
11620 29
11621 65
11622 25
11623 18
11624 29
11625 29
11626 16
11627 26
11628 155
11629 21
11630 14
11631 17
11632 12
11633 55
11634 20
11635 13
11636 11
11637 30
11638 44
11639 32
11640 30
11641 15
11642 25
11643 14
11644 29
11645 15
11646 19
11647 25
11648 79
11649 7
11650 25
11651 15
11652 21
11653 17
11654 13
11655 68
11656 28
11657 72
11658 19
11659 19
11660 28
11661 36
11662 25
11663 108
11664 421
11665 36
11666 22
11667 31
11668 13
11669 15
11670 18
11671 22
11672 26
11673 25
11674 13
11675 14
11676 37
11677 73
11678 7
11679 20
11680 45
11681 66
11682 30
11683 20
11684 27
11685 27
11686 18
11687 23
11688 26
11689 44
11690 22
11691 23
11692 12
11693 18
11694 13
11695 13
11696 22
11697 21
11698 16
11699 74
11700 128
11701 69
11702 20
11703 12
11704 63
11705 30
11706 29
11707 15
11708 11
11709 21
11710 17
11711 70
11712 54
11713 33
11714 16
11715 37
11716 25
11717 92
11718 36
11719 77
11720 17
11721 9
11722 10
11723 11
11724 15
11725 20
11726 26
11727 14
11728 28
11729 19
11730 32
11731 70
11732 19
11733 33
11734 16
11735 10
11736 51
11737 20
11738 8
11739 22
11740 25
11741 12
11742 17
11743 61
11744 25
11745 28
11746 20
11747 9
11748 17
11749 23
11750 21
11751 9
11752 33
11753 37
11754 17
11755 10
11756 17
11757 20
11758 24
11759 27
11760 187
11761 30
11762 19
11763 16
11764 21
11765 25
11766 22
11767 20
11768 19
11769 15
11770 25
11771 21
11772 74
11773 28
11774 38
11775 38
11776 92
11777 117
11778 26
11779 52
11780 23
11781 92
11782 24
11783 45
11784 26
11785 10
11786 14
11787 10
11788 20
11789 67
11790 18
11791 12
11792 33
11793 24
11794 16
11795 17
11796 13
11797 9
11798 11
11799 29
11800 29
11801 61
11802 26
11803 27
11804 32
11805 13
11806 16
11807 54
11808 44
11809 19
11810 31
11811 80
11812 19
11813 53
11814 23
11815 18
11816 26
11817 31
11818 22
11819 21
11820 27
11821 62
11822 28
11823 17
11824 36
11825 17
11826 31
11827 53
11828 20
11829 18
11830 49
11831 60
11832 32
11833 54
11834 17
11835 16
11836 16
11837 12
11838 10
11839 44
11840 27
11841 11
11842 14
11843 20
11844 32
11845 13
11846 13
11847 10
11848 17
11849 23
11850 24
11851 13
11852 15
11853 9
11854 19
11855 10
11856 42
11857 25
11858 28
11859 18
11860 23
11861 15
11862 15
11863 48
11864 17
11865 14
11866 8
11867 38
11868 22
11869 24
11870 12
11871 7
11872 35
11873 14
11874 23
11875 32
11876 18
11877 26
11878 26
11879 23
11880 199
11881 248
11882 18
11883 18
11884 14
11885 16
11886 34
11887 47
11888 27
11889 15
11890 22
11891 26
11892 32
11893 12
11894 15
11895 23
11896 24
11897 54
11898 22
11899 35
11900 50
11901 20
11902 14
11903 59
11904 63
11905 30
11906 15
11907 70
11908 24
11909 57
11910 7
11911 47
11912 22
11913 33
11914 40
11915 20
11916 19
11917 26
11918 15
11919 28
11920 25
11921 17
11922 12
11923 52
11924 19
11925 40
11926 16
11927 44
11928 30
11929 30
11930 22
11931 13
11932 30
11933 72
11934 96
11935 90
11936 24
11937 24
11938 9
11939 55
11940 21
11941 48
11942 21
11943 19
11944 17
11945 15
11946 14
11947 11
11948 16
11949 22
11950 24
11951 26
11952 31
11953 66
11954 15
11955 16
11956 19
11957 19
11958 13
11959 45
11960 30
11961 21
11962 18
11963 21
11964 19
11965 14
11966 20
11967 8
11968 34
11969 65
11970 93
11971 65
11972 13
11973 32
11974 8
11975 5
11976 35
11977 34
11978 17
11979 55
11980 21
11981 41
11982 19
11983 20
11984 30
11985 23
11986 25
11987 32
11988 56
11989 30
11990 30
11991 31
11992 21
11993 12
11994 18
11995 18
11996 10
11997 25
11998 22
11999 24
12000 136
12001 40
12002 33
12003 9
12004 17
12005 93
12006 28
12007 55
12008 26
12009 10
12010 44
12011 114
12012 242
12013 46
12014 31
12015 26
12016 28
12017 9
12018 14
12019 22
12020 24
12021 51
12022 20
12023 15
12024 29
12025 66
12026 17
12027 26
12028 16
12029 17
12030 21
12031 37
12032 62
12033 27
12034 20
12035 21
12036 31
12037 49
12038 14
12039 18
12040 41
12041 53
12042 20
12043 53
12044 13
12045 22
12046 17
12047 17
12048 28
12049 63
12050 16
12051 15
12052 20
12053 19
12054 22
12055 16
12056 17
12057 20
12058 13
12059 14
12060 30
12061 17
12062 18
12063 21
12064 28
12065 12
12066 15
12067 11
12068 25
12069 19
12070 20
12071 76
12072 41
12073 59
12074 11
12075 35
12076 34
12077 28
12078 18
12079 16
12080 14
12081 14
12082 10
12083 27
12084 24
12085 19
12086 14
12087 18
12088 24
12089 22
12090 72
12091 23
12092 24
12093 11
12094 13
12095 23
12096 222
12097 87
12098 20
12099 34
12100 247
12101 136
12102 43
12103 41
12104 41
12105 29
12106 15
12107 61
12108 29
12109 44
12110 49
12111 60
12112 76
12113 76
12114 11
12115 24
12116 15
12117 13
12118 16
12119 60
12120 37
12121 121
12122 83
12123 29
12124 26
12125 24
12126 13
12127 17
12128 29
12129 8
12130 15
12131 35
12132 23
12133 20
12134 15
12135 22
12136 27
12137 14
12138 36
12139 24
12140 23
12141 14
12142 14
12143 47
12144 82
12145 37
12146 19
12147 16
12148 23
12149 55
12150 62
12151 46
12152 40
12153 18
12154 22
12155 89
12156 21
12157 43
12158 11
12159 29
12160 62
12161 88
12162 26
12163 64
12164 24
12165 25
12166 53
12167 306
12168 112
12169 27
12170 22
12171 11
12172 11
12173 10
12174 18
12175 27
12176 24
12177 16
12178 11
12179 19
12180 79
12181 19
12182 9
12183 17
12184 15
12185 12
12186 14
12187 9
12188 17
12189 12
12190 37
12191 22
12192 46
12193 21
12194 32
12195 34
12196 17
12197 48
12198 22
12199 14
12200 33
12201 32
12202 25
12203 61
12204 18
12205 20
12206 15
12207 24
12208 41
12209 53
12210 72
12211 126
12212 62
12213 17
12214 31
12215 14
12216 23
12217 23
12218 16
12219 22
12220 26
12221 110
12222 75
12223 33
12224 54
12225 13
12226 16
12227 60
12228 24
12229 15
12230 15
12231 22
12232 29
12233 23
12234 32
12235 50
12236 27
12237 28
12238 33
12239 77
12240 120
12241 88
12242 23
12243 23
12244 16
12245 21
12246 57
12247 17
12248 22
12249 17
12250 55
12251 100
12252 21
12253 34
12254 15
12255 33
12256 40
12257 22
12258 16
12259 38
12260 29
12261 16
12262 12
12263 39
12264 30
12265 22
12266 13
12267 15
12268 11
12269 39
12270 25
12271 17
12272 26
12273 18
12274 19
12275 15
12276 40
12277 48
12278 19
12279 23
12280 27
12281 73
12282 23
12283 31
12284 40
12285 127
12286 43
12287 80
12288 574
12289 161
12290 25
12291 41
12292 30
12293 19
12294 26
12295 19
12296 22
12297 16
12298 26
12299 19
12300 52
12301 80
12302 20
12303 17
12304 41
12305 17
12306 34
12307 14
12308 19
12309 11
12310 48
12311 29
12312 65
12313 18
12314 20
12315 15
12316 17
12317 36
12318 19
12319 32
12320 113
12321 257
12322 21
12323 69
12324 48
12325 47
12326 18
12327 22
12328 23
12329 51
12330 27
12331 30
12332 13
12333 25
12334 19
12335 23
12336 40
12337 29
12338 18
12339 31
12340 32
12341 66
12342 33
12343 52
12344 26
12345 115
12346 46
12347 80
12348 114
12349 26
12350 39
12351 24
12352 23
12353 13
12354 24
12355 16
12356 27
12357 26
12358 14
12359 20
12360 37
12361 26
12362 22
12363 26
12364 15
12365 15
12366 21
12367 37
12368 15
12369 39
12370 20
12371 20
12372 25
12373 45
12374 15
12375 68
12376 150
12377 68
12378 16
12379 54
12380 16
12381 24
12382 27
12383 17
12384 58
12385 26
12386 25
12387 15
12388 17
12389 27
12390 38
12391 73
12392 37
12393 63
12394 19
12395 12
12396 19
12397 30
12398 13
12399 18
12400 51
12401 77
12402 26
12403 136
12404 21
12405 33
12406 8
12407 7
12408 30
12409 46
12410 20
12411 33
12412 23
12413 46
12414 17
12415 23
12416 33
12417 22
12418 19
12419 27
12420 46
12421 162
12422 14
12423 19
12424 17
12425 38
12426 23
12427 26
12428 27
12429 19
12430 28
12431 23
12432 53
12433 58
12434 14
12435 23
12436 8
12437 40
12438 15
12439 17
12440 18
12441 59
12442 19
12443 15
12444 26
12445 20
12446 18
12447 22
12448 20
12449 19
12450 30
12451 45
12452 20
12453 24
12454 15
12455 18
12456 29
12457 57
12458 27
12459 12
12460 19
12461 17
12462 16
12463 24
12464 25
12465 55
12466 12
12467 27
12468 24
12469 14
12470 26
12471 12
12472 14
12473 57
12474 54
12475 16
12476 16
12477 17
12478 13
12479 47
12480 98
12481 39
12482 34
12483 50
12484 17
12485 14
12486 26
12487 45
12488 20
12489 15
12490 13
12491 45
12492 18
12493 34
12494 18
12495 41
12496 52
12497 44
12498 10
12499 28
12500 191
12501 31
12502 32
12503 56
12504 23
12505 24
12506 22
12507 25
12508 13
12509 13
12510 30
12511 68
12512 35
12513 18
12514 12
12515 21
12516 24
12517 50
12518 11
12519 6
12520 19
12521 37
12522 16
12523 12
12524 25
12525 18
12526 9
12527 43
12528 34
12529 31
12530 25
12531 16
12532 17
12533 10
12534 24
12535 16
12536 27
12537 14
12538 16
12539 60
12540 59
12541 63
12542 24
12543 48
12544 229
12545 52
12546 28
12547 64
12548 13
12549 23
12550 16
12551 18
12552 29
12553 36
12554 10
12555 19
12556 24
12557 11
12558 37
12559 19
12560 30
12561 34
12562 17
12563 17
12564 18
12565 29
12566 17
12567 19
12568 15
12569 39
12570 23
12571 14
12572 24
12573 22
12574 14
12575 13
12576 26
12577 45
12578 22
12579 17
12580 29
12581 8
12582 10
12583 48
12584 24
12585 29
12586 33
12587 12
12588 19
12589 43
12590 17
12591 17
12592 21
12593 26
12594 14
12595 18
12596 17
12597 49
12598 8
12599 25
12600 412
12601 99
12602 17
12603 9
12604 13
12605 15
12606 17
12607 28
12608 24
12609 23
12610 19
12611 63
12612 22
12613 37
12614 22
12615 30
12616 39
12617 12
12618 16
12619 45
12620 26
12621 35
12622 15
12623 16
12624 19
12625 40
12626 16
12627 17
12628 37
12629 16
12630 27
12631 13
12632 20
12633 20
12634 26
12635 20
12636 47
12637 48
12638 11
12639 19
12640 36
12641 81
12642 45
12643 22
12644 31
12645 29
12646 19
12647 44
12648 24
12649 42
12650 102
12651 21
12652 10
12653 65
12654 43
12655 28
12656 51
12657 27
12658 13
12659 49
12660 22
12661 20
12662 17
12663 33
12664 46
12665 18
12666 14
12667 8
12668 15
12669 22
12670 28
12671 64
12672 94
12673 62
12674 16
12675 40
12676 16
12677 11
12678 15
12679 16
12680 29
12681 10
12682 19
12683 14
12684 14
12685 16
12686 20
12687 13
12688 31
12689 42
12690 26
12691 29
12692 27
12693 7
12694 13
12695 16
12696 81
12697 55
12698 16
12699 18
12700 25
12701 22
12702 19
12703 36
12704 17
12705 76
12706 21
12707 31
12708 16
12709 21
12710 13
12711 14
12712 22
12713 44
12714 17
12715 11
12716 20
12717 18
12718 17
12719 27
12720 92
12721 148
12722 12
12723 10
12724 9
12725 17
12726 20
12727 30
12728 18
12729 18
12730 26
12731 19
12732 21
12733 11
12734 19
12735 24
12736 22
12737 12
12738 14
12739 51
12740 65
12741 19
12742 16
12743 52
12744 36
12745 14
12746 14
12747 22
12748 13
12749 19
12750 33
12751 15
12752 18
12753 14
12754 16
12755 11
12756 34
12757 47
12758 14
12759 10
12760 30
12761 16
12762 18
12763 63
12764 11
12765 18
12766 19
12767 18
12768 61
12769 219
12770 23
12771 27
12772 17
12773 23
12774 20
12775 12
12776 33
12777 9
12778 11
12779 8
12780 26
12781 55
12782 26
12783 18
12784 20
12785 9
12786 17
12787 11
12788 22
12789 34
12790 18
12791 38
12792 26
12793 30
12794 14
12795 14
12796 24
12797 21
12798 23
12799 78
12800 130
12801 63
12802 18
12803 16
12804 32
12805 17
12806 9
12807 9
12808 13
12809 56
12810 57
12811 19
12812 9
12813 15
12814 13
12815 37
12816 51
12817 14
12818 24
12819 25
12820 16
12821 108
12822 13
12823 47
12824 33
12825 48
12826 16
12827 13
12828 23
12829 39
12830 11
12831 13
12832 14
12833 18
12834 13
12835 18
12836 10
12837 13
12838 11
12839 13
12840 59
12841 61
12842 18
12843 20
12844 23
12845 20
12846 15
12847 13
12848 14
12849 10
12850 21
12851 17
12852 48
12853 79
12854 16
12855 14
12856 18
12857 18
12858 28
12859 17
12860 17
12861 24
12862 18
12863 15
12864 36
12865 20
12866 34
12867 26
12868 32
12869 36
12870 373
12871 60
12872 34
12873 15
12874 19
12875 27
12876 29
12877 15
12878 12
12879 29
12880 72
12881 24
12882 40
12883 29
12884 21
12885 22
12886 14
12887 11
12888 32
12889 59
12890 14
12891 13
12892 12
12893 39
12894 16
12895 13
12896 31
12897 18
12898 19
12899 43
12900 26
12901 22
12902 10
12903 21
12904 13
12905 15
12906 11
12907 54
12908 14
12909 16
12910 22
12911 40
12912 14
12913 23
12914 13
12915 45
12916 35
12917 52
12918 18
12919 45
12920 50
12921 29
12922 31
12923 43
12924 18
12925 21
12926 18
12927 19
12928 18
12929 16
12930 11
12931 12
12932 21
12933 17
12934 17
12935 18
12936 62
12937 20
12938 9
12939 16
12940 13
12941 48
12942 19
12943 42
12944 12
12945 15
12946 16
12947 12
12948 28
12949 16
12950 21
12951 12
12952 16
12953 45
12954 25
12955 24
12956 14
12957 12
12958 32
12959 44
12960 208
12961 32
12962 21
12963 9
12964 19
12965 21
12966 19
12967 45
12968 5
12969 21
12970 36
12971 9
12972 29
12973 42
12974 18
12975 8
12976 13
12977 20
12978 25
12979 38
12980 17
12981 10
12982 19
12983 38
12984 29
12985 23
12986 14
12987 26
12988 12
12989 18
12990 14
12991 13
12992 36
12993 18
12994 26
12995 24
12996 153
12997 17
12998 21
12999 13
13000 67
13001 71
13002 23
13003 41
13004 17
13005 30
13006 21
13007 41
13008 23
13009 52
13010 20
13011 18
13012 10
13013 79
13014 15
13015 29
13016 15
13017 10
13018 9
13019 32
13020 71
13021 66
13022 13
13023 18
13024 38
13025 23
13026 27
13027 11
13028 8
13029 12
13030 9
13031 52
13032 32
13033 53
13034 25
13035 30
13036 22
13037 44
13038 10
13039 16
13040 33
13041 61
13042 13
13043 48
13044 15
13045 27
13046 15
13047 8
13048 13
13049 52
13050 34
13051 36
13052 19
13053 15
13054 14
13055 19
13056 100
13057 16
13058 17
13059 13
13060 14
13061 18
13062 15
13063 56
13064 25
13065 18
13066 11
13067 38
13068 133
13069 15
13070 16
13071 17
13072 17
13073 25
13074 17
13075 24
13076 13
13077 9
13078 17
13079 19
13080 44
13081 17
13082 27
13083 19
13084 12
13085 15
13086 15
13087 14
13088 18
13089 18
13090 54
13091 21
13092 16
13093 41
13094 11
13095 23
13096 20
13097 17
13098 15
13099 45
13100 26
13101 23
13102 24
13103 43
13104 144
13105 24
13106 19
13107 121
13108 32
13109 47
13110 53
13111 34
13112 22
13113 36
13114 15
13115 12
13116 27
13117 18
13118 17
13119 16
13120 57
13121 121
13122 268
13123 42
13124 39
13125 103
13126 18
13127 41
13128 30
13129 24
13130 30
13131 70
13132 56
13133 23
13134 18
13135 27
13136 20
13137 13
13138 19
13139 17
13140 39
13141 21
13142 10
13143 11
13144 19
13145 19
13146 13
13147 54
13148 11
13149 17
13150 13
13151 44
13152 38
13153 12
13154 11
13155 18
13156 36
13157 17
13158 24
13159 44
13160 36
13161 11
13162 13
13163 52
13164 10
13165 14
13166 17
13167 50
13168 26
13169 15
13170 19
13171 52
13172 15
13173 10
13174 13
13175 23
13176 39
13177 46
13178 14
13179 12
13180 17
13181 16
13182 38
13183 51
13184 30
13185 17
13186 11
13187 50
13188 21
13189 22
13190 20
13191 13
13192 26
13193 17
13194 19
13195 21
13196 14
13197 16
13198 19
13199 17
13200 107
13201 90
13202 27
13203 70
13204 23
13205 18
13206 12
13207 30
13208 20
13209 31
13210 14
13211 25
13212 22
13213 38
13214 9
13215 19
13216 31
13217 48
13218 13
13219 35
13220 26
13221 24
13222 11
13223 19
13224 33
13225 128
13226 11
13227 13
13228 14
13229 42
13230 91
13231 52
13232 14
13233 17
13234 11
13235 16
13236 17
13237 25
13238 15
13239 13
13240 24
13241 42
13242 13
13243 21
13244 39
13245 23
13246 14
13247 10
13248 58
13249 57
13250 28
13251 24
13252 20
13253 16
13254 29
13255 21
13256 27
13257 16
13258 8
13259 43
13260 92
13261 12
13262 16
13263 5
13264 14
13265 22
13266 26
13267 41
13268 29
13269 13
13270 11
13271 15
13272 22
13273 21
13274 11
13275 32
13276 31
13277 18
13278 17
13279 16
13280 30
13281 17
13282 19
13283 24
13284 27
13285 29
13286 22
13287 16
13288 24
13289 24
13290 24
13291 32
13292 10
13293 21
13294 13
13295 7
13296 19
13297 55
13298 10
13299 44
13300 48
13301 33
13302 19
13303 23
13304 11
13305 14
13306 15
13307 11
13308 21
13309 51
13310 50
13311 53
13312 112
13313 94
13314 27
13315 18
13316 9
13317 8
13318 8
13319 15
13320 44
13321 22
13322 22
13323 31
13324 32
13325 29
13326 23
13327 62
13328 51
13329 22
13330 25
13331 143
13332 35
13333 89
13334 17
13335 15
13336 20
13337 44
13338 34
13339 65
13340 18
13341 9
13342 17
13343 18
13344 68
13345 28
13346 12
13347 17
13348 11
13349 18
13350 23
13351 18
13352 12
13353 8
13354 16
13355 9
13356 22
13357 54
13358 20
13359 17
13360 14
13361 18
13362 9
13363 20
13364 21
13365 52
13366 55
13367 81
13368 14
13369 16
13370 22
13371 16
13372 18
13373 27
13374 16
13375 19
13376 52
13377 47
13378 19
13379 20
13380 22
13381 52
13382 7
13383 12
13384 27
13385 8
13386 24
13387 10
13388 11
13389 16
13390 22
13391 24
13392 48
13393 27
13394 19
13395 14
13396 21
13397 60
13398 29
13399 53
13400 16
13401 15
13402 9
13403 6
13404 16
13405 13
13406 8
13407 12
13408 9
13409 25
13410 13
13411 60
13412 17
13413 7
13414 7
13415 8
13416 21
13417 34
13418 10
13419 17
13420 32
13421 86
13422 17
13423 13
13424 22
13425 15
13426 16
13427 18
13428 20
13429 19
13430 16
13431 31
13432 10
13433 17
13434 22
13435 10
13436 12
13437 10
13438 13
13439 18
13440 333
13441 77
13442 27
13443 21
13444 15
13445 14
13446 27
13447 32
13448 39
13449 16
13450 17
13451 59
13452 31
13453 17
13454 22
13455 46
13456 146
13457 69
13458 27
13459 11
13460 22
13461 16
13462 17
13463 44
13464 47
13465 18
13466 14
13467 30
13468 38
13469 55
13470 17
13471 25
13472 29
13473 14
13474 9
13475 45
13476 20
13477 38
13478 15
13479 22
13480 14
13481 25
13482 30
13483 12
13484 19
13485 48
13486 13
13487 35
13488 33
13489 22
13490 20
13491 11
13492 10
13493 13
13494 17
13495 13
13496 23
13497 8
13498 25
13499 55
13500 137
13501 20
13502 12
13503 23
13504 52
13505 19
13506 19
13507 13
13508 10
13509 14
13510 27
13511 12
13512 13
13513 48
13514 16
13515 39
13516 15
13517 12
13518 15
13519 18
13520 29
13521 19
13522 10
13523 49
13524 46
13525 25
13526 18
13527 16
13528 31
13529 38
13530 126
13531 41
13532 31
13533 17
13534 15
13535 12
13536 28
13537 44
13538 17
13539 7
13540 18
13541 12
13542 12
13543 23
13544 21
13545 54
13546 20
13547 14
13548 18
13549 17
13550 13
13551 13
13552 39
13553 48
13554 22
13555 21
13556 11
13557 14
13558 7
13559 15
13560 51
13561 23
13562 28
13563 17
13564 8
13565 12
13566 60
13567 37
13568 45
13569 12
13570 21
13571 13
13572 36
13573 23
13574 10
13575 5
13576 16
13577 32
13578 14
13579 32
13580 26
13581 40
13582 14
13583 20
13584 15
13585 35
13586 10
13587 14
13588 22
13589 15
13590 26
13591 48
13592 14
13593 9
13594 7
13595 14
13596 16
13597 38
13598 16
13599 23
13600 42
13601 21
13602 16
13603 15
13604 18
13605 16
13606 14
13607 10
13608 93
13609 19
13610 13
13611 13
13612 14
13613 62
13614 13
13615 10
13616 35
13617 24
13618 10
13619 42
13620 16
13621 20
13622 12
13623 18
13624 32
13625 27
13626 18
13627 43
13628 4
13629 17
13630 14
13631 23
13632 29
13633 32
13634 17
13635 17
13636 20
13637 10
13638 14
13639 11
13640 33
13641 12
13642 8
13643 3
13644 13
13645 14
13646 12
13647 17
13648 20
13649 37
13650 115
13651 22
13652 30
13653 46
13654 27
13655 24
13656 22
13657 12
13658 5
13659 16
13660 12
13661 12
13662 25
13663 18
13664 36
13665 21
13666 13
13667 11
13668 22
13669 49
13670 15
13671 46
13672 23
13673 13
13674 16
13675 15
13676 18
13677 15
13678 9
13679 63
13680 96
13681 60
13682 23
13683 14
13684 22
13685 47
13686 25
13687 56
13688 17
13689 142
13690 24
13691 76
13692 34
13693 59
13694 16
13695 51
13696 26
13697 53
13698 16
13699 37
13700 55
13701 18
13702 20
13703 20
13704 24
13705 13
13706 19
13707 16
13708 7
13709 43
13710 17
13711 40
13712 22
13713 16
13714 14
13715 20
13716 23
13717 24
13718 39
13719 21
13720 56
13721 68
13722 13
13723 25
13724 15
13725 20
13726 24
13727 16
13728 73
13729 76
13730 14
13731 24
13732 14
13733 17
13734 15
13735 14
13736 36
13737 26
13738 12
13739 14
13740 21
13741 50
13742 10
13743 9
13744 42
13745 16
13746 11
13747 58
13748 18
13749 18
13750 19
13751 52
13752 26
13753 16
13754 16
13755 27
13756 24
13757 46
13758 19
13759 38
13760 26
13761 13
13762 10
13763 42
13764 15
13765 16
13766 26
13767 13
13768 20
13769 12
13770 25
13771 20
13772 19
13773 16
13774 11
13775 46
13776 54
13777 25
13778 34
13779 9
13780 23
13781 44
13782 19
13783 20
13784 20
13785 22
13786 17
13787 11
13788 13
13789 42
13790 18
13791 9
13792 15
13793 12
13794 15
13795 15
13796 27
13797 53
13798 30
13799 47
13800 70
13801 21
13802 15
13803 18
13804 21
13805 20
13806 44
13807 45
13808 15
13809 16
13810 11
13811 11
13812 14
13813 9
13814 12
13815 14
13816 19
13817 24
13818 18
13819 12
13820 34
13821 19
13822 10
13823 43
13824 471
13825 49
13826 23
13827 13
13828 12
13829 45
13830 24
13831 85
13832 42
13833 46
13834 23
13835 16
13836 18
13837 13
13838 9
13839 10
13840 31
13841 44
13842 22
13843 27
13844 11
13845 19
13846 24
13847 15
13848 25
13849 13
13850 19
13851 47
13852 20
13853 12
13854 12
13855 12
13856 18
13857 16
13858 21
13859 72
13860 507
13861 74
13862 19
13863 21
13864 11
13865 14
13866 11
13867 10
13868 14
13869 23
13870 18
13871 26
13872 48
13873 49
13874 12
13875 19
13876 29
13877 37
13878 19
13879 46
13880 23
13881 25
13882 5
13883 35
13884 14
13885 17
13886 10
13887 16
13888 51
13889 27
13890 17
13891 14
13892 12
13893 19
13894 19
13895 18
13896 47
13897 25
13898 13
13899 10
13900 13
13901 39
13902 21
13903 39
13904 19
13905 22
13906 12
13907 42
13908 10
13909 15
13910 9
13911 11
13912 19
13913 35
13914 9
13915 25
13916 19
13917 25
13918 9
13919 13
13920 53
13921 44
13922 9
13923 49
13924 98
13925 14
13926 10
13927 22
13928 8
13929 16
13930 27
13931 104
13932 38
13933 63
13934 11
13935 12
13936 17
13937 26
13938 13
13939 12
13940 30
13941 18
13942 17
13943 13
13944 26
13945 21
13946 18
13947 15
13948 12
13949 19
13950 31
13951 24
13952 32
13953 15
13954 15
13955 7
13956 23
13957 13
13958 15
13959 20
13960 22
13961 20
13962 15
13963 43
13964 11
13965 26
13966 9
13967 31
13968 43
13969 25
13970 23
13971 16
13972 9
13973 12
13974 14
13975 29
13976 21
13977 27
13978 6
13979 8
13980 32
13981 94
13982 5
13983 24
13984 19
13985 10
13986 33
13987 16
13988 13
13989 17
13990 19
13991 14
13992 24
13993 9
13994 13
13995 16
13996 8
13997 57
13998 20
13999 49
14000 73
14001 30
14002 32
14003 21
14004 17
14005 15
14006 11
14007 15
14008 30
14009 44
14010 18
14011 46
14012 22
14013 9
14014 62
14015 11
14016 42
14017 10
14018 11
14019 8
14020 18
14021 16
14022 18
14023 24
14024 23
14025 33
14026 21
14027 24
14028 52
14029 43
14030 15
14031 10
14032 14
14033 38
14034 16
14035 15
14036 16
14037 17
14038 8
14039 15
14040 100
14041 54
14042 29
14043 42
14044 27
14045 15
14046 11
14047 5
14048 17
14049 20
14050 17
14051 40
14052 9
14053 20
14054 12
14055 11
14056 29
14057 32
14058 21
14059 14
14060 25
14061 11
14062 16
14063 23
14064 26
14065 27
14066 16
14067 13
14068 14
14069 15
14070 38
14071 45
14072 16
14073 7
14074 16
14075 16
14076 29
14077 15
14078 17
14079 23
14080 96
14081 59
14082 11
14083 43
14084 13
14085 19
14086 10
14087 46
14088 16
14089 25
14090 18
14091 15
14092 8
14093 16
14094 19
14095 13
14096 31
14097 7
14098 18
14099 12
14100 24
14101 17
14102 16
14103 14
14104 23
14105 19
14106 18
14107 76
14108 16
14109 13
14110 14
14111 43
14112 193
14113 38
14114 24
14115 12
14116 14
14117 7
14118 16
14119 10
14120 21
14121 19
14122 8
14123 16
14124 32
14125 19
14126 20
14127 21
14128 25
14129 14
14130 22
14131 15
14132 8
14133 12
14134 10
14135 5
14136 30
14137 14
14138 16
14139 9
14140 22
14141 41
14142 14
14143 44
14144 48
14145 23
14146 14
14147 26
14148 27
14149 47
14150 19
14151 9
14152 22
14153 39
14154 16
14155 10
14156 11
14157 28
14158 15
14159 72
14160 53
14161 153
14162 15
14163 8
14164 9
14165 10
14166 13
14167 13
14168 37
14169 21
14170 13
14171 13
14172 10
14173 35
14174 14
14175 166
14176 32
14177 36
14178 41
14179 14
14180 20
14181 15
14182 17
14183 9
14184 28
14185 12
14186 7
14187 13
14188 13
14189 24
14190 57
14191 32
14192 19
14193 19
14194 8
14195 17
14196 81
14197 88
14198 22
14199 31
14200 18
14201 26
14202 17
14203 17
14204 7
14205 12
14206 16
14207 33
14208 38
14209 30
14210 20
14211 18
14212 30
14213 23
14214 18
14215 9
14216 19
14217 14
14218 10
14219 16
14220 30
14221 51
14222 8
14223 16
14224 19
14225 12
14226 13
14227 15
14228 6
14229 19
14230 10
14231 19
14232 15
14233 18
14234 11
14235 33
14236 11
14237 14
14238 22
14239 22
14240 25
14241 22
14242 14
14243 40
14244 15
14245 31
14246 14
14247 9
14248 17
14249 32
14250 14
14251 54
14252 17
14253 17
14254 12
14255 13
14256 72
14257 20
14258 20
14259 17
14260 24
14261 9
14262 11
14263 13
14264 22
14265 15
14266 14
14267 12
14268 18
14269 23
14270 11
14271 13
14272 21
14273 13
14274 19
14275 3
14276 13
14277 11
14278 12
14279 38
14280 123
14281 112
14282 15
14283 34
14284 19
14285 15
14286 15
14287 18
14288 31
14289 22
14290 25
14291 11
14292 22
14293 52
14294 14
14295 15
14296 14
14297 14
14298 19
14299 19
14300 26
14301 16
14302 10
14303 43
14304 18
14305 22
14306 20
14307 3
14308 26
14309 11
14310 22
14311 18
14312 13
14313 15
14314 15
14315 23
14316 25
14317 12
14318 16
14319 19
14320 24
14321 67
14322 91
14323 40
14324 17
14325 30
14326 19
14327 46
14328 45
14329 46
14330 17
14331 14
14332 14
14333 14
14334 11
14335 43
14336 189
14337 38
14338 9
14339 16
14340 16
14341 91
14342 5
14343 20
14344 18
14345 11
14346 7
14347 33
14348 12
14349 13
14350 24
14351 31
14352 31
14353 24
14354 12
14355 33
14356 28
14357 43
14358 17
14359 12
14360 17
14361 11
14362 7
14363 10
14364 72
14365 57
14366 13
14367 12
14368 25
14369 56
14370 25
14371 17
14372 17
14373 19
14374 14
14375 16
14376 25
14377 13
14378 29
14379 20
14380 15
14381 16
14382 9
14383 25
14384 30
14385 31
14386 17
14387 36
14388 21
14389 31
14390 19
14391 23
14392 26
14393 11
14394 18
14395 18
14396 18
14397 18
14398 20
14399 47
14400 639
14401 131
14402 19
14403 15
14404 12
14405 23
14406 92
14407 73
14408 20
14409 22
14410 26
14411 55
14412 18
14413 17
14414 19
14415 30
14416 36
14417 12
14418 16
14419 53
14420 31
14421 50
14422 23
14423 33
14424 14
14425 23
14426 14
14427 14
14428 13
14429 18
14430 31
14431 50
14432 15
14433 14
14434 19
14435 7
14436 16
14437 44
14438 18
14439 12
14440 21
14441 22
14442 12
14443 33
14444 34
14445 25
14446 16
14447 45
14448 44
14449 99
14450 40
14451 13
14452 10
14453 8
14454 24
14455 13
14456 25
14457 14
14458 15
14459 17
14460 16
14461 35
14462 11
14463 9
14464 35
14465 19
14466 13
14467 14
14468 8
14469 12
14470 8
14471 11
14472 25
14473 9
14474 10
14475 8
14476 25
14477 12
14478 13
14479 44
14480 13
14481 12
14482 19
14483 9
14484 12
14485 10
14486 5
14487 6
14488 17
14489 41
14490 38
14491 58
14492 10
14493 10
14494 16
14495 16
14496 26
14497 12
14498 8
14499 17
14500 26
14501 12
14502 21
14503 38
14504 21
14505 17
14506 28
14507 7
14508 35
14509 19
14510 17
14511 9
14512 16
14513 14
14514 16
14515 9
14516 14
14517 14
14518 10
14519 46
14520 70
14521 26
14522 4
14523 20
14524 15
14525 10
14526 12
14527 21
14528 23
14529 11
14530 4
14531 14
14532 28
14533 41
14534 16
14535 70
14536 24
14537 43
14538 11
14539 19
14540 10
14541 24
14542 12
14543 27
14544 32
14545 18
14546 7
14547 17
14548 13
14549 64
14550 27
14551 43
14552 18
14553 30
14554 17
14555 16
14556 16
14557 39
14558 13
14559 15
14560 81
14561 54
14562 26
14563 87
14564 21
14565 19
14566 18
14567 15
14568 19
14569 17
14570 26
14571 6
14572 19
14573 8
14574 7
14575 23
14576 11
14577 11
14578 20
14579 12
14580 95
14581 23
14582 11
14583 16
14584 14
14585 9
14586 59
14587 12
14588 17
14589 25
14590 11
14591 58
14592 60
14593 50
14594 10
14595 55
14596 15
14597 10
14598 13
14599 9
14600 24
14601 23
14602 20
14603 9
14604 10
14605 11
14606 17
14607 12
14608 48
14609 15
14610 22
14611 13
14612 15
14613 7
14614 14
14615 7
14616 36
14617 12
14618 12
14619 19
14620 24
14621 52
14622 18
14623 8
14624 18
14625 37
14626 12
14627 50
14628 19
14629 52
14630 60
14631 28
14632 13
14633 32
14634 14
14635 7
14636 9
14637 21
14638 13
14639 55
14640 73
14641 594
14642 53
14643 7
14644 15
14645 22
14646 11
14647 13
14648 13
14649 17
14650 16
14651 37
14652 54
14653 42
14654 7
14655 17
14656 18
14657 44
14658 14
14659 13
14660 19
14661 21
14662 17
14663 21
14664 33
14665 15
14666 17
14667 6
14668 10
14669 36
14670 13
14671 13
14672 34
14673 22
14674 31
14675 7
14676 25
14677 14
14678 8
14679 13
14680 22
14681 19
14682 13
14683 25
14684 11
14685 22
14686 15
14687 15
14688 64
14689 26
14690 11
14691 23
14692 10
14693 16
14694 8
14695 18
14696 17
14697 17
14698 15
14699 37
14700 102
14701 65
14702 12
14703 10
14704 16
14705 30
14706 57
14707 31
14708 10
14709 8
14710 9
14711 16
14712 21
14713 30
14714 9
14715 19
14716 11
14717 27
14718 18
14719 21
14720 30
14721 28
14722 20
14723 49
14724 26
14725 22
14726 16
14727 13
14728 19
14729 11
14730 18
14731 35
14732 8
14733 8
14734 11
14735 8
14736 29
14737 38
14738 21
14739 31
14740 19
14741 112
14742 33
14743 28
14744 29
14745 20
14746 13
14747 48
14748 17
14749 26
14750 17
14751 32
14752 19
14753 38
14754 18
14755 13
14756 26
14757 14
14758 8
14759 38
14760 58
14761 21
14762 62
14763 60
14764 16
14765 15
14766 22
14767 39
14768 15
14769 23
14770 25
14771 42
14772 16
14773 14
14774 17
14775 14
14776 12
14777 7
14778 12
14779 32
14780 11
14781 8
14782 10
14783 32
14784 77
14785 14
14786 14
14787 19
14788 19
14789 15
14790 25
14791 14
14792 35
14793 18
14794 17
14795 19
14796 12
14797 40
14798 11
14799 17
14800 36
14801 20
14802 21
14803 17
14804 20
14805 39
14806 12
14807 12
14808 21
14809 23
14810 15
14811 16
14812 11
14813 24
14814 12
14815 3
14816 19
14817 22
14818 12
14819 13
14820 45
14821 45
14822 22
14823 20
14824 32
14825 15
14826 13
14827 26
14828 15
14829 21
14830 11
14831 54
14832 52
14833 130
14834 10
14835 15
14836 13
14837 13
14838 21
14839 24
14840 36
14841 47
14842 27
14843 28
14844 8
14845 26
14846 19
14847 17
14848 50
14849 42
14850 51
14851 49
14852 31
14853 10
14854 14
14855 10
14856 12
14857 12
14858 13
14859 26
14860 22
14861 12
14862 21
14863 13
14864 17
14865 13
14866 22
14867 40
14868 29
14869 40
14870 13
14871 20
14872 25
14873 17
14874 14
14875 24
14876 20
14877 13
14878 36
14879 36
14880 63
14881 27
14882 9
14883 52
14884 129
14885 17
14886 11
14887 30
14888 28
14889 12
14890 5
14891 40
14892 23
14893 29
14894 14
14895 21
14896 48
14897 44
14898 17
14899 16
14900 20
14901 13
14902 8
14903 12
14904 33
14905 31
14906 11
14907 8
14908 22
14909 17
14910 54
14911 52
14912 31
14913 14
14914 13
14915 9
14916 9
14917 17
14918 14
14919 1
14920 15
14921 16
14922 15
14923 28
14924 31
14925 18
14926 12
14927 22
14928 30
14929 30
14930 7
14931 14
14932 18
14933 6
14934 19
14935 13
14936 16
14937 11
14938 25
14939 34
14940 18
14941 20
14942 6
14943 21
14944 23
14945 15
14946 25
14947 38
14948 8
14949 21
14950 47
14951 52
14952 29
14953 9
14954 18
14955 9
14956 14
14957 35
14958 10
14959 13
14960 37
14961 10
14962 2
14963 18
14964 23
14965 16
14966 7
14967 10
14968 17
14969 39
14970 16
14971 5
14972 5
14973 18
14974 31
14975 13
14976 84
14977 13
14978 9
14979 9
14980 30
14981 63
14982 12
14983 32
14984 17
14985 11
14986 8
14987 6
14988 30
14989 12
14990 15
14991 13
14992 10
14993 26
14994 30
14995 10
14996 6
14997 20
14998 15
14999 18
15000 141
15001 20
15002 16
15003 8
15004 32
15005 49
15006 28
15007 11
15008 30
15009 13
15010 19
15011 14
15012 25
15013 46
15014 15
15015 388
15016 22
15017 42
15018 19
15019 26
15020 15
15021 17
15022 16
15023 13
15024 11
15025 15
15026 23
15027 11
15028 25
15029 26
15030 20
15031 36
15032 14
15033 9
15034 18
15035 13
15036 15
15037 12
15038 17
15039 16
15040 50
15041 16
15042 17
15043 5
15044 9
15045 21
15046 17
15047 15
15048 25
15049 30
15050 19
15051 87
15052 18
15053 29
15054 12
15055 25
15056 12
15057 9
15058 8
15059 10
15060 14
15061 30
15062 9
15063 6
15064 19
15065 12
15066 21
15067 18
15068 9
15069 13
15070 19
15071 9
15072 29
15073 40
15074 11
15075 16
15076 14
15077 31
15078 12
15079 10
15080 26
15081 17
15082 13
15083 33
15084 15
15085 22
15086 26
15087 15
15088 20
15089 13
15090 12
15091 43
15092 25
15093 23
15094 21
15095 13
15096 19
15097 14
15098 10
15099 9
15100 21
15101 57
15102 15
15103 14
15104 29
15105 16
15106 28
15107 28
15108 18
15109 20
15110 13
15111 25
15112 16
15113 27
15114 16
15115 17
15116 18
15117 13
15118 16
15119 35
15120 715
15121 113
15122 21
15123 26
15124 34
15125 87
15126 43
15127 109
15128 37
15129 147
15130 35
15131 62
15132 22
15133 19
15134 20
15135 15
15136 29
15137 57
15138 28
15139 38
15140 22
15141 14
15142 7
15143 9
15144 18
15145 13
15146 18
15147 18
15148 12
15149 29
15150 30
15151 46
15152 12
15153 8
15154 6
15155 26
15156 21
15157 13
15158 13
15159 13
15160 8
15161 47
15162 23
15163 13
15164 18
15165 11
15166 6
15167 20
15168 22
15169 17
15170 14
15171 23
15172 9
15173 26
15174 18
15175 8
15176 23
15177 23
15178 18
15179 10
15180 75
15181 19
15182 22
15183 16
15184 31
15185 13
15186 19
15187 31
15188 5
15189 15
15190 16
15191 13
15192 20
15193 25
15194 9
15195 9
15196 4
15197 17
15198 12
15199 24
15200 34
15201 14
15202 13
15203 19
15204 26
15205 11
15206 12
15207 10
15208 14
15209 7
15210 37
15211 36
15212 14
15213 8
15214 12
15215 10
15216 23
15217 42
15218 8
15219 17
15220 17
15221 9
15222 16
15223 9
15224 28
15225 60
15226 29
15227 36
15228 24
15229 20
15230 14
15231 15
15232 33
15233 34
15234 17
15235 19
15236 18
15237 11
15238 8
15239 15
15240 27
15241 39
15242 12
15243 15
15244 13
15245 11
15246 35
15247 23
15248 18
15249 15
15250 22
15251 99
15252 25
15253 18
15254 17
15255 20
15256 16
15257 6
15258 14
15259 32
15260 16
15261 23
15262 11
15263 30
15264 20
15265 21
15266 24
15267 17
15268 13
15269 31
15270 12
15271 33
15272 30
15273 18
15274 20
15275 15
15276 13
15277 34
15278 6
15279 7
15280 13
15281 16
15282 11
15283 12
15284 16
15285 6
15286 6
15287 33
15288 47
15289 44
15290 20
15291 39
15292 10
15293 38
15294 12
15295 17
15296 23
15297 11
15298 10
15299 56
15300 60
15301 26
15302 8
15303 12
15304 17
15305 8
15306 17
15307 31
15308 20
15309 95
15310 21
15311 12
15312 19
15313 49
15314 18
15315 13
15316 14
15317 13
15318 13
15319 27
15320 12
15321 9
15322 10
15323 19
15324 15
15325 13
15326 11
15327 22
15328 21
15329 44
15330 33
15331 40
15332 14
15333 18
15334 12
15335 17
15336 35
15337 14
15338 12
15339 14
15340 14
15341 22
15342 12
15343 8
15344 19
15345 39
15346 11
15347 13
15348 9
15349 30
15350 12
15351 41
15352 23
15353 16
15354 16
15355 13
15356 11
15357 7
15358 18
15359 57
15360 263
15361 72
15362 22
15363 16
15364 15
15365 17
15366 20
15367 20
15368 26
15369 7
15370 20
15371 18
15372 43
15373 35
15374 20
15375 35
15376 138
15377 60
15378 26
15379 30
15380 9
15381 18
15382 16
15383 31
15384 22
15385 10
15386 21
15387 11
15388 7
15389 6
15390 28
15391 43
15392 25
15393 21
15394 10
15395 26
15396 15
15397 17
15398 7
15399 17
15400 141
15401 52
15402 24
15403 17
15404 11
15405 14
15406 18
15407 13
15408 16
15409 27
15410 13
15411 16
15412 13
15413 40
15414 21
15415 16
15416 14
15417 12
15418 13
15419 10
15420 40
15421 21
15422 14
15423 8
15424 25
15425 10
15426 10
15427 31
15428 21
15429 9
15430 7
15431 13
15432 18
15433 14
15434 20
15435 45
15436 12
15437 18
15438 21
15439 26
15440 13
15441 10
15442 7
15443 22
15444 40
15445 19
15446 7
15447 14
15448 15
15449 27
15450 14
15451 72
15452 12
15453 15
15454 16
15455 9
15456 80
15457 47
15458 14
15459 11
15460 20
15461 37
15462 4
15463 20
15464 20
15465 12
15466 21
15467 32
15468 8
15469 15
15470 54
15471 15
15472 18
15473 27
15474 14
15475 10
15476 21
15477 20
15478 17
15479 12
15480 39
15481 17
15482 10
15483 9
15484 31
15485 25
15486 19
15487 23
15488 55
15489 11
15490 16
15491 8
15492 17
15493 34
15494 9
15495 17
15496 11
15497 36
15498 35
15499 12
15500 42
15501 17
15502 19
15503 15
15504 154
15505 27
15506 13
15507 13
15508 12
15509 9
15510 23
15511 85
15512 20
15513 14
15514 6
15515 5
15516 21
15517 14
15518 12
15519 15
15520 22
15521 23
15522 27
15523 9
15524 17
15525 36
15526 14
15527 21
15528 14
15529 19
15530 13
15531 10
15532 16
15533 22
15534 13
15535 8
15536 18
15537 13
15538 16
15539 13
15540 59
15541 56
15542 13
15543 18
15544 28
15545 18
15546 10
15547 10
15548 11
15549 9
15550 21
15551 133
15552 261
15553 30
15554 35
15555 33
15556 18
15557 13
15558 9
15559 34
15560 12
15561 51
15562 14
15563 12
15564 25
15565 23
15566 6
15567 12
15568 20
15569 40
15570 10
15571 10
15572 20
15573 10
15574 19
15575 17
15576 51
15577 15
15578 16
15579 12
15580 19
15581 38
15582 8
15583 29
15584 14
15585 28
15586 18
15587 16
15588 21
15589 17
15590 19
15591 13
15592 17
15593 26
15594 12
15595 11
15596 21
15597 18
15598 9
15599 6
15600 82
15601 53
15602 13
15603 10
15604 16
15605 18
15606 24
15607 33
15608 21
15609 13
15610 22
15611 7
15612 11
15613 17
15614 14
15615 21
15616 49
15617 26
15618 15
15619 82
15620 30
15621 26
15622 12
15623 24
15624 115
15625 885
15626 115
15627 35
15628 16
15629 53
15630 38
15631 39
15632 37
15633 14
15634 14
15635 6
15636 9
15637 10
15638 7
15639 9
15640 34
15641 55
15642 34
15643 32
15644 14
15645 21
15646 16
15647 37
15648 20
15649 52
15650 22
15651 23
15652 18
15653 20
15654 11
15655 19
15656 14
15657 18
15658 16
15659 13
15660 21
15661 48
15662 14
15663 20
15664 24
15665 15
15666 13
15667 54
15668 4
15669 10
15670 5
15671 19
15672 9
15673 7
15674 10
15675 35
15676 11
15677 8
15678 19
15679 39
15680 57
15681 27
15682 6
15683 89
15684 35
15685 17
15686 28
15687 22
15688 25
15689 40
15690 19
15691 7
15692 13
15693 10
15694 16
15695 11
15696 20
15697 15
15698 18
15699 13
15700 25
15701 14
15702 23
15703 17
15704 19
15705 23
15706 19
15707 22
15708 37
15709 43
15710 11
15711 9
15712 13
15713 9
15714 14
15715 14
15716 9
15717 20
15718 11
15719 10
15720 20
15721 21
15722 19
15723 18
15724 25
15725 30
15726 17
15727 56
15728 23
15729 9
15730 27
15731 67
15732 23
15733 42
15734 3
15735 12
15736 13
15737 48
15738 16
15739 35
15740 15
15741 17
15742 12
15743 21
15744 37
15745 16
15746 8
15747 13
15748 12
15749 30
15750 123
15751 82
15752 25
15753 29
15754 9
15755 16
15756 14
15757 15
15758 7
15759 18
15760 41
15761 34
15762 16
15763 14
15764 11
15765 15
15766 13
15767 30
15768 24
15769 14
15770 9
15771 18
15772 14
15773 20
15774 16
15775 16
15776 21
15777 15
15778 24
15779 12
15780 20
15781 13
15782 25
15783 18
15784 9
15785 17
15786 12
15787 36
15788 12
15789 17
15790 12
15791 52
15792 52
15793 24
15794 3
15795 39
15796 20
15797 46
15798 14
15799 13
15800 24
15801 10
15802 11
15803 48
15804 16
15805 19
15806 12
15807 9
15808 39
15809 28
15810 22
15811 11
15812 7
15813 6
15814 12
15815 12
15816 11
15817 26
15818 14
15819 6
15820 21
15821 11
15822 10
15823 42
15824 11
15825 11
15826 7
15827 11
15828 16
15829 14
15830 17
15831 9
15832 9
15833 18
15834 43
15835 9
15836 21
15837 11
15838 13
15839 21
15840 134
15841 173
15842 30
15843 15
15844 21
15845 12
15846 16
15847 22
15848 27
15849 23
15850 13
15851 27
15852 17
15853 11
15854 4
15855 35
15856 23
15857 12
15858 13
15859 39
15860 17
15861 17
15862 24
15863 8
15864 20
15865 10
15866 6
15867 29
15868 13
15869 12
15870 17
15871 34
15872 109
15873 54
15874 17
15875 21
15876 188
15877 75
15878 11
15879 13
15880 17
15881 35
15882 19
15883 16
15884 29
15885 21
15886 16
15887 36
15888 20
15889 36
15890 20
15891 10
15892 16
15893 10
15894 11
15895 15
15896 20
15897 19
15898 17
15899 13
15900 10
15901 43
15902 9
15903 19
15904 32
15905 13
15906 22
15907 27
15908 8
15909 4
15910 14
15911 13
15912 59
15913 34
15914 10
15915 9
15916 12
15917 9
15918 20
15919 32
15920 17
15921 11
15922 6
15923 41
15924 11
15925 41
15926 18
15927 16
15928 18
15929 24
15930 26
15931 42
15932 9
15933 9
15934 9
15935 11
15936 35
15937 43
15938 10
15939 33
15940 12
15941 10
15942 13
15943 13
15944 8
15945 10
15946 9
15947 11
15948 16
15949 13
15950 15
15951 28
15952 12
15953 19
15954 6
15955 12
15956 10
15957 10
15958 9
15959 31
15960 109
15961 35
15962 19
15963 20
15964 21
15965 6
15966 9
15967 5
15968 18
15969 10
15970 7
15971 41
15972 82
15973 35
15974 9
15975 11
15976 16
15977 9
15978 8
15979 11
15980 24
15981 12
15982 13
15983 8
15984 44
15985 20
15986 17
15987 16
15988 7
15989 8
15990 28
15991 33
15992 5
15993 13
15994 13
15995 7
15996 17
15997 8
15998 13
15999 25
16000 134
16001 104
16002 31
16003 24
16004 15
16005 18
16006 21
16007 38
16008 27
16009 13
16010 10
16011 11
16012 10
16013 10
16014 13
16015 5
16016 72
16017 11
16018 14
16019 18
16020 37
16021 29
16022 14
16023 15
16024 11
16025 13
16026 13
16027 3
16028 13
16029 16
16030 19
16031 12
16032 28
16033 55
16034 8
16035 4
16036 16
16037 13
16038 30
16039 9
16040 15
16041 11
16042 8
16043 22
16044 17
16045 11
16046 12
16047 11
16048 22
16049 9
16050 18
16051 11
16052 4
16053 13
16054 13
16055 11
16056 27
16057 50
16058 14
16059 11
16060 27
16061 125
16062 18
16063 36
16064 31
16065 72
16066 14
16067 32
16068 16
16069 26
16070 8
16071 13
16072 25
16073 28
16074 6
16075 7
16076 9
16077 6
16078 10
16079 5
16080 27
16081 23
16082 11
16083 14
16084 13
16085 10
16086 16
16087 27
16088 10
16089 10
16090 8
16091 29
16092 26
16093 31
16094 15
16095 29
16096 20
16097 29
16098 13
16099 15
16100 28
16101 13
16102 13
16103 36
16104 48
16105 48
16106 13
16107 15
16108 33
16109 34
16110 49
16111 85
16112 9
16113 20
16114 23
16115 17
16116 30
16117 19
16118 10
16119 17
16120 35
16121 20
16122 8
16123 23
16124 20
16125 19
16126 12
16127 56
16128 215
16129 234
16130 19
16131 14
16132 18
16133 18
16134 11
16135 10
16136 15
16137 17
16138 12
16139 47
16140 22
16141 74
16142 18
16143 17
16144 19
16145 13
16146 18
16147 16
16148 8
16149 5
16150 21
16151 18
16152 11
16153 19
16154 9
16155 8
16156 10
16157 4
16158 16
16159 25
16160 21
16161 31
16162 10
16163 13
16164 18
16165 17
16166 13
16167 12
16168 14
16169 17
16170 81
16171 36
16172 22
16173 9
16174 23
16175 16
16176 16
16177 17
16178 8
16179 7
16180 23
16181 14
16182 20
16183 36
16184 17
16185 13
16186 13
16187 35
16188 21
16189 22
16190 9
16191 20
16192 50
16193 46
16194 15
16195 10
16196 13
16197 14
16198 26
16199 18
16200 127
16201 29
16202 10
16203 12
16204 4
16205 15
16206 35
16207 19
16208 23
16209 7
16210 21
16211 32
16212 46
16213 21
16214 17
16215 54
16216 16
16217 34
16218 8
16219 16
16220 17
16221 9
16222 9
16223 36
16224 47
16225 24
16226 18
16227 11
16228 16
16229 33
16230 21
16231 30
16232 8
16233 16
16234 8
16235 14
16236 32
16237 24
16238 31
16239 13
16240 39
16241 12
16242 18
16243 14
16244 12
16245 21
16246 11
16247 9
16248 27
16249 45
16250 87
16251 15
16252 20
16253 35
16254 46
16255 35
16256 142
16257 28
16258 9
16259 8
16260 29
16261 26
16262 21
16263 19
16264 29
16265 17
16266 18
16267 28
16268 12
16269 11
16270 17
16271 9
16272 25
16273 30
16274 16
16275 39
16276 31
16277 20
16278 13
16279 13
16280 29
16281 29
16282 10
16283 9
16284 17
16285 22
16286 15
16287 7
16288 24
16289 15
16290 47
16291 20
16292 16
16293 13
16294 12
16295 8
16296 34
16297 27
16298 14
16299 8
16300 21
16301 36
16302 45
16303 28
16304 23
16305 15
16306 16
16307 15
16308 12
16309 14
16310 31
16311 10
16312 11
16313 8
16314 8
16315 7
16316 13
16317 24
16318 11
16319 53
16320 128
16321 17
16322 7
16323 17
16324 13
16325 11
16326 6
16327 22
16328 25
16329 12
16330 13
16331 7
16332 15
16333 31
16334 26
16335 36
16336 37
16337 17
16338 16
16339 21
16340 22
16341 15
16342 17
16343 11
16344 34
16345 15
16346 18
16347 15
16348 22
16349 19
16350 15
16351 18
16352 43
16353 14
16354 34
16355 26
16356 23
16357 17
16358 20
16359 18
16360 24
16361 81
16362 14
16363 38
16364 11
16365 19
16366 10
16367 27
16368 84
16369 62
16370 10
16371 21
16372 10
16373 17
16374 13
16375 23
16376 45
16377 39
16378 13
16379 28
16380 292
16381 146
16382 111
16383 467
16384 1815
16385 223
16386 47
16387 36
16388 61
16389 35
16390 25
16391 19
16392 29
16393 27
16394 23
16395 23
16396 16
16397 13
16398 16
16399 31
16400 68
16401 78
16402 33
16403 29
16404 13
16405 27
16406 18
16407 21
16408 20
16409 14
16410 12
16411 49
16412 15
16413 12
16414 21
16415 19
16416 68
16417 54
16418 23
16419 18
16420 15
16421 40
16422 18
16423 15
16424 22
16425 18
16426 12
16427 34
16428 37
16429 8
16430 14
16431 18
16432 22
16433 37
16434 11
16435 15
16436 15
16437 10
16438 16
16439 7
16440 33
16441 23
16442 9
16443 12
16444 25
16445 39
16446 11
16447 41
16448 51
16449 18
16450 22
16451 52
16452 22
16453 52
16454 13
16455 9
16456 22
16457 12
16458 9
16459 14
16460 20
16461 19
16462 9
16463 14
16464 66
16465 27
16466 10
16467 20
16468 17
16469 12
16470 28
16471 59
16472 27
16473 31
16474 14
16475 21
16476 22
16477 31
16478 12
16479 12
16480 26
16481 35
16482 15
16483 7
16484 14
16485 25
16486 10
16487 20
16488 23
16489 10
16490 15
16491 16
16492 18
16493 46
16494 11
16495 6
16496 22
16497 10
16498 8
16499 9
16500 47
16501 13
16502 9
16503 16
16504 10
16505 6
16506 23
16507 8
16508 10
16509 9
16510 21
16511 21
16512 92
16513 49
16514 19
16515 9
16516 15
16517 13
16518 7
16519 22
16520 26
16521 14
16522 10
16523 13
16524 29
16525 12
16526 16
16527 11
16528 15
16529 19
16530 20
16531 38
16532 9
16533 12
16534 8
16535 11
16536 37
16537 13
16538 16
16539 10
16540 15
16541 15
16542 6
16543 7
16544 29
16545 17
16546 13
16547 26
16548 22
16549 12
16550 2
16551 17
16552 8
16553 20
16554 12
16555 16
16556 10
16557 8
16558 16
16559 12
16560 42
16561 117
16562 28
16563 13
16564 17
16565 14
16566 17
16567 21
16568 9
16569 10
16570 11
16571 9
16572 17
16573 24
16574 9
16575 32
16576 50
16577 21
16578 21
16579 12
16580 15
16581 16
16582 21
16583 14
16584 17
16585 14
16586 5
16587 12
16588 36
16589 26
16590 23
16591 19
16592 16
16593 11
16594 8
16595 13
16596 9
16597 11
16598 4
16599 9
16600 15
16601 16
16602 8
16603 21
16604 19
16605 16
16606 6
16607 22
16608 23
16609 18
16610 22
16611 24
16612 8
16613 15
16614 14
16615 7
16616 10
16617 9
16618 12
16619 25
16620 21
16621 16
16622 10
16623 15
16624 11
16625 20
16626 18
16627 22
16628 11
16629 17
16630 7
16631 38
16632 112
16633 35
16634 12
16635 9
16636 16
16637 27
16638 8
16639 16
16640 112
16641 146
16642 13
16643 14
16644 30
16645 23
16646 20
16647 13
16648 19
16649 52
16650 24
16651 53
16652 17
16653 36
16654 14
16655 10
16656 13
16657 37
16658 20
16659 22
16660 46
16661 109
16662 12
16663 8
16664 21
16665 29
16666 20
16667 20
16668 21
16669 10
16670 8
16671 7
16672 10
16673 46
16674 21
16675 18
16676 20
16677 20
16678 9
16679 11
16680 22
16681 10
16682 20
16683 18
16684 15
16685 16
16686 16
16687 69
16688 13
16689 10
16690 8
16691 30
16692 16
16693 27
16694 6
16695 25
16696 20
16697 10
16698 22
16699 23
16700 17
16701 6
16702 4
16703 36
16704 42
16705 63
16706 19
16707 9
16708 19
16709 21
16710 21
16711 9
16712 8
16713 6
16714 13
16715 14
16716 22
16717 19
16718 14
16719 9
16720 39
16721 19
16722 20
16723 16
16724 25
16725 24
16726 10
16727 9
16728 26
16729 30
16730 21
16731 34
16732 12
16733 15
16734 12
16735 8
16736 15
16737 19
16738 7
16739 11
16740 22
16741 40
16742 16
16743 9
16744 52
16745 27
16746 15
16747 28
16748 16
16749 12
16750 19
16751 11
16752 17
16753 14
16754 12
16755 5
16756 11
16757 14
16758 28
16759 32
16760 13
16761 23
16762 18
16763 37
16764 14
16765 13
16766 22
16767 29
16768 36
16769 13
16770 35
16771 25
16772 12
16773 16
16774 14
16775 20
16776 20
16777 14
16778 13
16779 16
16780 18
16781 9
16782 20
16783 8
16784 13
16785 13
16786 21
16787 38
16788 14
16789 10
16790 9
16791 12
16792 14
16793 12
16794 18
16795 31
16796 263
16797 12
16798 16
16799 21
16800 175
16801 23
16802 17
16803 13
16804 19
16805 12
16806 47
16807 530
16808 78
16809 24
16810 25
16811 55
16812 26
16813 28
16814 22
16815 31
16816 22
16817 13
16818 16
16819 14
16820 21
16821 17
16822 8
16823 33
16824 7
16825 4
16826 12
16827 12
16828 15
16829 40
16830 45
16831 25
16832 25
16833 14
16834 24
16835 32
16836 44
16837 20
16838 14
16839 24
16840 19
16841 18
16842 22
16843 37
16844 11
16845 6
16846 5
16847 10
16848 57
16849 26
16850 7
16851 14
16852 19
16853 8
16854 25
16855 16
16856 33
16857 26
16858 15
16859 12
16860 11
16861 18
16862 11
16863 20
16864 29
16865 20
16866 16
16867 27
16868 11
16869 11
16870 20
16871 37
16872 21
16873 11
16874 23
16875 94
16876 23
16877 17
16878 15
16879 29
16880 23
16881 10
16882 12
16883 26
16884 19
16885 20
16886 18
16887 21
16888 14
16889 21
16890 19
16891 18
16892 24
16893 9
16894 12
16895 23
16896 104
16897 26
16898 15
16899 20
16900 135
16901 58
16902 13
16903 33
16904 20
16905 21
16906 12
16907 10
16908 11
16909 16
16910 23
16911 16
16912 24
16913 21
16914 11
16915 5
16916 10
16917 10
16918 18
16919 13
16920 46
16921 43
16922 11
16923 3
16924 14
16925 15
16926 32
16927 39
16928 43
16929 40
16930 12
16931 25
16932 37
16933 12
16934 8
16935 7
16936 20
16937 23
16938 8
16939 10
16940 25
16941 17
16942 11
16943 21
16944 17
16945 14
16946 7
16947 9
16948 14
16949 18
16950 15
16951 18
16952 14
16953 10
16954 17
16955 18
16956 16
16957 10
16958 13
16959 6
16960 13
16961 16
16962 10
16963 29
16964 10
16965 23
16966 24
16967 8
16968 20
16969 13
16970 6
16971 7
16972 7
16973 3
16974 11
16975 17
16976 11
16977 12
16978 7
16979 24
16980 14
16981 30
16982 5
16983 11
16984 13
16985 6
16986 12
16987 32
16988 12
16989 7
16990 10
16991 10
16992 26
16993 29
16994 16
16995 13
16996 12
16997 7
16998 10
16999 20
17000 42
17001 13
17002 9
17003 14
17004 14
17005 12
17006 18
17007 31
17008 22
17009 9
17010 66
17011 40
17012 15
17013 9
17014 6
17015 9
17016 13
17017 85
17018 18
17019 10
17020 32
17021 36
17022 16
17023 9
17024 47
17025 20
17026 12
17027 35
17028 22
17029 44
17030 28
17031 18
17032 13
17033 32
17034 22
17035 11
17036 15
17037 6
17038 10
17039 15
17040 22
17041 32
17042 11
17043 14
17044 8
17045 7
17046 13
17047 35
17048 15
17049 9
17050 33
17051 13
17052 26
17053 34
17054 12
17055 10
17056 14
17057 10
17058 7
17059 14
17060 13
17061 18
17062 7
17063 13
17064 32
17065 9
17066 17
17067 12
17068 12
17069 4
17070 12
17071 20
17072 13
17073 23
17074 11
17075 17
17076 8
17077 25
17078 5
17079 7
17080 30
17081 21
17082 21
17083 13
17084 13
17085 13
17086 13
17087 6
17088 24
17089 9
17090 8
17091 18
17092 20
17093 24
17094 29
17095 18
17096 9
17097 6
17098 17
17099 22
17100 55
17101 30
17102 16
17103 3
17104 10
17105 10
17106 9
17107 34
17108 7
17109 9
17110 23
17111 23
17112 28
17113 18
17114 14
17115 16
17116 16
17117 57
17118 11
17119 48
17120 18
17121 8
17122 8
17123 28
17124 8
17125 23
17126 8
17127 14
17128 14
17129 15
17130 12
17131 20
17132 6
17133 14
17134 4
17135 8
17136 67
17137 41
17138 9
17139 8
17140 17
17141 12
17142 16
17143 20
17144 17
17145 11
17146 4
17147 9
17148 18
17149 14
17150 32
17151 21
17152 46
17153 19
17154 11
17155 18
17156 15
17157 35
17158 18
17159 47
17160 89
17161 178
17162 16
17163 20
17164 20
17165 12
17166 19
17167 27
17168 14
17169 17
17170 20
17171 29
17172 27
17173 10
17174 8
17175 16
17176 18
17177 12
17178 15
17179 12
17180 17
17181 18
17182 8
17183 20
17184 17
17185 18
17186 12
17187 15
17188 11
17189 21
17190 22
17191 27
17192 10
17193 7
17194 11
17195 8
17196 6
17197 11
17198 3
17199 34
17200 35
17201 6
17202 10
17203 49
17204 19
17205 41
17206 13
17207 32
17208 22
17209 31
17210 10
17211 14
17212 9
17213 13
17214 16
17215 8
17216 17
17217 11
17218 7
17219 11
17220 59
17221 19
17222 11
17223 10
17224 19
17225 29
17226 29
17227 18
17228 6
17229 11
17230 10
17231 31
17232 8
17233 9
17234 22
17235 18
17236 14
17237 12
17238 10
17239 21
17240 7
17241 14
17242 9
17243 9
17244 9
17245 5
17246 6
17247 10
17248 33
17249 18
17250 16
17251 19
17252 19
17253 18
17254 10
17255 32
17256 15
17257 31
17258 14
17259 24
17260 17
17261 36
17262 21
17263 19
17264 12
17265 8
17266 15
17267 8
17268 7
17269 11
17270 5
17271 25
17272 30
17273 15
17274 8
17275 8
17276 13
17277 13
17278 6
17279 8
17280 321
17281 27
17282 20
17283 16
17284 13
17285 9
17286 8
17287 15
17288 10
17289 19
17290 37
17291 70
17292 28
17293 55
17294 11
17295 9
17296 73
17297 19
17298 31
17299 36
17300 18
17301 6
17302 18
17303 29
17304 31
17305 13
17306 12
17307 6
17308 10
17309 17
17310 22
17311 9
17312 18
17313 12
17314 12
17315 9
17316 34
17317 35
17318 9
17319 11
17320 9
17321 23
17322 9
17323 6
17324 10
17325 144
17326 8
17327 26
17328 20
17329 18
17330 23
17331 10
17332 10
17333 33
17334 28
17335 14
17336 9
17337 10
17338 12
17339 13
17340 30
17341 31
17342 15
17343 14
17344 27
17345 21
17346 19
17347 22
17348 9
17349 4
17350 10
17351 24
17352 19
17353 26
17354 12
17355 10
17356 14
17357 5
17358 21
17359 26
17360 34
17361 15
17362 13
17363 17
17364 14
17365 7
17366 11
17367 10
17368 14
17369 8
17370 12
17371 19
17372 7
17373 23
17374 9
17375 6
17376 28
17377 29
17378 11
17379 22
17380 19
17381 7
17382 10
17383 24
17384 21
17385 11
17386 15
17387 26
17388 27
17389 38
17390 4
17391 51
17392 13
17393 25
17394 14
17395 14
17396 15
17397 10
17398 14
17399 14
17400 37
17401 33
17402 22
17403 6
17404 21
17405 20
17406 17
17407 19
17408 87
17409 18
17410 6
17411 10
17412 18
17413 10
17414 10
17415 8
17416 10
17417 32
17418 18
17419 20
17420 9
17421 12
17422 14
17423 18
17424 204
17425 45
17426 12
17427 16
17428 13
17429 12
17430 20
17431 37
17432 15
17433 9
17434 8
17435 11
17436 15
17437 14
17438 12
17439 1
17440 18
17441 18
17442 22
17443 40
17444 9
17445 7
17446 21
17447 10
17448 18
17449 27
17450 16
17451 8
17452 11
17453 14
17454 7
17455 8
17456 12
17457 24
17458 13
17459 16
17460 33
17461 20
17462 8
17463 11
17464 13
17465 12
17466 13
17467 30
17468 22
17469 10
17470 10
17471 58
17472 67
17473 21
17474 10
17475 10
17476 53
17477 49
17478 18
17479 16
17480 27
17481 18
17482 18
17483 35
17484 22
17485 17
17486 16
17487 16
17488 18
17489 39
17490 43
17491 37
17492 11
17493 13
17494 12
17495 18
17496 184
17497 48
17498 22
17499 18
17500 40
17501 30
17502 17
17503 12
17504 15
17505 19
17506 12
17507 16
17508 23
17509 23
17510 17
17511 20
17512 19
17513 16
17514 18
17515 8
17516 8
17517 12
17518 25
17519 37
17520 28
17521 14
17522 11
17523 15
17524 19
17525 14
17526 16
17527 17
17528 14
17529 16
17530 14
17531 19
17532 22
17533 7
17534 22
17535 14
17536 44
17537 21
17538 13
17539 30
17540 17
17541 15
17542 11
17543 15
17544 30
17545 16
17546 7
17547 9
17548 32
17549 21
17550 81
17551 37
17552 15
17553 7
17554 7
17555 10
17556 52
17557 24
17558 11
17559 9
17560 21
17561 14
17562 7
17563 15
17564 10
17565 10
17566 7
17567 12
17568 30
17569 42
17570 17
17571 16
17572 10
17573 24
17574 16
17575 62
17576 205
17577 59
17578 53
17579 39
17580 14
17581 27
17582 13
17583 13
17584 16
17585 8
17586 9
17587 12
17588 6
17589 21
17590 8
17591 13
17592 16
17593 16
17594 17
17595 18
17596 8
17597 23
17598 24
17599 18
17600 43
17601 11
17602 17
17603 15
17604 27
17605 8
17606 13
17607 12
17608 22
17609 32
17610 9
17611 17
17612 14
17613 10
17614 15
17615 6
17616 13
17617 12
17618 9
17619 6
17620 11
17621 7
17622 25
17623 21
17624 7
17625 7
17626 5
17627 27
17628 20
17629 13
17630 17
17631 13
17632 10
17633 12
17634 7
17635 12
17636 9
17637 14
17638 7
17639 20
17640 175
17641 33
17642 12
17643 12
17644 12
17645 11
17646 8
17647 17
17648 8
17649 10
17650 8
17651 8
17652 12
17653 20
17654 28
17655 24
17656 11
17657 26
17658 15
17659 39
17660 5
17661 23
17662 7
17663 11
17664 34
17665 14
17666 9
17667 11
17668 11
17669 34
17670 24
17671 16
17672 28
17673 17
17674 15
17675 13
17676 20
17677 9
17678 13
17679 5
17680 32
17681 36
17682 11
17683 20
17684 19
17685 17
17686 10
17687 12
17688 35
17689 123
17690 26
17691 7
17692 5
17693 13
17694 17
17695 11
17696 25
17697 15
17698 8
17699 16
17700 30
17701 23
17702 11
17703 24
17704 11
17705 9
17706 11
17707 28
17708 25
17709 18
17710 90
17711 277
17712 46
17713 50
17714 14
17715 11
17716 13
17717 16
17718 22
17719 22
17720 8
17721 7
17722 25
17723 12
17724 21
17725 9
17726 13
17727 7
17728 24
17729 28
17730 13
17731 26
17732 28
17733 16
17734 9
17735 8
17736 13
17737 34
17738 16
17739 17
17740 16
17741 6
17742 16
17743 8
17744 19
17745 37
17746 8
17747 29
17748 34
17749 45
17750 9
17751 10
17752 14
17753 18
17754 6
17755 10
17756 3
17757 7
17758 7
17759 27
17760 38
17761 30
17762 7
17763 13
17764 17
17765 25
17766 47
17767 35
17768 11
17769 7
17770 13
17771 25
17772 15
17773 7
17774 6
17775 8
17776 34
17777 21
17778 16
17779 5
17780 20
17781 9
17782 9
17783 40
17784 35
17785 8
17786 14
17787 20
17788 5
17789 18
17790 18
17791 27
17792 19
17793 13
17794 15
17795 11
17796 19
17797 20
17798 9
17799 8
17800 20
17801 8
17802 16
17803 20
17804 12
17805 4
17806 9
17807 20
17808 22
17809 12
17810 17
17811 11
17812 16
17813 9
17814 10
17815 16
17816 46
17817 8
17818 11
17819 6
17820 38
17821 8
17822 18
17823 12
17824 19
17825 8
17826 2
17827 26
17828 12
17829 13
17830 12
17831 22
17832 14
17833 8
17834 8
17835 18
17836 23
17837 27
17838 14
17839 27
17840 21
17841 7
17842 13
17843 1
17844 15
17845 11
17846 10
17847 13
17848 12
17849 12
17850 59
17851 39
17852 12
17853 11
17854 10
17855 17
17856 45
17857 16
17858 9
17859 4
17860 12
17861 19
17862 6
17863 38
17864 23
17865 17
17866 19
17867 9
17868 6
17869 13
17870 5
17871 19
17872 16
17873 6
17874 15
17875 45
17876 13
17877 13
17878 7
17879 12
17880 20
17881 43
17882 6
17883 9
17884 11
17885 17
17886 15
17887 12
17888 28
17889 15
17890 16
17891 18
17892 17
17893 10
17894 4
17895 15
17896 6
17897 13
17898 11
17899 16
17900 15
17901 17
17902 8
17903 23
17904 17
17905 10
17906 14
17907 10
17908 13
17909 25
17910 11
17911 28
17912 10
17913 18
17914 13
17915 8
17916 13
17917 7
17918 9
17919 29
17920 137
17921 39
17922 11
17923 19
17924 4
17925 7
17926 9
17927 15
17928 29
17929 29
17930 17
17931 10
17932 8
17933 10
17934 12
17935 24
17936 21
17937 11
17938 7
17939 31
17940 35
17941 22
17942 5
17943 7
17944 14
17945 11
17946 14
17947 30
17948 14
17949 6
17950 14
17951 14
17952 35
17953 11
17954 11
17955 78
17956 74
17957 63
17958 15
17959 30
17960 14
17961 5
17962 12
17963 17
17964 7
17965 21
17966 21
17967 14
17968 17
17969 21
17970 9
17971 74
17972 11
17973 10
17974 13
17975 12
17976 34
17977 61
17978 17
17979 8
17980 26
17981 25
17982 20
17983 16
17984 35
17985 26
17986 19
17987 33
17988 12
17989 36
17990 24
17991 37
17992 24
17993 8
17994 14
17995 7
17996 15
17997 4
17998 10
17999 19
18000 137
18001 27
18002 15
18003 14
18004 11
18005 8
18006 6
18007 16
18008 8
18009 6
18010 13
18011 7
18012 17
18013 35
18014 9
18015 13
18016 16
18017 7
18018 104
18019 27
18020 17
18021 7
18022 13
18023 16
18024 9
18025 15
18026 13
18027 16
18028 7
18029 8
18030 7
18031 19
18032 13
18033 12
18034 5
18035 7
18036 8
18037 16
18038 8
18039 10
18040 16
18041 52
18042 21
18043 35
18044 12
18045 8
18046 10
18047 30
18048 40
18049 35
18050 13
18051 8
18052 13
18053 8
18054 16
18055 9
18056 12
18057 10
18058 9
18059 19
18060 34
18061 37
18062 16
18063 13
18064 14
18065 9
18066 4
18067 12
18068 5
18069 7
18070 10
18071 6
18072 18
18073 7
18074 7
18075 14
18076 5
18077 23
18078 16
18079 15
18080 21
18081 37
18082 12
18083 10
18084 19
18085 12
18086 10
18087 6
18088 23
18089 67
18090 15
18091 7
18092 5
18093 11
18094 6
18095 24
18096 43
18097 33
18098 10
18099 11
18100 17
18101 13
18102 14
18103 12
18104 13
18105 12
18106 6
18107 15
18108 33
18109 21
18110 2
18111 6
18112 11
18113 9
18114 6
18115 4
18116 10
18117 7
18118 6
18119 37
18120 24
18121 32
18122 18
18123 14
18124 19
18125 26
18126 15
18127 27
18128 8
18129 12
18130 11
18131 28
18132 14
18133 21
18134 8
18135 16
18136 16
18137 2
18138 10
18139 9
18140 10
18141 8
18142 10
18143 21
18144 135
18145 44
18146 9
18147 8
18148 10
18149 30
18150 51
18151 14
18152 28
18153 16
18154 9
18155 14
18156 11
18157 16
18158 7
18159 2
18160 21
18161 10
18162 15
18163 9
18164 16
18165 11
18166 11
18167 12
18168 14
18169 16
18170 6
18171 8
18172 25
18173 9
18174 12
18175 13
18176 27
18177 16
18178 3
18179 9
18180 22
18181 116
18182 7
18183 20
18184 3
18185 12
18186 18
18187 6
18188 13
18189 18
18190 12
18191 46
18192 22
18193 21
18194 7
18195 9
18196 12
18197 10
18198 14
18199 25
18200 42
18201 13
18202 22
18203 8
18204 21
18205 22
18206 13
18207 15
18208 30
18209 26
18210 18
18211 35
18212 12
18213 8
18214 10
18215 13
18216 36
18217 34
18218 15
18219 7
18220 11
18221 20
18222 14
18223 32
18224 22
18225 169
18226 25
18227 13
18228 22
18229 32
18230 12
18231 14
18232 14
18233 29
18234 12
18235 10
18236 11
18237 6
18238 12
18239 18
18240 43
18241 43
18242 12
18243 10
18244 9
18245 8
18246 16
18247 8
18248 23
18249 11
18250 11
18251 30
18252 106
18253 32
18254 11
18255 14
18256 18
18257 38
18258 18
18259 19
18260 14
18261 18
18262 7
18263 5
18264 17
18265 14
18266 14
18267 8
18268 8
18269 22
18270 34
18271 22
18272 31
18273 15
18274 10
18275 16
18276 18
18277 17
18278 33
18279 16
18280 19
18281 34
18282 11
18283 11
18284 10
18285 19
18286 8
18287 21
18288 17
18289 20
18290 12
18291 23
18292 17
18293 7
18294 9
18295 6
18296 12
18297 13
18298 12
18299 13
18300 23
18301 20
18302 10
18303 9
18304 37
18305 18
18306 20
18307 26
18308 7
18309 11
18310 3
18311 17
18312 17
18313 31
18314 8
18315 25
18316 19
18317 11
18318 13
18319 13
18320 11
18321 20
18322 7
18323 5
18324 12
18325 9
18326 15
18327 11
18328 6
18329 22
18330 28
18331 12
18332 20
18333 14
18334 15
18335 13
18336 48
18337 10
18338 4
18339 5
18340 15
18341 17
18342 10
18343 10
18344 13
18345 6
18346 3
18347 9
18348 14
18349 2
18350 1
18351 7
18352 14
18353 22
18354 21
18355 12
18356 12
18357 9
18358 16
18359 4
18360 68
18361 34
18362 17
18363 3
18364 6
18365 11
18366 9
18367 18
18368 16
18369 23
18370 8
18371 21
18372 13
18373 8
18374 6
18375 37
18376 25
18377 14
18378 14
18379 26
18380 14
18381 16
18382 17
18383 10
18384 21
18385 9
18386 9
18387 16
18388 12
18389 15
18390 21
18391 11
18392 14
18393 15
18394 6
18395 16
18396 32
18397 24
18398 10
18399 5
18400 24
18401 20
18402 8
18403 8
18404 10
18405 2
18406 17
18407 30
18408 12
18409 15
18410 19
18411 13
18412 14
18413 17
18414 11
18415 11
18416 33
18417 9
18418 3
18419 7
18420 13
18421 15
18422 14
18423 16
18424 55
18425 17
18426 23
18427 29
18428 10
18429 11
18430 18
18431 27
18432 264
18433 82
18434 18
18435 10
18436 12
18437 7
18438 9
18439 17
18440 17
18441 9
18442 9
18443 22
18444 21
18445 30
18446 16
18447 20
18448 16
18449 9
18450 16
18451 22
18452 15
18453 14
18454 12
18455 4
18456 13
18457 23
18458 7
18459 16
18460 12
18461 28
18462 15
18463 8
18464 25
18465 8
18466 13
18467 11
18468 36
18469 12
18470 7
18471 13
18472 9
18473 13
18474 6
18475 10
18476 9
18477 9
18478 16
18479 13
18480 276
18481 68
18482 9
18483 20
18484 8
18485 12
18486 18
18487 16
18488 13
18489 16
18490 16
18491 13
18492 13
18493 36
18494 16
18495 14
18496 144
18497 12
18498 5
18499 10
18500 20
18501 14
18502 21
18503 29
18504 19
18505 13
18506 10
18507 9
18508 22
18509 8
18510 11
18511 16
18512 12
18513 33
18514 15
18515 16
18516 12
18517 24
18518 4
18519 4
18520 11
18521 42
18522 50
18523 37
18524 9
18525 17
18526 20
18527 13
18528 57
18529 16
18530 18
18531 9
18532 12
18533 7
18534 11
18535 7
18536 17
18537 8
18538 7
18539 27
18540 21
18541 22
18542 6
18543 18
18544 15
18545 10
18546 19
18547 11
18548 7
18549 7
18550 13
18551 11
18552 7
18553 18
18554 12
18555 9
18556 15
18557 13
18558 5
18559 16
18560 44
18561 14
18562 11
18563 12
18564 147
18565 28
18566 18
18567 11
18568 16
18569 12
18570 14
18571 24
18572 14
18573 10
18574 14
18575 16
18576 22
18577 13
18578 15
18579 13
18580 17
18581 25
18582 10
18583 20
18584 9
18585 33
18586 7
18587 23
18588 14
18589 14
18590 29
18591 6
18592 19
18593 27
18594 11
18595 6
18596 10
18597 7
18598 7
18599 9
18600 49
18601 18
18602 11
18603 10
18604 10
18605 12
18606 10
18607 3
18608 10
18609 12
18610 10
18611 2
18612 23
18613 9
18614 12
18615 9
18616 17
18617 28
18618 9
18619 9
18620 29
18621 14
18622 12
18623 6
18624 21
18625 25
18626 10
18627 10
18628 24
18629 8
18630 25
18631 25
18632 53
18633 13
18634 8
18635 10
18636 19
18637 27
18638 11
18639 10
18640 14
18641 5
18642 9
18643 7
18644 6
18645 9
18646 14
18647 9
18648 30
18649 23
18650 16
18651 4
18652 8
18653 12
18654 13
18655 18
18656 19
18657 4
18658 9
18659 19
18660 25
18661 35
18662 23
18663 11
18664 11
18665 8
18666 15
18667 13
18668 6
18669 19
18670 6
18671 18
18672 14
18673 16
18674 6
18675 9
18676 6
18677 13
18678 11
18679 16
18680 9
18681 15
18682 4
18683 8
18684 13
18685 6
18686 10
18687 13
18688 44
18689 7
18690 15
18691 20
18692 18
18693 3
18694 10
18695 9
18696 15
18697 10
18698 19
18699 18
18700 34
18701 27
18702 5
18703 9
18704 9
18705 37
18706 17
18707 9
18708 18
18709 7
18710 9
18711 43
18712 12
18713 28
18714 11
18715 4
18716 12
18717 11
18718 10
18719 33
18720 67
18721 135
18722 15
18723 20
18724 27
18725 29
18726 12
18727 4
18728 10
18729 8
18730 7
18731 31
18732 21
18733 15
18734 14
18735 19
18736 14
18737 18
18738 18
18739 11
18740 11
18741 7
18742 10
18743 21
18744 22
18745 7
18746 15
18747 9
18748 10
18749 31
18750 150
18751 20
18752 17
18753 14
18754 22
18755 19
18756 25
18757 26
18758 8
18759 12
18760 21
18761 12
18762 9
18763 12
18764 4
18765 15
18766 18
18767 20
18768 40
18769 154
18770 11
18771 9
18772 18
18773 53
18774 10
18775 10
18776 13
18777 12
18778 8
18779 8
18780 14
18781 12
18782 10
18783 3
18784 30
18785 46
18786 12
18787 32
18788 17
18789 10
18790 8
18791 14
18792 23
18793 16
18794 9
18795 11
18796 7
18797 18
18798 16
18799 11
18800 20
18801 14
18802 14
18803 31
18804 21
18805 12
18806 19
18807 14
18808 13
18809 8
18810 31
18811 9
18812 6
18813 7
18814 10
18815 11
18816 79
18817 52
18818 24
18819 7
18820 15
18821 9
18822 8
18823 5
18824 13
18825 10
18826 7
18827 14
18828 16
18829 21
18830 15
18831 12
18832 15
18833 16
18834 12
18835 3
18836 11
18837 22
18838 13
18839 37
18840 15
18841 13
18842 14
18843 13
18844 10
18845 5
18846 9
18847 15
18848 9
18849 9
18850 26
18851 21
18852 10
18853 5
18854 14
18855 16
18856 2
18857 8
18858 15
18859 27
18860 17
18861 8
18862 7
18863 6
18864 15
18865 33
18866 13
18867 6
18868 10
18869 33
18870 15
18871 7
18872 12
18873 21
18874 11
18875 10
18876 38
18877 10
18878 4
18879 15
18880 22
18881 31
18882 15
18883 8
18884 20
18885 10
18886 13
18887 20
18888 25
18889 13
18890 9
18891 6
18892 7
18893 9
18894 11
18895 15
18896 10
18897 11
18898 11
18899 39
18900 123
18901 34
18902 6
18903 11
18904 25
18905 13
18906 25
18907 14
18908 13
18909 8
18910 28
18911 39
18912 16
18913 20
18914 18
18915 50
18916 20
18917 23
18918 13
18919 37
18920 16
18921 16
18922 6
18923 10
18924 10
18925 10
18926 10
18927 19
18928 27
18929 12
18930 18
18931 9
18932 15
18933 9
18934 5
18935 9
18936 12
18937 14
18938 7
18939 8
18940 16
18941 12
18942 17
18943 26
18944 40
18945 9
18946 4
18947 26
18948 9
18949 11
18950 10
18951 9
18952 19
18953 20
18954 40
18955 16
18956 19
18957 14
18958 13
18959 20
18960 27
18961 12
18962 12
18963 22
18964 10
18965 9
18966 16
18967 4
18968 14
18969 6
18970 16
18971 14
18972 19
18973 15
18974 8
18975 14
18976 16
18977 13
18978 16
18979 24
18980 35
18981 38
18982 8
18983 4
18984 16
18985 14
18986 5
18987 8
18988 8
18989 8
18990 16
18991 4
18992 19
18993 6
18994 13
18995 19
18996 21
18997 10
18998 13
18999 13
19000 30
19001 40
19002 11
19003 6
19004 15
19005 27
19006 19
19007 13
19008 61
19009 45
19010 15
19011 13
19012 11
19013 31
19014 10
19015 3
19016 10
19017 4
19018 14
19019 67
19020 26
19021 14
19022 9
19023 15
19024 16
19025 12
19026 26
19027 8
19028 11
19029 7
19030 13
19031 18
19032 12
19033 10
19034 12
19035 15
19036 3
19037 22
19038 13
19039 15
19040 39
19041 34
19042 13
19043 69
19044 100
19045 18
19046 13
19047 18
19048 11
19049 13
19050 10
19051 24
19052 10
19053 9
19054 6
19055 8
19056 14
19057 5
19058 15
19059 9
19060 12
19061 13
19062 9
19063 6
19064 9
19065 19
19066 7
19067 10
19068 13
19069 26
19070 8
19071 10
19072 22
19073 24
19074 18
19075 20
19076 13
19077 6
19078 8
19079 27
19080 30
19081 27
19082 7
19083 7
19084 16
19085 6
19086 10
19087 32
19088 6
19089 22
19090 16
19091 19
19092 16
19093 10
19094 9
19095 20
19096 32
19097 31
19098 13
19099 10
19100 8
19101 4
19102 5
19103 5
19104 21
19105 13
19106 5
19107 15
19108 17
19109 12
19110 84
19111 17
19112 15
19113 22
19114 15
19115 18
19116 16
19117 9
19118 6
19119 15
19120 15
19121 17
19122 12
19123 8
19124 8
19125 13
19126 6
19127 5
19128 12
19129 8
19130 10
19131 14
19132 10
19133 10
19134 4
19135 10
19136 26
19137 11
19138 15
19139 28
19140 38
19141 44
19142 12
19143 12
19144 11
19145 7
19146 11
19147 17
19148 8
19149 10
19150 2
19151 14
19152 61
19153 9
19154 8
19155 8
19156 10
19157 26
19158 5
19159 7
19160 17
19161 16
19162 11
19163 18
19164 13
19165 11
19166 22
19167 6
19168 12
19169 5
19170 24
19171 64
19172 15
19173 15
19174 9
19175 18
19176 22
19177 9
19178 8
19179 9
19180 17
19181 47
19182 22
19183 39
19184 14
19185 8
19186 7
19187 14
19188 16
19189 5
19190 11
19191 23
19192 13
19193 14
19194 6
19195 15
19196 26
19197 13
19198 2
19199 18
19200 89
19201 23
19202 11
19203 9
19204 10
19205 4
19206 15
19207 33
19208 158
19209 8
19210 13
19211 27
19212 9
19213 20
19214 18
19215 29
19216 15
19217 7
19218 6
19219 32
19220 15
19221 6
19222 10
19223 12
19224 11
19225 13
19226 7
19227 17
19228 31
19229 9
19230 10
19231 21
19232 20
19233 4
19234 7
19235 11
19236 26
19237 20
19238 13
19239 4
19240 17
19241 17
19242 7
19243 8
19244 8
19245 7
19246 8
19247 5
19248 13
19249 26
19250 27
19251 18
19252 17
19253 6
19254 8
19255 8
19256 16
19257 10
19258 6
19259 19
19260 13
19261 7
19262 9
19263 9
19264 17
19265 12
19266 14
19267 29
19268 9
19269 17
19270 11
19271 2
19272 12
19273 23
19274 8
19275 8
19276 14
19277 9
19278 30
19279 8
19280 12
19281 8
19282 5
19283 8
19284 7
19285 23
19286 7
19287 11
19288 6
19289 15
19290 6
19291 28
19292 11
19293 5
19294 6
19295 9
19296 25
19297 10
19298 7
19299 9
19300 18
19301 16
19302 14
19303 10
19304 19
19305 95
19306 44
19307 24
19308 14
19309 27
19310 7
19311 14
19312 23
19313 7
19314 9
19315 5
19316 14
19317 8
19318 9
19319 42
19320 83
19321 115
19322 19
19323 18
19324 8
19325 7
19326 10
19327 5
19328 40
19329 5
19330 5
19331 3
19332 16
19333 44
19334 11
19335 8
19336 9
19337 13
19338 21
19339 8
19340 12
19341 8
19342 8
19343 14
19344 28
19345 41
19346 7
19347 6
19348 9
19349 6
19350 21
19351 4
19352 6
19353 12
19354 5
19355 19
19356 9
19357 8
19358 15
19359 20
19360 37
19361 20
19362 19
19363 15
19364 6
19365 5
19366 10
19367 8
19368 14
19369 10
19370 11
19371 10
19372 15
19373 33
19374 10
19375 27
19376 26
19377 10
19378 12
19379 35
19380 49
19381 17
19382 10
19383 12
19384 11
19385 7
19386 8
19387 18
19388 9
19389 16
19390 19
19391 56
19392 18
19393 13
19394 7
19395 5
19396 16
19397 9
19398 9
19399 10
19400 16
19401 18
19402 10
19403 24
19404 74
19405 20
19406 6
19407 7
19408 19
19409 11
19410 13
19411 8
19412 16
19413 10
19414 9
19415 9
19416 17
19417 32
19418 8
19419 7
19420 12
19421 44
19422 11
19423 27
19424 19
19425 37
19426 18
19427 37
19428 9
19429 24
19430 8
19431 8
19432 11
19433 20
19434 13
19435 15
19436 17
19437 30
19438 7
19439 11
19440 125
19441 55
19442 9
19443 8
19444 9
19445 7
19446 19
19447 29
19448 124
19449 20
19450 15
19451 12
19452 9
19453 13
19454 9
19455 13
19456 59
19457 36
19458 21
19459 13
19460 18
19461 15
19462 11
19463 24
19464 21
19465 6
19466 19
19467 16
19468 8
19469 35
19470 23
19471 39
19472 10
19473 11
19474 13
19475 18
19476 16
19477 29
19478 4
19479 6
19480 12
19481 28
19482 12
19483 20
19484 11
19485 10
19486 2
19487 9
19488 33
19489 33
19490 15
19491 18
19492 14
19493 10
19494 26
19495 10
19496 9
19497 5
19498 2
19499 10
19500 34
19501 29
19502 16
19503 32
19504 6
19505 12
19506 6
19507 25
19508 10
19509 12
19510 5
19511 14
19512 12
19513 31
19514 17
19515 8
19516 19
19517 9
19518 7
19519 16
19520 21
19521 27
19522 7
19523 4
19524 32
19525 18
19526 17
19527 7
19528 10
19529 7
19530 39
19531 109
19532 14
19533 9
19534 5
19535 7
19536 21
19537 13
19538 10
19539 4
19540 17
19541 33
19542 10
19543 23
19544 11
19545 7
19546 9
19547 6
19548 17
19549 7
19550 12
19551 28
19552 13
19553 21
19554 6
19555 7
19556 4
19557 4
19558 9
19559 20
19560 31
19561 21
19562 8
19563 4
19564 12
19565 11
19566 8
19567 12
19568 10
19569 19
19570 19
19571 16
19572 24
19573 10
19574 16
19575 19
19576 8
19577 35
19578 11
19579 9
19580 25
19581 12
19582 8
19583 26
19584 41
19585 14
19586 9
19587 16
19588 6
19589 7
19590 14
19591 19
19592 12
19593 16
19594 10
19595 10
19596 15
19597 23
19598 11
19599 19
19600 185
19601 128
19602 55
19603 49
19604 16
19605 15
19606 11
19607 18
19608 58
19609 94
19610 24
19611 15
19612 12
19613 13
19614 12
19615 17
19616 13
19617 15
19618 9
19619 20
19620 23
19621 9
19622 6
19623 8
19624 22
19625 6
19626 7
19627 5
19628 19
19629 16
19630 7
19631 13
19632 16
19633 14
19634 16
19635 111
19636 10
19637 15
19638 4
19639 8
19640 12
19641 12
19642 7
19643 8
19644 9
19645 6
19646 7
19647 16
19648 15
19649 11
19650 10
19651 20
19652 53
19653 18
19654 12
19655 14
19656 115
19657 25
19658 7
19659 8
19660 24
19661 68
19662 9
19663 12
19664 21
19665 24
19666 11
19667 9
19668 8
19669 27
19670 27
19671 6
19672 10
19673 18
19674 19
19675 17
19676 13
19677 11
19678 11
19679 11
19680 42
19681 60
19682 100
19683 862
19684 144
19685 37
19686 29
19687 41
19688 23
19689 22
19690 8
19691 32
19692 22
19693 13
19694 10
19695 7
19696 18
19697 26
19698 10
19699 31
19700 17
19701 39
19702 7
19703 9
19704 12
19705 8
19706 8
19707 5
19708 6
19709 25
19710 28
19711 21
19712 47
19713 7
19714 17
19715 8
19716 9
19717 24
19718 8
19719 12
19720 29
19721 31
19722 17
19723 14
19724 6
19725 6
19726 6
19727 13
19728 13
19729 13
19730 10
19731 7
19732 9
19733 8
19734 25
19735 20
19736 11
19737 12
19738 11
19739 27
19740 36
19741 8
19742 3
19743 6
19744 8
19745 10
19746 7
19747 18
19748 15
19749 12
19750 14
19751 20
19752 12
19753 19
19754 8
19755 6
19756 11
19757 8
19758 8
19759 21
19760 26
19761 10
19762 6
19763 27
19764 43
19765 9
19766 9
19767 8
19768 10
19769 7
19770 8
19771 7
19772 2
19773 42
19774 11
19775 8
19776 25
19777 28
19778 9
19779 4
19780 29
19781 21
19782 30
19783 11
19784 11
19785 11
19786 8
19787 6
19788 19
19789 7
19790 10
19791 18
19792 11
19793 20
19794 14
19795 5
19796 13
19797 10
19798 13
19799 17
19800 79
19801 72
19802 24
19803 12
19804 11
19805 17
19806 11
19807 7
19808 12
19809 2
19810 17
19811 12
19812 16
19813 16
19814 9
19815 8
19816 13
19817 4
19818 13
19819 25
19820 11
19821 8
19822 6
19823 4
19824 27
19825 38
19826 6
19827 10
19828 7
19829 9
19830 5
19831 9
19832 14
19833 9
19834 18
19835 8
19836 8
19837 10
19838 5
19839 9
19840 27
19841 38
19842 4
19843 24
19844 18
19845 70
19846 12
19847 10
19848 12
19849 12
19850 11
19851 10
19852 11
19853 17
19854 10
19855 24
19856 20
19857 9
19858 16
19859 10
19860 11
19861 21
19862 11
19863 11
19864 16
19865 17
19866 34
19867 18
19868 11
19869 8
19870 6
19871 9
19872 33
19873 14
19874 6
19875 18
19876 14
19877 19
19878 3
19879 12
19880 26
19881 100
19882 11
19883 7
19884 14
19885 7
19886 8
19887 12
19888 17
19889 29
19890 25
19891 61
19892 9
19893 15
19894 19
19895 13
19896 14
19897 10
19898 9
19899 22
19900 45
19901 16
19902 6
19903 10
19904 16
19905 12
19906 5
19907 8
19908 22
19909 25
19910 11
19911 14
19912 18
19913 21
19914 6
19915 5
19916 18
19917 14
19918 7
19919 24
19920 28
19921 17
19922 13
19923 7
19924 7
19925 10
19926 13
19927 24
19928 15
19929 20
19930 13
19931 11
19932 16
19933 12
19934 11
19935 18
19936 19
19937 52
19938 7
19939 7
19940 26
19941 11
19942 10
19943 19
19944 25
19945 6
19946 14
19947 8
19948 4
19949 28
19950 27
19951 53
19952 15
19953 9
19954 5
19955 4
19956 11
19957 8
19958 11
19959 13
19960 8
19961 26
19962 10
19963 25
19964 20
19965 15
19966 11
19967 13
19968 32
19969 9
19970 11
19971 8
19972 9
19973 22
19974 10
19975 10
19976 13
19977 6
19978 9
19979 20
19980 25
19981 18
19982 15
19983 6
19984 15
19985 9
19986 15
19987 11
19988 10
19989 10
19990 11
19991 95
19992 38
19993 39
19994 13
19995 22
19996 27
19997 33
19998 35
19999 54
20000 261
20001 56
20002 67
20003 11
20004 15
20005 25
20006 13
20007 24
20008 16
20009 15
20010 39
20011 56
20012 16
20013 8
20014 7
20015 13
20016 25
20017 14
20018 10
20019 7
20020 101
20021 46
20022 29
20023 39
20024 8
20025 23
20026 38
20027 8
20028 5
20029 21
20030 10
20031 12
20032 12
20033 15
20034 14
20035 9
20036 8
20037 2
20038 11
20039 9
20040 28
20041 15
20042 9
20043 4
20044 8
20045 6
20046 7
20047 22
20048 11
20049 12
20050 16
20051 18
20052 9
20053 10
20054 8
20055 13
20056 12
20057 7
20058 6
20059 12
20060 11
20061 11
20062 10
20063 23
20064 29
20065 15
20066 11
20067 1
20068 7
20069 6
20070 14
20071 28
20072 4
20073 4
20074 14
20075 6
20076 20
20077 6
20078 8
20079 14
20080 15
20081 7
20082 12
20083 8
20084 7
20085 15
20086 6
20087 9
20088 20
20089 24
20090 20
20091 15
20092 7
20093 14
20094 5
20095 7
20096 32
20097 26
20098 10
20099 12
20100 61
20101 63
20102 37
20103 8
20104 18
20105 4
20106 12
20107 21
20108 12
20109 5
20110 17
20111 26
20112 23
20113 39
20114 11
20115 8
20116 12
20117 12
20118 18
20119 6
20120 24
20121 6
20122 12
20123 22
20124 20
20125 12
20126 5
20127 4
20128 21
20129 27
20130 13
20131 17
20132 12
20133 4
20134 8
20135 10
20136 9
20137 9
20138 5
20139 9
20140 6
20141 9
20142 8
20143 27
20144 6
20145 30
20146 10
20147 23
20148 10
20149 31
20150 12
20151 6
20152 14
20153 12
20154 11
20155 17
20156 14
20157 5
20158 8
20159 18
20160 738
20161 75
20162 16
20163 24
20164 79
20165 18
20166 7
20167 7
20168 23
20169 18
20170 3
20171 6
20172 17
20173 25
20174 12
20175 26
20176 20
20177 16
20178 8
20179 11
20180 11
20181 15
20182 6
20183 23
20184 8
20185 11
20186 11
20187 9
20188 19
20189 6
20190 13
20191 16
20192 8
20193 12
20194 9
20195 36
20196 56
20197 21
20198 17
20199 12
20200 43
20201 79
20202 75
20203 15
20204 8
20205 13
20206 11
20207 23
20208 19
20209 7
20210 10
20211 14
20212 14
20213 27
20214 14
20215 7
20216 33
20217 10
20218 6
20219 12
20220 27
20221 12
20222 10
20223 19
20224 48
20225 15
20226 15
20227 2
20228 24
20229 12
20230 35
20231 44
20232 21
20233 25
20234 9
20235 16
20236 13
20237 8
20238 4
20239 6
20240 26
20241 10
20242 16
20243 8
20244 13
20245 6
20246 8
20247 16
20248 8
20249 30
20250 26
20251 20
20252 7
20253 20
20254 19
20255 8
20256 25
20257 14
20258 2
20259 11
20260 15
20261 18
20262 14
20263 8
20264 14
20265 24
20266 15
20267 4
20268 11
20269 17
20270 14
20271 10
20272 26
20273 11
20274 16
20275 12
20276 16
20277 9
20278 6
20279 5
20280 37
20281 8
20282 8
20283 4
20284 18
20285 10
20286 12
20287 21
20288 8
20289 1
20290 10
20291 16
20292 8
20293 17
20294 7
20295 24
20296 13
20297 21
20298 12
20299 16
20300 15
20301 35
20302 17
20303 7
20304 24
20305 20
20306 27
20307 14
20308 9
20309 9
20310 10
20311 7
20312 9
20313 11
20314 14
20315 1
20316 16
20317 13
20318 10
20319 12
20320 27
20321 9
20322 11
20323 23
20324 5
20325 3
20326 10
20327 18
20328 26
20329 21
20330 19
20331 7
20332 19
20333 24
20334 10
20335 13
20336 20
20337 20
20338 6
20339 13
20340 16
20341 26
20342 3
20343 10
20344 10
20345 15
20346 7
20347 33
20348 6
20349 82
20350 15
20351 7
20352 23
20353 46
20354 11
20355 11
20356 13
20357 21
20358 9
20359 36
20360 10
20361 5
20362 5
20363 11
20364 15
20365 14
20366 15
20367 11
20368 12
20369 27
20370 22
20371 13
20372 11
20373 12
20374 4
20375 7
20376 18
20377 16
20378 6
20379 6
20380 8
20381 7
20382 13
20383 10
20384 50
20385 19
20386 11
20387 4
20388 15
20389 23
20390 8
20391 11
20392 6
20393 23
20394 6
20395 10
20396 5
20397 6
20398 20
20399 23
20400 55
20401 16
20402 40
20403 6
20404 26
20405 16
20406 12
20407 25
20408 16
20409 8
20410 7
20411 41
20412 174
20413 23
20414 12
20415 7
20416 18
20417 29
20418 8
20419 8
20420 6
20421 9
20422 6
20423 8
20424 35
20425 21
20426 4
20427 11
20428 7
20429 10
20430 10
20431 27
20432 5
20433 10
20434 11
20435 6
20436 11
20437 16
20438 8
20439 12
20440 63
20441 36
20442 2
20443 16
20444 15
20445 17
20446 8
20447 10
20448 41
20449 113
20450 19
20451 13
20452 9
20453 14
20454 9
20455 9
20456 15
20457 14
20458 9
20459 11
20460 38
20461 12
20462 15
20463 6
20464 10
20465 8
20466 11
20467 8
20468 12
20469 4
20470 10
20471 11
20472 10
20473 11
20474 7
20475 117
20476 23
20477 49
20478 19
20479 59
20480 253
20481 29
20482 27
20483 41
20484 9
20485 37
20486 8
20487 10
20488 9
20489 7
20490 16
20491 8
20492 6
20493 8
20494 11
20495 16
20496 23
20497 11
20498 9
20499 6
20500 34
20501 25
20502 52
20503 31
20504 22
20505 22
20506 8
20507 33
20508 5
20509 18
20510 16
20511 1
20512 21
20513 15
20514 11
20515 16
20516 10
20517 6
20518 14
20519 10
20520 58
20521 35
20522 7
20523 5
20524 8
20525 6
20526 8
20527 13
20528 11
20529 9
20530 6
20531 6
20532 19
20533 26
20534 5
20535 17
20536 11
20537 14
20538 21
20539 14
20540 25
20541 12
20542 13
20543 20
20544 21
20545 9
20546 9
20547 10
20548 12
20549 17
20550 22
20551 17
20552 13
20553 12
20554 17
20555 8
20556 15
20557 10
20558 8
20559 24
20560 19
20561 7
20562 12
20563 29
20564 15
20565 12
20566 15
20567 15
20568 12
20569 26
20570 14
20571 5
20572 9
20573 8
20574 13
20575 12
20576 19
20577 37
20578 7
20579 8
20580 52
20581 15
20582 8
20583 12
20584 12
20585 7
20586 14
20587 6
20588 14
20589 8
20590 5
20591 18
20592 66
20593 60
20594 9
20595 9
20596 12
20597 5
20598 5
20599 11
20600 10
20601 7
20602 27
20603 13
20604 22
20605 9
20606 12
20607 2
20608 40
20609 9
20610 11
20611 23
20612 5
20613 19
20614 9
20615 29
20616 8
20617 9
20618 12
20619 7
20620 6
20621 10
20622 10
20623 12
20624 9
20625 30
20626 12
20627 14
20628 9
20629 7
20630 11
20631 11
20632 14
20633 9
20634 6
20635 6
20636 5
20637 6
20638 8
20639 14
20640 34
20641 31
20642 8
20643 11
20644 8
20645 8
20646 9
20647 8
20648 27
20649 4
20650 12
20651 4
20652 7
20653 6
20654 6
20655 13
20656 11
20657 14
20658 10
20659 7
20660 9
20661 4
20662 10
20663 24
20664 26
20665 14
20666 8
20667 14
20668 3
20669 14
20670 13
20671 8
20672 29
20673 7
20674 9
20675 1
20676 20
20677 20
20678 9
20679 8
20680 11
20681 17
20682 5
20683 16
20684 16
20685 15
20686 11
20687 13
20688 14
20689 9
20690 9
20691 28
20692 9
20693 19
20694 3
20695 6
20696 8
20697 4
20698 5
20699 10
20700 30
20701 18
20702 24
20703 10
20704 10
20705 28
20706 53
20707 36
20708 11
20709 14
20710 24
20711 17
20712 31
20713 8
20714 16
20715 6
20716 4
20717 24
20718 19
20719 28
20720 30
20721 9
20722 4
20723 14
20724 24
20725 7
20726 3
20727 21
20728 11
20729 9
20730 14
20731 24
20732 9
20733 3
20734 7
20735 58
20736 575
20737 74
20738 14
20739 9
20740 25
20741 13
20742 7
20743 29
20744 13
20745 11
20746 18
20747 37
20748 35
20749 21
20750 2
20751 3
20752 18
20753 39
20754 20
20755 15
20756 9
20757 14
20758 9
20759 25
20760 24
20761 10
20762 9
20763 11
20764 16
20765 6
20766 5
20767 8
20768 14
20769 21
20770 5
20771 70
20772 23
20773 26
20774 6
20775 8
20776 26
20777 9
20778 7
20779 6
20780 10
20781 4
20782 25
20783 7
20784 10
20785 5
20786 12
20787 12
20788 9
20789 24
20790 125
20791 10
20792 9
20793 38
20794 7
20795 6
20796 11
20797 9
20798 9
20799 10
20800 44
20801 40
20802 25
20803 10
20804 7
20805 43
20806 15
20807 58
20808 54
20809 61
20810 14
20811 12
20812 24
20813 10
20814 8
20815 10
20816 19
20817 11
20818 11
20819 5
20820 16
20821 15
20822 5
20823 8
20824 15
20825 43
20826 15
20827 13
20828 6
20829 4
20830 12
20831 13
20832 30
20833 26
20834 10
20835 4
20836 11
20837 5
20838 12
20839 9
20840 20
20841 13
20842 12
20843 8
20844 12
20845 17
20846 5
20847 8
20848 10
20849 18
20850 15
20851 6
20852 10
20853 14
20854 7
20855 13
20856 10
20857 25
20858 8
20859 8
20860 13
20861 5
20862 15
20863 6
20864 19
20865 11
20866 9
20867 8
20868 20
20869 11
20870 10
20871 11
20872 10
20873 22
20874 7
20875 8
20876 7
20877 8
20878 9
20879 29
20880 74
20881 24
20882 10
20883 9
20884 7
20885 11
20886 20
20887 16
20888 18
20889 13
20890 7
20891 19
20892 11
20893 6
20894 13
20895 14
20896 16
20897 17
20898 13
20899 21
20900 16
20901 9
20902 16
20903 25
20904 9
20905 20
20906 7
20907 8
20908 7
20909 16
20910 45
20911 13
20912 13
20913 7
20914 5
20915 13
20916 14
20917 10
20918 6
20919 10
20920 5
20921 15
20922 7
20923 13
20924 12
20925 17
20926 10
20927 5
20928 13
20929 31
20930 29
20931 10
20932 11
20933 11
20934 14
20935 5
20936 11
20937 12
20938 8
20939 18
20940 18
20941 6
20942 12
20943 7
20944 30
20945 4
20946 12
20947 19
20948 5
20949 5
20950 12
20951 13
20952 13
20953 12
20954 4
20955 15
20956 18
20957 12
20958 15
20959 13
20960 12
20961 7
20962 9
20963 8
20964 11
20965 11
20966 5
20967 7
20968 6
20969 1
20970 9
20971 1
20972 17
20973 12
20974 7
20975 14
20976 19
20977 8
20978 15
20979 31
20980 11
20981 20
20982 6
20983 21
20984 6
20985 3
20986 5
20987 4
20988 13
20989 16
20990 0
20991 5
20992 23
20993 9
20994 7
20995 35
20996 15
20997 6
20998 10
20999 17
21000 113
21001 52
21002 12
21003 12
21004 12
21005 5
21006 4
21007 13
21008 8
21009 9
21010 31
21011 63
21012 44
21013 42
21014 11
21015 11
21016 13
21017 25
21018 10
21019 20
21020 14
21021 59
21022 23
21023 22
21024 24
21025 86
21026 11
21027 6
21028 22
21029 10
21030 6
21031 24
21032 9
21033 9
21034 7
21035 17
21036 16
21037 11
21038 5
21039 12
21040 10
21041 5
21042 11
21043 12
21044 2
21045 15
21046 3
21047 3
21048 6
21049 17
21050 16
21051 12
21052 5
21053 11
21054 14
21055 8
21056 22
21057 4
21058 8
21059 32
21060 29
21061 27
21062 14
21063 6
21064 11
21065 10
21066 15
21067 16
21068 11
21069 5
21070 8
21071 9
21072 4
21073 10
21074 6
21075 12
21076 19
21077 9
21078 10
21079 14
21080 22
21081 11
21082 16
21083 20
21084 15
21085 13
21086 7
21087 14
21088 18
21089 16
21090 18
21091 12
21092 12
21093 13
21094 9
21095 8
21096 15
21097 14
21098 17
21099 14
21100 24
21101 31
21102 11
21103 6
21104 11
21105 31
21106 6
21107 18
21108 6
21109 8
21110 21
21111 59
21112 76
21113 20
21114 20
21115 40
21116 9
21117 12
21118 7
21119 11
21120 78
21121 90
21122 26
21123 6
21124 9
21125 46
21126 18
21127 16
21128 8
21129 5
21130 3
21131 15
21132 15
21133 7
21134 8
21135 9
21136 9
21137 10
21138 13
21139 22
21140 11
21141 27
21142 19
21143 23
21144 12
21145 13
21146 26
21147 253
21148 12
21149 15
21150 15
21151 10
21152 9
21153 7
21154 9
21155 12
21156 12
21157 18
21158 9
21159 5
21160 13
21161 10
21162 17
21163 21
21164 17
21165 13
21166 10
21167 12
21168 104
21169 45
21170 24
21171 9
21172 3
21173 7
21174 10
21175 18
21176 3
21177 8
21178 13
21179 21
21180 11
21181 6
21182 18
21183 14
21184 14
21185 9
21186 20
21187 16
21188 12
21189 7
21190 7
21191 17
21192 9
21193 15
21194 10
21195 13
21196 9
21197 6
21198 5
21199 4
21200 29
21201 13
21202 20
21203 14
21204 21
21205 12
21206 10
21207 6
21208 12
21209 28
21210 20
21211 63
21212 53
21213 9
21214 6
21215 5
21216 35
21217 18
21218 18
21219 17
21220 15
21221 55
21222 34
21223 10
21224 21
21225 21
21226 7
21227 19
21228 9
21229 6
21230 9
21231 16
21232 8
21233 7
21234 19
21235 10
21236 6
21237 11
21238 13
21239 8
21240 17
21241 5
21242 5
21243 12
21244 8
21245 2
21246 10
21247 18
21248 26
21249 17
21250 43
21251 22
21252 56
21253 18
21254 2
21255 5
21256 14
21257 7
21258 7
21259 10
21260 4
21261 6
21262 6
21263 7
21264 17
21265 2
21266 7
21267 21
21268 10
21269 13
21270 3
21271 9
21272 20
21273 7
21274 8
21275 7
21276 14
21277 11
21278 4
21279 5
21280 42
21281 12
21282 8
21283 16
21284 8
21285 16
21286 6
21287 15
21288 12
21289 11
21290 2
21291 6
21292 8
21293 10
21294 17
21295 19
21296 58
21297 11
21298 7
21299 4
21300 17
21301 12
21302 15
21303 12
21304 22
21305 19
21306 7
21307 19
21308 5
21309 9
21310 8
21311 6
21312 57
21313 44
21314 9
21315 23
21316 55
21317 47
21318 82
21319 43
21320 34
21321 26
21322 4
21323 17
21324 6
21325 6
21326 17
21327 2
21328 19
21329 5
21330 11
21331 17
21332 13
21333 16
21334 11
21335 8
21336 23
21337 10
21338 7
21339 9
21340 21
21341 19
21342 9
21343 6
21344 27
21345 10
21346 15
21347 17
21348 6
21349 19
21350 9
21351 6
21352 12
21353 12
21354 7
21355 8
21356 3
21357 9
21358 6
21359 11
21360 10
21361 24
21362 25
21363 7
21364 15
21365 9
21366 7
21367 11
21368 11
21369 17
21370 10
21371 6
21372 28
21373 14
21374 7
21375 21
21376 22
21377 34
21378 9
21379 29
21380 15
21381 6
21382 3
21383 28
21384 35
21385 33
21386 11
21387 7
21388 2
21389 7
21390 7
21391 21
21392 7
21393 9
21394 8
21395 8
21396 4
21397 20
21398 7
21399 6
21400 16
21401 23
21402 8
21403 8
21404 6
21405 15
21406 5
21407 11
21408 9
21409 8
21410 20
21411 14
21412 15
21413 13
21414 12
21415 5
21416 16
21417 7
21418 7
21419 15
21420 69
21421 16
21422 12
21423 11
21424 15
21425 4
21426 12
21427 8
21428 12
21429 7
21430 10
21431 6
21432 16
21433 27
21434 8
21435 13
21436 7
21437 8
21438 11
21439 12
21440 27
21441 10
21442 14
21443 4
21444 6
21445 8
21446 9
21447 9
21448 4
21449 8
21450 44
21451 6
21452 5
21453 10
21454 11
21455 18
21456 20
21457 15
21458 5
21459 7
21460 6
21461 15
21462 16
21463 16
21464 8
21465 12
21466 10
21467 21
21468 17
21469 6
21470 9
21471 10
21472 19
21473 8
21474 12
21475 11
21476 12
21477 9
21478 8
21479 11
21480 20
21481 22
21482 9
21483 24
21484 13
21485 10
21486 8
21487 16
21488 10
21489 34
21490 22
21491 30
21492 16
21493 32
21494 10
21495 6
21496 14
21497 8
21498 9
21499 10
21500 10
21501 7
21502 4
21503 28
21504 175
21505 64
21506 12
21507 11
21508 16
21509 13
21510 21
21511 13
21512 20
21513 5
21514 12
21515 9
21516 8
21517 26
21518 10
21519 10
21520 9
21521 24
21522 6
21523 16
21524 11
21525 16
21526 12
21527 13
21528 33
21529 25
21530 13
21531 7
21532 11
21533 5
21534 13
21535 3
21536 7
21537 19
21538 6
21539 7
21540 22
21541 8
21542 8
21543 11
21544 20
21545 15
21546 16
21547 10
21548 8
21549 4
21550 6
21551 8
21552 13
21553 4
21554 8
21555 12
21556 6
21557 31
21558 16
21559 17
21560 27
21561 7
21562 9
21563 13
21564 5
21565 8
21566 9
21567 11
21568 17
21569 26
21570 7
21571 10
21572 9
21573 12
21574 13
21575 8
21576 35
21577 22
21578 4
21579 3
21580 4
21581 6
21582 11
21583 9
21584 13
21585 7
21586 6
21587 20
21588 24
21589 27
21590 9
21591 8
21592 11
21593 8
21594 15
21595 10
21596 9
21597 8
21598 6
21599 34
21600 240
21601 44
21602 22
21603 5
21604 17
21605 9
21606 8
21607 7
21608 25
21609 112
21610 18
21611 23
21612 20
21613 21
21614 10
21615 8
21616 14
21617 30
21618 8
21619 15
21620 11
21621 7
21622 10
21623 13
21624 12
21625 7
21626 11
21627 9
21628 7
21629 5
21630 24
21631 18
21632 44
21633 8
21634 9
21635 18
21636 30
21637 51
21638 14
21639 8
21640 7
21641 9
21642 10
21643 1
21644 11
21645 10
21646 9
21647 20
21648 15
21649 43
21650 9
21651 9
21652 14
21653 18
21654 8
21655 4
21656 4
21657 9
21658 29
21659 13
21660 29
21661 25
21662 6
21663 11
21664 15
21665 3
21666 10
21667 17
21668 7
21669 4
21670 10
21671 11
21672 36
21673 24
21674 10
21675 17
21676 7
21677 4
21678 2
21679 9
21680 14
21681 9
21682 11
21683 16
21684 9
21685 12
21686 4
21687 5
21688 10
21689 10
21690 7
21691 19
21692 8
21693 13
21694 3
21695 5
21696 10
21697 13
21698 7
21699 7
21700 21
21701 46
21702 9
21703 4
21704 8
21705 8
21706 3
21707 10
21708 20
21709 7
21710 6
21711 6
21712 27
21713 19
21714 15
21715 14
21716 11
21717 16
21718 6
21719 7
21720 14
21721 6
21722 6
21723 7
21724 5
21725 3
21726 11
21727 18
21728 30
21729 10
21730 16
21731 13
21732 6
21733 7
21734 12
21735 56
21736 37
21737 12
21738 11
21739 17
21740 8
21741 8
21742 6
21743 6
21744 16
21745 8
21746 9
21747 5
21748 10
21749 8
21750 12
21751 19
21752 13
21753 7
21754 7
21755 6
21756 18
21757 27
21758 9
21759 3
21760 63
21761 7
21762 9
21763 5
21764 12
21765 9
21766 13
21767 11
21768 10
21769 9
21770 15
21771 11
21772 6
21773 14
21774 10
21775 16
21776 9
21777 12
21778 13
21779 9
21780 60
21781 23
21782 9
21783 9
21784 12
21785 11
21786 12
21787 26
21788 8
21789 20
21790 13
21791 9
21792 19
21793 12
21794 17
21795 10
21796 7
21797 12
21798 6
21799 14
21800 9
21801 5
21802 8
21803 25
21804 14
21805 8
21806 3
21807 4
21808 9
21809 4
21810 11
21811 7
21812 15
21813 7
21814 15
21815 3
21816 23
21817 14
21818 7
21819 20
21820 10
21821 23
21822 8
21823 14
21824 34
21825 23
21826 16
21827 12
21828 7
21829 6
21830 7
21831 8
21832 10
21833 2
21834 10
21835 10
21836 6
21837 11
21838 9
21839 31
21840 161
21841 63
21842 12
21843 25
21844 59
21845 283
21846 57
21847 15
21848 22
21849 10
21850 10
21851 15
21852 8
21853 20
21854 15
21855 11
21856 22
21857 7
21858 15
21859 21
21860 14
21861 6
21862 14
21863 13
21864 7
21865 7
21866 10
21867 17
21868 15
21869 12
21870 51
21871 25
21872 11
21873 14
21874 12
21875 60
21876 11
21877 10
21878 10
21879 28
21880 18
21881 27
21882 19
21883 10
21884 6
21885 10
21886 11
21887 8
21888 46
21889 16
21890 15
21891 22
21892 41
21893 25
21894 18
21895 10
21896 24
21897 19
21898 12
21899 8
21900 11
21901 14
21902 8
21903 5
21904 112
21905 15
21906 11
21907 13
21908 6
21909 8
21910 13
21911 24
21912 35
21913 9
21914 6
21915 4
21916 10
21917 11
21918 6
21919 16
21920 17
21921 7
21922 4
21923 7
21924 30
21925 16
21926 11
21927 8
21928 21
21929 24
21930 16
21931 24
21932 7
21933 10
21934 3
21935 9
21936 12
21937 17
21938 6
21939 5
21940 12
21941 7
21942 13
21943 25
21944 25
21945 92
21946 7
21947 9
21948 11
21949 11
21950 13
21951 21
21952 240
21953 30
21954 13
21955 12
21956 13
21957 13
21958 3
21959 9
21960 29
21961 43
21962 10
21963 13
21964 10
21965 18
21966 25
21967 7
21968 11
21969 10
21970 16
21971 9
21972 10
21973 13
21974 6
21975 7
21976 7
21977 14
21978 24
21979 18
21980 12
21981 13
21982 10
21983 5
21984 11
21985 8
21986 8
21987 9
21988 12
21989 8
21990 10
21991 15
21992 11
21993 9
21994 6
21995 2
21996 11
21997 18
21998 7
21999 4
22000 54
22001 20
22002 25
22003 23
22004 6
22005 12
22006 4
22007 9
22008 24
22009 16
22010 12
22011 26
22012 17
22013 17
22014 9
22015 24
22016 43
22017 10
22018 9
22019 10
22020 32
22021 22
22022 58
22023 5
22024 10
22025 10
22026 14
22027 33
22028 15
22029 8
22030 5
22031 20
22032 31
22033 12
22034 9
22035 6
22036 15
22037 26
22038 10
22039 12
22040 18
22041 9
22042 11
22043 6
22044 9
22045 9
22046 2
22047 8
22048 22
22049 35
22050 82
22051 51
22052 22
22053 7
22054 5
22055 8
22056 9
22057 6
22058 7
22059 8
22060 14
22061 6
22062 8
22063 13
22064 10
22065 8
22066 10
22067 21
22068 14
22069 7
22070 7
22071 7
22072 9
22073 16
22074 6
22075 6
22076 12
22077 11
22078 8
22079 21
22080 23
22081 9
22082 7
22083 7
22084 7
22085 5
22086 10
22087 5
22088 18
22089 11
22090 7
22091 21
22092 16
22093 24
22094 3
22095 5
22096 13
22097 6
22098 12
22099 9
22100 65
22101 17
22102 14
22103 10
22104 11
22105 9
22106 5
22107 10
22108 8
22109 15
22110 26
22111 71
22112 32
22113 29
22114 10
22115 3
22116 9
22117 6
22118 12
22119 12
22120 23
22121 30
22122 63
22123 20
22124 10
22125 8
22126 12
22127 7
22128 11
22129 11
22130 7
22131 5
22132 6
22133 25
22134 16
22135 14
22136 2
22137 1
22138 10
22139 10
22140 41
22141 10
22142 9
22143 29
22144 25
22145 14
22146 12
22147 17
22148 9
22149 18
22150 9
22151 12
22152 18
22153 17
22154 11
22155 33
22156 7
22157 22
22158 9
22159 21
22160 17
22161 14
22162 5
22163 9
22164 15
22165 31
22166 12
22167 8
22168 9
22169 5
22170 14
22171 10
22172 11
22173 10
22174 10
22175 12
22176 120
22177 38
22178 14
22179 9
22180 16
22181 10
22182 13
22183 12
22184 10
22185 16
22186 14
22187 12
22188 10
22189 20
22190 14
22191 11
22192 20
22193 45
22194 20
22195 8
22196 14
22197 24
22198 16
22199 10
22200 44
22201 143
22202 22
22203 12
22204 18
22205 13
22206 6
22207 8
22208 10
22209 6
22210 22
22211 37
22212 57
22213 8
22214 6
22215 7
22216 11
22217 12
22218 10
22219 10
22220 33
22221 36
22222 109
22223 24
22224 18
22225 16
22226 11
22227 10
22228 12
22229 65
22230 26
22231 10
22232 22
22233 11
22234 8
22235 8
22236 22
22237 8
22238 10
22239 10
22240 9
22241 5
22242 15
22243 11
22244 10
22245 7
22246 10
22247 30
22248 14
22249 13
22250 14
22251 6
22252 12
22253 10
22254 8
22255 8
22256 15
22257 12
22258 5
22259 25
22260 26
22261 10
22262 14
22263 6
22264 13
22265 22
22266 11
22267 14
22268 15
22269 12
22270 11
22271 33
22272 25
22273 37
22274 7
22275 49
22276 14
22277 60
22278 12
22279 16
22280 5
22281 4
22282 6
22283 18
22284 8
22285 9
22286 11
22287 24
22288 33
22289 6
22290 8
22291 17
22292 11
22293 3
22294 10
22295 21
22296 10
22297 13
22298 7
22299 4
22300 10
22301 4
22302 21
22303 28
22304 13
22305 17
22306 11
22307 32
22308 36
22309 14
22310 9
22311 9
22312 7
22313 13
22314 6
22315 5
22316 15
22317 5
22318 4
22319 7
22320 56
22321 14
22322 29
22323 19
22324 14
22325 7
22326 10
22327 8
22328 8
22329 8
22330 21
22331 12
22332 17
22333 20
22334 13
22335 5
22336 13
22337 7
22338 2
22339 5
22340 8
22341 11
22342 12
22343 30
22344 27
22345 5
22346 9
22347 6
22348 11
22349 28
22350 14
22351 24
22352 19
22353 4
22354 9
22355 7
22356 12
22357 11
22358 8
22359 8
22360 19
22361 9
22362 5
22363 23
22364 3
22365 20
22366 21
22367 30
22368 17
22369 22
22370 7
22371 3
22372 7
22373 4
22374 9
22375 2
22376 9
22377 5
22378 3
22379 4
22380 18
22381 11
22382 8
22383 8
22384 9
22385 10
22386 27
22387 11
22388 16
22389 6
22390 6
22391 9
22392 11
22393 11
22394 11
22395 8
22396 11
22397 20
22398 5
22399 14
22400 69
22401 7
22402 12
22403 7
22404 16
22405 11
22406 9
22407 13
22408 14
22409 23
22410 8
22411 13
22412 14
22413 12
22414 4
22415 4
22416 15
22417 17
22418 9
22419 14
22420 18
22421 8
22422 14
22423 3
22424 8
22425 14
22426 10
22427 6
22428 27
22429 5
22430 10
22431 12
22432 9
22433 21
22434 10
22435 5
22436 6
22437 5
22438 4
22439 5
22440 49
22441 18
22442 7
22443 6
22444 15
22445 8
22446 15
22447 24
22448 9
22449 39
22450 13
22451 8
22452 8
22453 16
22454 5
22455 11
22456 9
22457 10
22458 8
22459 11
22460 6
22461 13
22462 3
22463 12
22464 97
22465 10
22466 11
22467 9
22468 15
22469 20
22470 13
22471 4
22472 27
22473 8
22474 4
22475 12
22476 7
22477 21
22478 3
22479 4
22480 11
22481 26
22482 16
22483 18
22484 12
22485 11
22486 8
22487 5
22488 14
22489 3
22490 13
22491 20
22492 7
22493 4
22494 8
22495 10
22496 13
22497 9
22498 6
22499 48
22500 190
22501 54
22502 22
22503 5
22504 15
22505 8
22506 23
22507 4
22508 8
22509 7
22510 14
22511 20
22512 20
22513 13
22514 5
22515 11
22516 5
22517 17
22518 22
22519 15
22520 7
22521 13
22522 26
22523 11
22524 7
22525 26
22526 5
22527 24
22528 90
22529 20
22530 14
22531 17
22532 8
22533 7
22534 5
22535 5
22536 18
22537 6
22538 6
22539 9
22540 18
22541 15
22542 14
22543 15
22544 8
22545 5
22546 6
22547 8
22548 22
22549 15
22550 13
22551 5
22552 6
22553 6
22554 9
22555 10
22556 15
22557 5
22558 7
22559 8
22560 26
22561 8
22562 6
22563 9
22564 11
22565 4
22566 10
22567 24
22568 27
22569 15
22570 8
22571 13
22572 24
22573 23
22574 1
22575 16
22576 20
22577 9
22578 20
22579 7
22580 6
22581 5
22582 13
22583 7
22584 15
22585 6
22586 5
22587 2
22588 6
22589 2
22590 9
22591 12
22592 19
22593 8
22594 7
22595 3
22596 10
22597 6
22598 6
22599 17
22600 14
22601 16
22602 6
22603 8
22604 4
22605 12
22606 7
22607 10
22608 23
22609 11
22610 35
22611 6
22612 11
22613 18
22614 4
22615 4
22616 10
22617 9
22618 7
22619 22
22620 20
22621 50
22622 29
22623 10
22624 26
22625 11
22626 10
22627 10
22628 4
22629 3
22630 6
22631 20
22632 27
22633 10
22634 7
22635 6
22636 4
22637 23
22638 21
22639 11
22640 12
22641 9
22642 5
22643 15
22644 16
22645 16
22646 5
22647 9
22648 9
22649 11
22650 19
22651 30
22652 22
22653 8
22654 4
22655 3
22656 23
22657 7
22658 9
22659 10
22660 16
22661 9
22662 10
22663 5
22664 10
22665 4
22666 11
22667 2
22668 6
22669 25
22670 5
22671 4
22672 17
22673 6
22674 4
22675 6
22676 10
22677 2
22678 11
22679 24
22680 170
22681 30
22682 6
22683 10
22684 13
22685 12
22686 6
22687 6
22688 9
22689 13
22690 5
22691 12
22692 12
22693 12
22694 8
22695 9
22696 11
22697 24
22698 12
22699 22
22700 10
22701 9
22702 10
22703 4
22704 18
22705 4
22706 11
22707 29
22708 11
22709 15
22710 14
22711 13
22712 9
22713 11
22714 14
22715 20
22716 19
22717 32
22718 16
22719 6
22720 17
22721 11
22722 29
22723 4
22724 9
22725 6
22726 12
22727 49
22728 12
22729 11
22730 7
22731 4
22732 9
22733 4
22734 20
22735 6
22736 70
22737 20
22738 18
22739 21
22740 14
22741 24
22742 9
22743 10
22744 9
22745 4
22746 7
22747 8
22748 20
22749 6
22750 17
22751 12
22752 15
22753 10
22754 6
22755 6
22756 18
22757 4
22758 6
22759 13
22760 11
22761 14
22762 7
22763 4
22764 17
22765 23
22766 12
22767 12
22768 18
22769 9
22770 27
22771 7
22772 7
22773 3
22774 6
22775 7
22776 8
22777 42
22778 6
22779 11
22780 7
22781 9
22782 8
22783 9
22784 28
22785 16
22786 10
22787 15
22788 8
22789 7
22790 7
22791 31
22792 14
22793 10
22794 10
22795 5
22796 2
22797 7
22798 6
22799 6
22800 51
22801 141
22802 6
22803 10
22804 9
22805 15
22806 16
22807 19
22808 8
22809 11
22810 7
22811 17
22812 5
22813 3
22814 9
22815 22
22816 10
22817 20
22818 9
22819 26
22820 11
22821 7
22822 19
22823 3
22824 12
22825 20
22826 7
22827 36
22828 9
22829 7
22830 5
22831 9
22832 12
22833 11
22834 5
22835 7
22836 10
22837 6
22838 4
22839 9
22840 11
22841 11
22842 11
22843 7
22844 8
22845 7
22846 8
22847 9
22848 41
22849 10
22850 4
22851 4
22852 6
22853 13
22854 6
22855 8
22856 8
22857 15
22858 5
22859 12
22860 14
22861 15
22862 3
22863 2
22864 19
22865 23
22866 8
22867 8
22868 8
22869 25
22870 13
22871 12
22872 12
22873 9
22874 9
22875 19
22876 12
22877 26
22878 11
22879 14
22880 51
22881 16
22882 6
22883 3
22884 5
22885 10
22886 4
22887 9
22888 14
22889 11
22890 12
22891 13
22892 5
22893 10
22894 8
22895 6
22896 24
22897 13
22898 17
22899 9
22900 5
22901 25
22902 10
22903 6
22904 16
22905 15
22906 9
22907 16
22908 9
22909 2
22910 5
22911 8
22912 33
22913 7
22914 9
22915 3
22916 9
22917 6
22918 7
22919 7
22920 21
22921 24
22922 27
22923 9
22924 12
22925 18
22926 5
22927 6
22928 15
22929 8
22930 6
22931 8
22932 59
22933 14
22934 13
22935 23
22936 19
22937 19
22938 9
22939 13
22940 16
22941 5
22942 1
22943 20
22944 19
22945 13
22946 11
22947 5
22948 5
22949 3
22950 31
22951 12
22952 20
22953 15
22954 9
22955 7
22956 5
22957 10
22958 6
22959 10
22960 24
22961 25
22962 8
22963 17
22964 15
22965 10
22966 2
22967 9
22968 15
22969 16
22970 11
22971 24
22972 8
22973 14
22974 10
22975 5
22976 13
22977 7
22978 1
22979 19
22980 11
22981 5
22982 6
22983 7
22984 16
22985 8
22986 11
22987 7
22988 19
22989 9
22990 16
22991 10
22992 6
22993 20
22994 14
22995 27
22996 5
22997 7
22998 4
22999 6
23000 47
23001 55
23002 11
23003 28
23004 13
23005 24
23006 7
23007 8
23008 10
23009 7
23010 18
23011 20
23012 9
23013 4
23014 6
23015 2
23016 20
23017 19
23018 10
23019 9
23020 14
23021 17
23022 8
23023 24
23024 15
23025 10
23026 12
23027 20
23028 19
23029 13
23030 8
23031 8
23032 18
23033 4
23034 12
23035 8
23036 9
23037 5
23038 10
23039 30
23040 227
23041 44
23042 7
23043 7
23044 7
23045 9
23046 2
23047 11
23048 6
23049 4
23050 8
23051 7
23052 19
23053 25
23054 4
23055 11
23056 22
23057 35
23058 24
23059 33
23060 2
23061 5
23062 4
23063 14
23064 13
23065 10
23066 10
23067 7
23068 4
23069 14
23070 10
23071 21
23072 15
23073 14
23074 6
23075 9
23076 17
23077 14
23078 4
23079 6
23080 10
23081 12
23082 4
23083 11
23084 5
23085 17
23086 11
23087 15
23088 19
23089 8
23090 3
23091 12
23092 9
23093 9
23094 8
23095 7
23096 16
23097 7
23098 10
23099 25
23100 98
23101 17
23102 9
23103 16
23104 75
23105 12
23106 6
23107 10
23108 9
23109 12
23110 11
23111 15
23112 31
23113 8
23114 14
23115 11
23116 18
23117 26
23118 5
23119 6
23120 20
23121 15
23122 6
23123 12
23124 6
23125 19
23126 8
23127 13
23128 14
23129 7
23130 14
23131 19
23132 15
23133 9
23134 7
23135 6
23136 17
23137 22
23138 4
23139 7
23140 15
23141 10
23142 16
23143 20
23144 10
23145 13
23146 4
23147 7
23148 13
23149 10
23150 4
23151 9
23152 3
23153 11
23154 10
23155 12
23156 25
23157 7
23158 4
23159 17
23160 16
23161 14
23162 5
23163 8
23164 13
23165 8
23166 25
23167 27
23168 30
23169 5
23170 21
23171 8
23172 8
23173 15
23174 1
23175 5
23176 4
23177 8
23178 13
23179 3
23180 12
23181 10
23182 4
23183 15
23184 84
23185 9
23186 2
23187 7
23188 21
23189 17
23190 6
23191 8
23192 5
23193 4
23194 5
23195 1
23196 6
23197 20
23198 3
23199 10
23200 19
23201 31
23202 12
23203 24
23204 4
23205 61
23206 10
23207 3
23208 9
23209 40
23210 16
23211 10
23212 16
23213 10
23214 12
23215 11
23216 8
23217 5
23218 12
23219 12
23220 44
23221 11
23222 7
23223 15
23224 6
23225 11
23226 13
23227 22
23228 7
23229 20
23230 12
23231 18
23232 57
23233 20
23234 5
23235 5
23236 12
23237 10
23238 11
23239 6
23240 13
23241 5
23242 10
23243 5
23244 17
23245 5
23246 3
23247 12
23248 13
23249 10
23250 12
23251 23
23252 6
23253 10
23254 7
23255 9
23256 91
23257 12
23258 8
23259 11
23260 4
23261 6
23262 9
23263 7
23264 13
23265 19
23266 3
23267 9
23268 9
23269 11
23270 5
23271 12
23272 11
23273 7
23274 10
23275 17
23276 37
23277 9
23278 2
23279 12
23280 19
23281 14
23282 7
23283 15
23284 5
23285 13
23286 9
23287 6
23288 13
23289 8
23290 9
23291 13
23292 7
23293 20
23294 5
23295 8
23296 29
23297 17
23298 12
23299 13
23300 14
23301 7
23302 3
23303 3
23304 4
23305 5
23306 9
23307 15
23308 9
23309 4
23310 34
23311 33
23312 12
23313 15
23314 3
23315 9
23316 6
23317 6
23318 5
23319 4
23320 17
23321 23
23322 12
23323 39
23324 10
23325 12
23326 14
23327 49
23328 155
23329 24
23330 14
23331 20
23332 20
23333 101
23334 9
23335 22
23336 7
23337 5
23338 3
23339 25
23340 16
23341 12
23342 5
23343 5
23344 8
23345 14
23346 21
23347 8
23348 12
23349 6
23350 4
23351 8
23352 14
23353 14
23354 7
23355 18
23356 6
23357 18
23358 6
23359 5
23360 17
23361 2
23362 4
23363 7
23364 20
23365 16
23366 4
23367 2
23368 10
23369 13
23370 11
23371 22
23372 11
23373 39
23374 26
23375 22
23376 11
23377 36
23378 11
23379 7
23380 8
23381 13
23382 14
23383 8
23384 11
23385 2
23386 5
23387 10
23388 8
23389 9
23390 8
23391 13
23392 10
23393 17
23394 4
23395 3
23396 7
23397 8
23398 11
23399 36
23400 79
23401 32
23402 5
23403 6
23404 19
23405 27
23406 6
23407 27
23408 32
23409 96
23410 9
23411 12
23412 14
23413 10
23414 7
23415 17
23416 3
23417 19
23418 5
23419 9
23420 4
23421 9
23422 15
23423 8
23424 17
23425 17
23426 30
23427 23
23428 8
23429 6
23430 8
23431 25
23432 17
23433 4
23434 6
23435 7
23436 55
23437 15
23438 17
23439 5
23440 10
23441 8
23442 11
23443 3
23444 7
23445 6
23446 6
23447 9
23448 13
23449 8
23450 10
23451 14
23452 15
23453 12
23454 9
23455 8
23456 39
23457 8
23458 5
23459 12
23460 19
23461 13
23462 3
23463 11
23464 11
23465 13
23466 4
23467 7
23468 4
23469 9
23470 8
23471 11
23472 42
23473 20
23474 4
23475 16
23476 5
23477 2
23478 16
23479 24
23480 13
23481 11
23482 5
23483 4
23484 6
23485 10
23486 11
23487 6
23488 14
23489 13
23490 7
23491 3
23492 11
23493 5
23494 8
23495 6
23496 15
23497 26
23498 6
23499 5
23500 18
23501 5
23502 11
23503 11
23504 10
23505 8
23506 15
23507 9
23508 6
23509 14
23510 8
23511 7
23512 6
23513 5
23514 10
23515 12
23516 3
23517 14
23518 7
23519 12
23520 82
23521 29
23522 20
23523 10
23524 12
23525 7
23526 18
23527 12
23528 14
23529 26
23530 15
23531 20
23532 20
23533 10
23534 9
23535 13
23536 22
23537 25
23538 4
23539 13
23540 8
23541 13
23542 2
23543 0
23544 23
23545 15
23546 11
23547 9
23548 35
23549 22
23550 10
23551 11
23552 52
23553 9
23554 9
23555 4
23556 13
23557 27
23558 3
23559 6
23560 18
23561 28
23562 27
23563 29
23564 12
23565 11
23566 18
23567 22
23568 21
23569 7
23570 6
23571 16
23572 10
23573 8
23574 8
23575 9
23576 10
23577 10
23578 15
23579 14
23580 15
23581 16
23582 5
23583 5
23584 10
23585 10
23586 4
23587 11
23588 13
23589 8
23590 11
23591 11
23592 15
23593 27
23594 8
23595 21
23596 11
23597 12
23598 5
23599 26
23600 7
23601 10
23602 7
23603 17
23604 19
23605 3
23606 4
23607 11
23608 5
23609 7
23610 13
23611 10
23612 5
23613 3
23614 9
23615 2
23616 26
23617 6
23618 7
23619 4
23620 10
23621 8
23622 13
23623 21
23624 9
23625 48
23626 6
23627 17
23628 12
23629 17
23630 4
23631 10
23632 23
23633 37
23634 11
23635 7
23636 9
23637 13
23638 4
23639 8
23640 20
23641 5
23642 6
23643 4
23644 10
23645 8
23646 11
23647 12
23648 18
23649 11
23650 7
23651 7
23652 27
23653 39
23654 7
23655 10
23656 9
23657 6
23658 6
23659 11
23660 38
23661 29
23662 5
23663 22
23664 22
23665 11
23666 5
23667 6
23668 5
23669 20
23670 11
23671 17
23672 11
23673 13
23674 10
23675 7
23676 8
23677 15
23678 14
23679 9
23680 13
23681 8
23682 9
23683 6
23684 9
23685 3
23686 8
23687 16
23688 31
23689 19
23690 9
23691 9
23692 4
23693 3
23694 9
23695 6
23696 11
23697 6
23698 14
23699 5
23700 9
23701 9
23702 7
23703 4
23704 9
23705 8
23706 9
23707 21
23708 3
23709 8
23710 8
23711 14
23712 28
23713 22
23714 19
23715 27
23716 70
23717 9
23718 5
23719 26
23720 11
23721 4
23722 10
23723 8
23724 5
23725 26
23726 4
23727 8
23728 7
23729 6
23730 22
23731 4
23732 19
23733 8
23734 7
23735 1
23736 9
23737 7
23738 12
23739 7
23740 5
23741 21
23742 11
23743 23
23744 11
23745 4
23746 3
23747 15
23748 7
23749 11
23750 21
23751 64
23752 11
23753 17
23754 4
23755 7
23756 6
23757 2
23758 5
23759 10
23760 90
23761 53
23762 26
23763 14
23764 5
23765 6
23766 10
23767 15
23768 5
23769 10
23770 11
23771 5
23772 14
23773 27
23774 6
23775 5
23776 9
23777 6
23778 9
23779 17
23780 11
23781 16
23782 10
23783 7
23784 13
23785 9
23786 7
23787 9
23788 17
23789 13
23790 14
23791 10
23792 9
23793 12
23794 5
23795 6
23796 6
23797 8
23798 9
23799 4
23800 20
23801 33
23802 4
23803 4
23804 9
23805 24
23806 8
23807 10
23808 39
23809 6
23810 2
23811 10
23812 9
23813 13
23814 27
23815 14
23816 14
23817 11
23818 2
23819 11
23820 12
23821 23
23822 7
23823 11
23824 19
23825 8
23826 12
23827 9
23828 8
23829 10
23830 9
23831 16
23832 37
23833 44
23834 10
23835 6
23836 8
23837 5
23838 9
23839 2
23840 19
23841 8
23842 9
23843 10
23844 4
23845 7
23846 6
23847 3
23848 11
23849 4
23850 18
23851 7
23852 9
23853 6
23854 9
23855 8
23856 15
23857 17
23858 11
23859 11
23860 5
23861 6
23862 5
23863 6
23864 9
23865 4
23866 8
23867 5
23868 20
23869 25
23870 19
23871 19
23872 18
23873 11
23874 7
23875 6
23876 1
23877 21
23878 10
23879 13
23880 9
23881 12
23882 7
23883 6
23884 13
23885 5
23886 10
23887 16
23888 7
23889 10
23890 8
23891 5
23892 11
23893 27
23894 3
23895 11
23896 6
23897 5
23898 9
23899 15
23900 7
23901 10
23902 16
23903 4
23904 26
23905 9
23906 7
23907 11
23908 6
23909 25
23910 7
23911 19
23912 10
23913 6
23914 7
23915 1
23916 2
23917 8
23918 3
23919 13
23920 36
23921 6
23922 8
23923 6
23924 8
23925 7
23926 6
23927 3
23928 6
23929 24
23930 7
23931 5
23932 16
23933 8
23934 7
23935 5
23936 28
23937 4
23938 12
23939 11
23940 63
23941 12
23942 1
23943 7
23944 11
23945 1
23946 10
23947 8
23948 8
23949 9
23950 5
23951 4
23952 9
23953 7
23954 8
23955 5
23956 12
23957 19
23958 13
23959 15
23960 12
23961 12
23962 2
23963 7
23964 8
23965 10
23966 10
23967 8
23968 11
23969 10
23970 5
23971 20
23972 7
23973 3
23974 6
23975 5
23976 28
23977 26
23978 5
23979 8
23980 10
23981 18
23982 10
23983 6
23984 10
23985 6
23986 3
23987 6
23988 10
23989 10
23990 5
23991 8
23992 10
23993 19
23994 17
23995 11
23996 14
23997 7
23998 3
23999 12
24000 74
24001 47
24002 4
24003 11
24004 8
24005 9
24006 10
24007 19
24008 8
24009 8
24010 37
24011 3
24012 10
24013 19
24014 10
24015 8
24016 9
24017 14
24018 3
24019 16
24020 10
24021 9
24022 10
24023 16
24024 178
24025 77
24026 10
24027 11
24028 10
24029 32
24030 15
24031 16
24032 18
24033 8
24034 16
24035 14
24036 9
24037 6
24038 11
24039 5
24040 18
24041 10
24042 18
24043 11
24044 3
24045 13
24046 8
24047 12
24048 13
24049 18
24050 25
24051 11
24052 9
24053 6
24054 5
24055 6
24056 18
24057 41
24058 4
24059 7
24060 12
24061 10
24062 7
24063 7
24064 41
24065 6
24066 15
24067 7
24068 16
24069 5
24070 4
24071 19
24072 7
24073 8
24074 13
24075 5
24076 18
24077 10
24078 8
24079 12
24080 22
24081 4
24082 2
24083 18
24084 14
24085 0
24086 8
24087 17
24088 6
24089 6
24090 26
24091 20
24092 14
24093 9
24094 7
24095 7
24096 13
24097 17
24098 6
24099 11
24100 8
24101 7
24102 9
24103 28
24104 10
24105 9
24106 7
24107 25
24108 9
24109 19
24110 9
24111 5
24112 10
24113 23
24114 9
24115 11
24116 4
24117 6
24118 5
24119 9
24120 17
24121 23
24122 7
24123 7
24124 7
24125 9
24126 10
24127 3
24128 15
24129 11
24130 24
24131 7
24132 2
24133 14
24134 2
24135 12
24136 3
24137 20
24138 15
24139 6
24140 1
24141 5
24142 15
24143 4
24144 17
24145 4
24146 8
24147 5
24148 6
24149 9
24150 34
24151 24
24152 10
24153 9
24154 7
24155 5
24156 16
24157 16
24158 13
24159 0
24160 14
24161 4
24162 6
24163 5
24164 12
24165 3
24166 4
24167 27
24168 11
24169 12
24170 2
24171 5
24172 3
24173 6
24174 10
24175 7
24176 15
24177 5
24178 7
24179 21
24180 29
24181 28
24182 9
24183 7
24184 9
24185 12
24186 8
24187 7
24188 4
24189 5
24190 14
24191 7
24192 122
24193 9
24194 6
24195 6
24196 12
24197 17
24198 12
24199 11
24200 37
24201 14
24202 11
24203 14
24204 6
24205 6
24206 11
24207 5
24208 17
24209 6
24210 15
24211 24
24212 8
24213 5
24214 5
24215 6
24216 16
24217 10
24218 4
24219 7
24220 17
24221 14
24222 10
24223 16
24224 10
24225 24
24226 5
24227 4
24228 8
24229 21
24230 10
24231 7
24232 9
24233 7
24234 13
24235 7
24236 10
24237 10
24238 3
24239 15
24240 19
24241 8
24242 16
24243 11
24244 15
24245 1
24246 15
24247 20
24248 9
24249 6
24250 6
24251 22
24252 14
24253 10
24254 9
24255 46
24256 14
24257 16
24258 7
24259 6
24260 13
24261 2
24262 12
24263 4
24264 12
24265 3
24266 15
24267 8
24268 6
24269 5
24270 9
24271 6
24272 18
24273 16
24274 3
24275 7
24276 26
24277 11
24278 10
24279 13
24280 3
24281 37
24282 6
24283 5
24284 8
24285 13
24286 11
24287 13
24288 22
24289 6
24290 8
24291 2
24292 5
24293 13
24294 2
24295 7
24296 5
24297 21
24298 9
24299 19
24300 80
24301 26
24302 8
24303 13
24304 16
24305 9
24306 9
24307 7
24308 13
24309 31
24310 302
24311 32
24312 15
24313 5
24314 9
24315 8
24316 7
24317 27
24318 11
24319 17
24320 36
24321 9
24322 11
24323 13
24324 8
24325 9
24326 8
24327 8
24328 16
24329 16
24330 7
24331 27
24332 15
24333 7
24334 27
24335 38
24336 124
24337 53
24338 5
24339 8
24340 18
24341 13
24342 20
24343 10
24344 11
24345 10
24346 4
24347 9
24348 10
24349 10
24350 11
24351 12
24352 8
24353 13
24354 15
24355 5
24356 4
24357 13
24358 5
24359 19
24360 68
24361 16
24362 10
24363 9
24364 10
24365 4
24366 12
24367 18
24368 6
24369 8
24370 13
24371 20
24372 8
24373 18
24374 3
24375 18
24376 12
24377 4
24378 6
24379 16
24380 5
24381 18
24382 3
24383 2
24384 52
24385 8
24386 11
24387 9
24388 41
24389 220
24390 56
24391 33
24392 7
24393 3
24394 6
24395 11
24396 13
24397 14
24398 11
24399 9
24400 14
24401 5
24402 12
24403 13
24404 7
24405 6
24406 7
24407 10
24408 15
24409 7
24410 6
24411 6
24412 5
24413 8
24414 20
24415 8
24416 22
24417 15
24418 11
24419 34
24420 27
24421 46
24422 7
24423 3
24424 13
24425 7
24426 9
24427 7
24428 12
24429 9
24430 8
24431 7
24432 13
24433 10
24434 13
24435 9
24436 10
24437 6
24438 5
24439 29
24440 13
24441 12
24442 18
24443 21
24444 20
24445 9
24446 5
24447 20
24448 27
24449 7
24450 8
24451 7
24452 7
24453 18
24454 12
24455 10
24456 11
24457 12
24458 10
24459 6
24460 7
24461 8
24462 10
24463 10
24464 14
24465 19
24466 15
24467 15
24468 9
24469 11
24470 8
24471 9
24472 19
24473 17
24474 16
24475 31
24476 106
24477 21
24478 14
24479 9
24480 61
24481 28
24482 9
24483 9
24484 13
24485 13
24486 14
24487 7
24488 6
24489 3
24490 16
24491 8
24492 33
24493 15
24494 10
24495 15
24496 11
24497 9
24498 13
24499 31
24500 41
24501 11
24502 6
24503 9
24504 8
24505 19
24506 4
24507 7
24508 10
24509 12
24510 14
24511 10
24512 24
24513 7
24514 9
24515 5
24516 13
24517 15
24518 7
24519 19
24520 26
24521 16
24522 5
24523 4
24524 8
24525 4
24526 7
24527 13
24528 13
24529 8
24530 9
24531 31
24532 5
24533 14
24534 7
24535 11
24536 8
24537 7
24538 8
24539 9
24540 11
24541 15
24542 15
24543 11
24544 11
24545 12
24546 14
24547 22
24548 11
24549 6
24550 8
24551 12
24552 32
24553 14
24554 9
24555 0
24556 9
24557 6
24558 7
24559 5
24560 9
24561 11
24562 6
24563 7
24564 20
24565 18
24566 14
24567 4
24568 26
24569 20
24570 63
24571 35
24572 11
24573 40
24574 20
24575 55
24576 426
24577 46
24578 15
24579 11
24580 10
24581 5
24582 16
24583 34
24584 19
24585 6
24586 9
24587 16
24588 17
24589 9
24590 9
24591 7
24592 9
24593 13
24594 4
24595 4
24596 15
24597 7
24598 12
24599 8
24600 20
24601 15
24602 14
24603 19
24604 24
24605 19
24606 7
24607 11
24608 6
24609 13
24610 15
24611 42
24612 14
24613 20
24614 7
24615 6
24616 14
24617 10
24618 5
24619 3
24620 4
24621 5
24622 8
24623 16
24624 27
24625 8
24626 14
24627 5
24628 2
24629 7
24630 11
24631 13
24632 6
24633 9
24634 12
24635 9
24636 10
24637 6
24638 7
24639 5
24640 50
24641 28
24642 43
24643 15
24644 5
24645 12
24646 12
24647 7
24648 20
24649 141
24650 34
24651 18
24652 8
24653 9
24654 5
24655 7
24656 11
24657 5
24658 5
24659 17
24660 13
24661 36
24662 3
24663 5
24664 10
24665 6
24666 9
24667 5
24668 7
24669 11
24670 12
24671 13
24672 12
24673 5
24674 7
24675 17
24676 5
24677 20
24678 10
24679 14
24680 14
24681 9
24682 22
24683 11
24684 9
24685 8
24686 7
24687 13
24688 8
24689 5
24690 10
24691 12
24692 2
24693 4
24694 6
24695 9
24696 91
24697 22
24698 7
24699 8
24700 7
24701 2
24702 10
24703 14
24704 22
24705 11
24706 6
24707 7
24708 9
24709 21
24710 8
24711 8
24712 3
24713 1
24714 18
24715 2
24716 7
24717 6
24718 8
24719 9
24720 20
24721 13
24722 6
24723 9
24724 7
24725 6
24726 5
24727 42
24728 4
24729 1
24730 4
24731 4
24732 8
24733 21
24734 9
24735 9
24736 17
24737 7
24738 13
24739 28
24740 6
24741 4
24742 13
24743 17
24744 13
24745 11
24746 13
24747 10
24748 3
24749 11
24750 20
24751 20
24752 47
24753 27
24754 10
24755 4
24756 5
24757 7
24758 10
24759 9
24760 9
24761 5
24762 7
24763 12
24764 4
24765 9
24766 13
24767 18
24768 24
24769 22
24770 10
24771 7
24772 12
24773 10
24774 6
24775 2
24776 9
24777 10
24778 6
24779 10
24780 18
24781 21
24782 10
24783 7
24784 8
24785 9
24786 20
24787 11
24788 3
24789 6
24790 5
24791 4
24792 2
24793 13
24794 22
24795 15
24796 9
24797 6
24798 6
24799 15
24800 20
24801 9
24802 10
24803 12
24804 32
24805 13
24806 18
24807 17
24808 7
24809 19
24810 4
24811 5
24812 5
24813 12
24814 5
24815 4
24816 12
24817 13
24818 9
24819 3
24820 4
24821 17
24822 18
24823 14
24824 12
24825 3
24826 3
24827 2
24828 16
24829 6
24830 4
24831 13
24832 16
24833 11
24834 8
24835 2
24836 5
24837 8
24838 9
24839 7
24840 26
24841 15
24842 23
24843 22
24844 2
24845 6
24846 14
24847 18
24848 11
24849 9
24850 18
24851 20
24852 14
24853 12
24854 9
24855 8
24856 6
24857 7
24858 8
24859 23
24860 4
24861 4
24862 6
24863 10
24864 22
24865 11
24866 2
24867 7
24868 10
24869 4
24870 12
24871 51
24872 14
24873 5
24874 7
24875 5
24876 10
24877 9
24878 4
24879 8
24880 11
24881 17
24882 30
24883 11
24884 5
24885 18
24886 8
24887 6
24888 9
24889 8
24890 5
24891 8
24892 11
24893 8
24894 9
24895 7
24896 6
24897 10
24898 5
24899 5
24900 8
24901 13
24902 4
24903 9
24904 10
24905 5
24906 12
24907 15
24908 10
24909 3
24910 5
24911 5
24912 17
24913 6
24914 8
24915 14
24916 9
24917 22
24918 8
24919 9
24920 13
24921 14
24922 4
24923 14
24924 3
24925 2
24926 5
24927 8
24928 14
24929 14
24930 7
24931 7
24932 7
24933 3
24934 10
24935 10
24936 9
24937 5
24938 10
24939 9
24940 19
24941 5
24942 22
24943 11
24944 2
24945 4
24946 9
24947 6
24948 36
24949 7
24950 11
24951 7
24952 7
24953 9
24954 4
24955 11
24956 9
24957 17
24958 6
24959 7
24960 53
24961 14
24962 5
24963 21
24964 54
24965 9
24966 14
24967 21
24968 5
24969 14
24970 22
24971 7
24972 6
24973 6
24974 8
24975 15
24976 24
24977 21
24978 6
24979 15
24980 6
24981 8
24982 11
24983 3
24984 11
24985 7
24986 13
24987 11
24988 6
24989 19
24990 18
24991 12
24992 15
24993 8
24994 4
24995 10
24996 7
24997 4
24998 6
24999 19
25000 123
25001 18
25002 7
25003 4
25004 13
25005 14
25006 12
25007 7
25008 18
25009 9
25010 12
25011 13
25012 15
25013 16
25014 6
25015 5
25016 2
25017 10
25018 6
25019 13
25020 15
25021 6
25022 6
25023 11
25024 10
25025 68
25026 5
25027 6
25028 6
25029 6
25030 11
25031 13
25032 14
25033 8
25034 10
25035 7
25036 5
25037 18
25038 15
25039 12
25040 14
25041 9
25042 11
25043 6
25044 5
25045 7
25046 8
25047 21
25048 12
25049 2
25050 7
25051 7
25052 16
25053 8
25054 5
25055 7
25056 29
25057 21
25058 7
25059 13
25060 2
25061 2
25062 9
25063 6
25064 11
25065 1
25066 5
25067 8
25068 5
25069 9
25070 16
25071 4
25072 9
25073 12
25074 2
25075 13
25076 14
25077 5
25078 7
25079 5
25080 51
25081 10
25082 7
25083 6
25084 5
25085 5
25086 8
25087 19
25088 68
25089 16
25090 14
25091 6
25092 14
25093 10
25094 4
25095 7
25096 12
25097 14
25098 9
25099 10
25100 17
25101 9
25102 18
25103 5
25104 9
25105 15
25106 5
25107 6
25108 14
25109 4
25110 8
25111 36
25112 15
25113 5
25114 9
25115 6
25116 17
25117 22
25118 14
25119 8
25120 7
25121 21
25122 15
25123 10
25124 8
25125 14
25126 9
25127 20
25128 4
25129 7
25130 11
25131 8
25132 14
25133 5
25134 11
25135 5
25136 6
25137 13
25138 4
25139 4
25140 8
25141 12
25142 8
25143 8
25144 10
25145 7
25146 7
25147 24
25148 8
25149 9
25150 22
25151 9
25152 21
25153 20
25154 7
25155 5
25156 9
25157 11
25158 9
25159 7
25160 10
25161 6
25162 6
25163 8
25164 14
25165 9
25166 6
25167 7
25168 16
25169 25
25170 9
25171 17
25172 9
25173 10
25174 4
25175 7
25176 12
25177 9
25178 4
25179 11
25180 6
25181 9
25182 5
25183 10
25184 10
25185 9
25186 10
25187 9
25188 9
25189 18
25190 11
25191 10
25192 6
25193 7
25194 53
25195 8
25196 6
25197 10
25198 3
25199 29
25200 479
25201 41
25202 10
25203 9
25204 6
25205 11
25206 8
25207 5
25208 9
25209 10
25210 7
25211 10
25212 12
25213 16
25214 6
25215 11
25216 17
25217 13
25218 3
25219 15
25220 23
25221 6
25222 6
25223 4
25224 7
25225 14
25226 8
25227 9
25228 9
25229 23
25230 72
25231 19
25232 10
25233 8
25234 9
25235 19
25236 12
25237 26
25238 4
25239 5
25240 4
25241 9
25242 11
25243 14
25244 6
25245 25
25246 7
25247 15
25248 13
25249 9
25250 20
25251 10
25252 15
25253 25
25254 6
25255 11
25256 11
25257 13
25258 7
25259 9
25260 28
25261 30
25262 6
25263 10
25264 9
25265 21
25266 1
25267 4
25268 10
25269 9
25270 22
25271 18
25272 22
25273 16
25274 9
25275 7
25276 4
25277 14
25278 9
25279 7
25280 25
25281 86
25282 8
25283 7
25284 17
25285 15
25286 4
25287 13
25288 2
25289 9
25290 15
25291 4
25292 5
25293 5
25294 3
25295 6
25296 26
25297 8
25298 11
25299 6
25300 35
25301 22
25302 7
25303 13
25304 5
25305 9
25306 10
25307 14
25308 44
25309 26
25310 4
25311 6
25312 13
25313 18
25314 11
25315 10
25316 7
25317 11
25318 6
25319 10
25320 30
25321 18
25322 5
25323 10
25324 7
25325 13
25326 12
25327 34
25328 9
25329 7
25330 4
25331 8
25332 10
25333 18
25334 6
25335 6
25336 7
25337 8
25338 4
25339 22
25340 10
25341 6
25342 9
25343 13
25344 56
25345 25
25346 11
25347 15
25348 11
25349 13
25350 20
25351 23
25352 18
25353 6
25354 3
25355 9
25356 4
25357 18
25358 9
25359 5
25360 13
25361 8
25362 4
25363 8
25364 5
25365 17
25366 8
25367 14
25368 12
25369 11
25370 2
25371 5
25372 8
25373 16
25374 6
25375 11
25376 16
25377 9
25378 6
25379 7
25380 11
25381 13
25382 9
25383 9
25384 17
25385 4
25386 6
25387 4
25388 7
25389 22
25390 8
25391 25
25392 15
25393 5
25394 7
25395 11
25396 7
25397 6
25398 6
25399 6
25400 9
25401 4
25402 6
25403 5
25404 7
25405 9
25406 8
25407 4
25408 8
25409 19
25410 60
25411 21
25412 6
25413 13
25414 13
25415 10
25416 12
25417 6
25418 2
25419 5
25420 8
25421 7
25422 6
25423 13
25424 11
25425 41
25426 5
25427 9
25428 12
25429 7
25430 12
25431 12
25432 8
25433 6
25434 9
25435 8
25436 16
25437 3
25438 4
25439 6
25440 16
25441 9
25442 8
25443 8
25444 9
25445 6
25446 4
25447 17
25448 6
25449 4
25450 4
25451 6
25452 21
25453 13
25454 9
25455 5
25456 11
25457 13
25458 13
25459 1
25460 10
25461 7
25462 7
25463 25
25464 7
25465 8
25466 6
25467 4
25468 4
25469 16
25470 7
25471 38
25472 12
25473 11
25474 6
25475 9
25476 11
25477 13
25478 6
25479 6
25480 33
25481 11
25482 9
25483 4
25484 9
25485 7
25486 6
25487 25
25488 20
25489 2
25490 9
25491 5
25492 5
25493 7
25494 5
25495 10
25496 8
25497 4
25498 6
25499 4
25500 23
25501 13
25502 7
25503 4
25504 6
25505 10
25506 14
25507 10
25508 8
25509 13
25510 10
25511 9
25512 16
25513 5
25514 8
25515 67
25516 9
25517 5
25518 10
25519 9
25520 11
25521 4
25522 5
25523 27
25524 9
25525 23
25526 9
25527 6
25528 6
25529 9
25530 7
25531 18
25532 16
25533 13
25534 8
25535 5
25536 21
25537 25
25538 12
25539 4
25540 5
25541 4
25542 11
25543 8
25544 15
25545 21
25546 8
25547 1
25548 4
25549 9
25550 11
25551 9
25552 13
25553 9
25554 11
25555 8
25556 14
25557 9
25558 5
25559 6
25560 20
25561 25
25562 6
25563 4
25564 13
25565 7
25566 11
25567 4
25568 10
25569 7
25570 5
25571 11
25572 15
25573 4
25574 13
25575 26
25576 12
25577 26
25578 21
25579 15
25580 11
25581 3
25582 7
25583 9
25584 37
25585 40
25586 7
25587 6
25588 6
25589 27
25590 10
25591 22
25592 14
25593 9
25594 2
25595 3
25596 13
25597 6
25598 8
25599 24
25600 150
25601 73
25602 7
25603 15
25604 5
25605 7
25606 7
25607 17
25608 16
25609 19
25610 4
25611 1
25612 8
25613 4
25614 3
25615 4
25616 11
25617 5
25618 6
25619 5
25620 24
25621 30
25622 10
25623 20
25624 18
25625 23
25626 13
25627 5
25628 15
25629 6
25630 12
25631 15
25632 22
25633 27
25634 7
25635 8
25636 11
25637 7
25638 12
25639 17
25640 6
25641 20
25642 13
25643 10
25644 8
25645 4
25646 5
25647 11
25648 10
25649 6
25650 19
25651 32
25652 21
25653 20
25654 6
25655 2
25656 6
25657 17
25658 2
25659 10
25660 4
25661 7
25662 12
25663 9
25664 20
25665 16
25666 10
25667 14
25668 8
25669 14
25670 13
25671 7
25672 12
25673 19
25674 9
25675 11
25676 17
25677 11
25678 12
25679 14
25680 11
25681 15
25682 1
25683 6
25684 8
25685 3
25686 9
25687 7
25688 8
25689 10
25690 7
25691 4
25692 12
25693 9
25694 5
25695 4
25696 8
25697 5
25698 7
25699 7
25700 8
25701 10
25702 1
25703 15
25704 39
25705 12
25706 7
25707 6
25708 9
25709 7
25710 7
25711 4
25712 5
25713 12
25714 13
25715 7
25716 10
25717 15
25718 7
25719 6
25720 9
25721 7
25722 6
25723 5
25724 15
25725 20
25726 9
25727 6
25728 20
25729 4
25730 11
25731 13
25732 9
25733 23
25734 6
25735 6
25736 12
25737 7
25738 8
25739 12
25740 103
25741 20
25742 5
25743 1
25744 12
25745 4
25746 12
25747 18
25748 3
25749 12
25750 7
25751 9
25752 26
25753 6
25754 5
25755 7
25756 3
25757 7
25758 14
25759 25
25760 9
25761 42
25762 3
25763 15
25764 15
25765 4
25766 4
25767 12
25768 4
25769 11
25770 11
25771 17
25772 11
25773 11
25774 7
25775 6
25776 9
25777 8
25778 4
25779 4
25780 10
25781 7
25782 7
25783 4
25784 9
25785 12
25786 5
25787 5
25788 11
25789 5
25790 9
25791 4
25792 17
25793 16
25794 4
25795 13
25796 3
25797 8
25798 5
25799 15
25800 14
25801 15
25802 4
25803 8
25804 13
25805 16
25806 10
25807 13
25808 15
25809 10
25810 10
25811 4
25812 6
25813 7
25814 5
25815 5
25816 5
25817 8
25818 4
25819 22
25820 13
25821 7
25822 5
25823 13
25824 16
25825 5
25826 3
25827 3
25828 8
25829 13
25830 26
25831 10
25832 12
25833 5
25834 5
25835 3
25836 8
25837 4
25838 3
25839 15
25840 16
25841 23
25842 11
25843 12
25844 12
25845 5
25846 7
25847 25
25848 9
25849 19
25850 19
25851 8
25852 13
25853 12
25854 11
25855 3
25856 24
25857 20
25858 6
25859 4
25860 9
25861 5
25862 6
25863 9
25864 11
25865 10
25866 4
25867 10
25868 7
25869 4
25870 4
25871 5
25872 56
25873 18
25874 3
25875 12
25876 6
25877 18
25878 19
25879 6
25880 12
25881 5
25882 10
25883 5
25884 15
25885 6
25886 12
25887 10
25888 13
25889 19
25890 4
25891 6
25892 1
25893 6
25894 7
25895 6
25896 8
25897 8
25898 7
25899 3
25900 7
25901 5
25902 5
25903 15
25904 20
25905 14
25906 8
25907 8
25908 13
25909 6
25910 8
25911 8
25912 10
25913 18
25914 11
25915 9
25916 15
25917 11
25918 6
25919 37
25920 212
25921 93
25922 5
25923 7
25924 6
25925 20
25926 4
25927 6
25928 9
25929 7
25930 6
25931 17
25932 8
25933 13
25934 6
25935 67
25936 9
25937 5
25938 6
25939 19
25940 4
25941 18
25942 4
25943 7
25944 19
25945 12
25946 14
25947 23
25948 9
25949 4
25950 8
25951 16
25952 13
25953 17
25954 14
25955 9
25956 20
25957 7
25958 8
25959 5
25960 8
25961 8
25962 13
25963 8
25964 7
25965 1
25966 4
25967 8
25968 11
25969 14
25970 3
25971 15
25972 7
25973 5
25974 22
25975 2
25976 6
25977 6
25978 13
25979 4
25980 10
25981 12
25982 5
25983 7
25984 19
25985 4
25986 7
25987 3
25988 21
25989 5
25990 8
25991 13
25992 34
25993 6
25994 10
25995 4
25996 9
25997 14
25998 11
25999 38
26000 43
26001 27
26002 5
26003 22
26004 17
26005 5
26006 11
26007 6
26008 9
26009 6
26010 17
26011 27
26012 9
26013 13
26014 9
26015 33
26016 18
26017 11
26018 6
26019 7
26020 6
26021 14
26022 11
26023 5
26024 8
26025 12
26026 38
26027 9
26028 7
26029 22
26030 3
26031 3
26032 4
26033 5
26034 8
26035 4
26036 6
26037 9
26038 9
26039 11
26040 57
26041 36
26042 10
26043 3
26044 10
26045 7
26046 4
26047 6
26048 12
26049 8
26050 8
26051 13
26052 8
26053 14
26054 11
26055 5
26056 7
26057 4
26058 7
26059 6
26060 10
26061 7
26062 13
26063 3
26064 9
26065 2
26066 2
26067 5
26068 16
26069 11
26070 25
26071 20
26072 13
26073 22
26074 3
26075 5
26076 13
26077 9
26078 5
26079 8
26080 6
26081 5
26082 25
26083 17
26084 8
26085 6
26086 10
26087 4
26088 11
26089 8
26090 5
26091 14
26092 5
26093 8
26094 7
26095 11
26096 8
26097 7
26098 4
26099 18
26100 36
26101 16
26102 6
26103 8
26104 10
26105 10
26106 13
26107 16
26108 7
26109 6
26110 7
26111 24
26112 31
26113 28
26114 4
26115 3
26116 4
26117 10
26118 7
26119 11
26120 4
26121 1
26122 8
26123 16
26124 7
26125 9
26126 4
26127 7
26128 15
26129 16
26130 11
26131 9
26132 6
26133 10
26134 4
26135 6
26136 48
26137 8
26138 8
26139 9
26140 5
26141 13
26142 5
26143 2
26144 12
26145 24
26146 15
26147 4
26148 16
26149 4
26150 5
26151 4
26152 7
26153 8
26154 8
26155 5
26156 4
26157 6
26158 4
26159 11
26160 10
26161 18
26162 15
26163 29
26164 10
26165 6
26166 8
26167 8
26168 8
26169 7
26170 6
26171 12
26172 10
26173 6
26174 6
26175 2
26176 6
26177 15
26178 4
26179 6
26180 25
26181 10
26182 11
26183 18
26184 10
26185 12
26186 3
26187 6
26188 8
26189 20
26190 9
26191 5
26192 14
26193 13
26194 7
26195 18
26196 5
26197 9
26198 8
26199 11
26200 16
26201 2
26202 8
26203 15
26204 4
26205 4
26206 10
26207 12
26208 92
26209 26
26210 3
26211 10
26212 6
26213 8
26214 49
26215 27
26216 36
26217 9
26218 5
26219 15
26220 15
26221 7
26222 9
26223 8
26224 13
26225 7
26226 18
26227 28
26228 12
26229 9
26230 10
26231 4
26232 6
26233 12
26234 6
26235 16
26236 6
26237 15
26238 8
26239 3
26240 28
26241 7
26242 15
26243 30
26244 277
26245 23
26246 8
26247 13
26248 21
26249 30
26250 47
26251 21
26252 13
26253 7
26254 6
26255 5
26256 13
26257 6
26258 13
26259 6
26260 9
26261 21
26262 29
26263 15
26264 17
26265 12
26266 8
26267 24
26268 5
26269 11
26270 6
26271 14
26272 14
26273 12
26274 9
26275 5
26276 6
26277 6
26278 12
26279 5
26280 19
26281 24
26282 12
26283 5
26284 5
26285 5
26286 7
26287 5
26288 9
26289 8
26290 6
26291 6
26292 8
26293 14
26294 6
26295 2
26296 8
26297 11
26298 8
26299 12
26300 3
26301 0
26302 7
26303 5
26304 18
26305 5
26306 8
26307 1
26308 8
26309 9
26310 9
26311 8
26312 8
26313 7
26314 8
26315 8
26316 17
26317 41
26318 8
26319 5
26320 19
26321 19
26322 16
26323 5
26324 8
26325 36
26326 7
26327 9
26328 8
26329 13
26330 8
26331 12
26332 12
26333 31
26334 53
26335 55
26336 8
26337 3
26338 1
26339 12
26340 6
26341 8
26342 5
26343 5
26344 6
26345 5
26346 5
26347 7
26348 8
26349 7
26350 7
26351 5
26352 15
26353 17
26354 7
26355 7
26356 5
26357 9
26358 3
26359 3
26360 4
26361 3
26362 4
26363 7
26364 23
26365 6
26366 7
26367 5
26368 20
26369 11
26370 4
26371 13
26372 6
26373 3
26374 5
26375 11
26376 21
26377 4
26378 10
26379 5
26380 14
26381 7
26382 3
26383 5
26384 9
26385 6
26386 8
26387 8
26388 4
26389 4
26390 9
26391 10
26392 3
26393 12
26394 12
26395 4
26396 7
26397 12
26398 7
26399 19
26400 56
26401 6
26402 9
26403 5
26404 14
26405 11
26406 27
26407 27
26408 11
26409 7
26410 8
26411 24
26412 9
26413 2
26414 6
26415 3
26416 9
26417 13
26418 11
26419 10
26420 10
26421 5
26422 8
26423 9
26424 11
26425 9
26426 12
26427 6
26428 3
26429 4
26430 11
26431 7
26432 20
26433 7
26434 5
26435 5
26436 7
26437 12
26438 2
26439 5
26440 17
26441 12
26442 3
26443 10
26444 3
26445 12
26446 7
26447 7
26448 9
26449 20
26450 8
26451 10
26452 8
26453 5
26454 5
26455 11
26456 8
26457 5
26458 8
26459 20
26460 86
26461 13
26462 13
26463 8
26464 15
26465 6
26466 11
26467 15
26468 5
26469 4
26470 9
26471 5
26472 8
26473 4
26474 8
26475 7
26476 3
26477 6
26478 6
26479 18
26480 10
26481 22
26482 5
26483 8
26484 9
26485 6
26486 4
26487 17
26488 24
26489 15
26490 16
26491 8
26492 9
26493 1
26494 8
26495 7
26496 26
26497 21
26498 6
26499 9
26500 17
26501 13
26502 14
26503 4
26504 6
26505 9
26506 3
26507 8
26508 12
26509 5
26510 9
26511 3
26512 8
26513 19
26514 6
26515 9
26516 11
26517 3
26518 7
26519 2
26520 38
26521 16
26522 9
26523 7
26524 8
26525 12
26526 5
26527 3
26528 14
26529 11
26530 5
26531 16
26532 16
26533 19
26534 1
26535 3
26536 8
26537 11
26538 5
26539 11
26540 4
26541 6
26542 12
26543 6
26544 13
26545 8
26546 9
26547 4
26548 11
26549 4
26550 13
26551 5
26552 5
26553 10
26554 5
26555 5
26556 4
26557 12
26558 13
26559 5
26560 10
26561 25
26562 13
26563 6
26564 13
26565 114
26566 18
26567 14
26568 21
26569 111
26570 11
26571 9
26572 17
26573 18
26574 7
26575 9
26576 10
26577 9
26578 6
26579 4
26580 9
26581 6
26582 3
26583 3
26584 8
26585 7
26586 22
26587 17
26588 15
26589 11
26590 7
26591 23
26592 17
26593 2
26594 5
26595 6
26596 7
26597 8
26598 16
26599 13
26600 12
26601 4
26602 6
26603 10
26604 7
26605 7
26606 8
26607 7
26608 12
26609 19
26610 19
26611 10
26612 7
26613 9
26614 8
26615 9
26616 8
26617 2
26618 7
26619 5
26620 17
26621 7
26622 8
26623 23
26624 68
26625 20
26626 15
26627 15
26628 8
26629 4
26630 7
26631 6
26632 11
26633 26
26634 4
26635 5
26636 6
26637 11
26638 8
26639 6
26640 26
26641 18
26642 29
26643 4
26644 12
26645 11
26646 5
26647 11
26648 10
26649 15
26650 21
26651 7
26652 8
26653 5
26654 5
26655 8
26656 17
26657 8
26658 9
26659 2
26660 14
26661 6
26662 21
26663 6
26664 23
26665 6
26666 9
26667 7
26668 9
26669 22
26670 23
26671 6
26672 8
26673 0
26674 4
26675 6
26676 17
26677 14
26678 5
26679 4
26680 14
26681 34
26682 9
26683 19
26684 9
26685 16
26686 4
26687 12
26688 18
26689 7
26690 9
26691 18
26692 5
26693 18
26694 3
26695 8
26696 7
26697 5
26698 3
26699 20
26700 13
26701 10
26702 8
26703 8
26704 25
26705 10
26706 6
26707 7
26708 0
26709 4
26710 3
26711 19
26712 21
26713 26
26714 8
26715 12
26716 4
26717 14
26718 2
26719 6
26720 6
26721 6
26722 2
26723 16
26724 12
26725 7
26726 6
26727 3
26728 6
26729 17
26730 22
26731 26
26732 9
26733 15
26734 7
26735 5
26736 8
26737 13
26738 9
26739 6
26740 4
26741 7
26742 15
26743 6
26744 10
26745 7
26746 2
26747 5
26748 11
26749 7
26750 8
26751 4
26752 28
26753 9
26754 14
26755 2
26756 2
26757 8
26758 4
26759 16
26760 12
26761 4
26762 10
26763 10
26764 6
26765 9
26766 7
26767 5
26768 8
26769 4
26770 12
26771 3
26772 8
26773 10
26774 2
26775 24
26776 6
26777 15
26778 6
26779 5
26780 3
26781 10
26782 3
26783 13
26784 35
26785 13
26786 3
26787 3
26788 3
26789 8
26790 14
26791 8
26792 2
26793 5
26794 9
26795 13
26796 55
26797 21
26798 4
26799 13
26800 8
26801 10
26802 4
26803 2
26804 5
26805 2
26806 4
26807 6
26808 9
26809 11
26810 14
26811 13
26812 10
26813 7
26814 5
26815 14
26816 15
26817 10
26818 18
26819 4
26820 15
26821 15
26822 5
26823 3
26824 5
26825 19
26826 14
26827 15
26828 3
26829 12
26830 8
26831 8
26832 20
26833 21
26834 2
26835 2
26836 8
26837 3
26838 7
26839 18
26840 25
26841 8
26842 9
26843 2
26844 9
26845 17
26846 8
26847 7
26848 3
26849 8
26850 10
26851 5
26852 15
26853 4
26854 1
26855 3
26856 5
26857 6
26858 6
26859 9
26860 7
26861 31
26862 19
26863 6
26864 7
26865 12
26866 7
26867 11
26868 9
26869 8
26870 5
26871 9
26872 3
26873 9
26874 6
26875 12
26876 6
26877 3
26878 7
26879 19
26880 158
26881 34
26882 5
26883 6
26884 10
26885 13
26886 16
26887 7
26888 11
26889 10
26890 3
26891 10
26892 16
26893 18
26894 10
26895 26
26896 76
26897 7
26898 6
26899 8
26900 14
26901 10
26902 3
26903 18
26904 14
26905 4
26906 6
26907 7
26908 9
26909 6
26910 27
26911 8
26912 20
26913 10
26914 9
26915 3
26916 9
26917 8
26918 11
26919 6
26920 7
26921 18
26922 8
26923 10
26924 5
26925 12
26926 10
26927 18
26928 18
26929 4
26930 4
26931 5
26932 7
26933 6
26934 14
26935 8
26936 22
26937 16
26938 12
26939 10
26940 14
26941 7
26942 8
26943 5
26944 9
26945 8
26946 5
26947 28
26948 11
26949 6
26950 15
26951 21
26952 15
26953 6
26954 3
26955 7
26956 6
26957 3
26958 6
26959 13
26960 8
26961 10
26962 26
26963 6
26964 15
26965 1
26966 12
26967 8
26968 4
26969 10
26970 36
26971 6
26972 2
26973 26
26974 5
26975 8
26976 13
26977 10
26978 11
26979 10
26980 17
26981 14
26982 13
26983 7
26984 11
26985 14
26986 5
26987 11
26988 6
26989 3
26990 8
26991 3
26992 7
26993 14
26994 7
26995 5
26996 14
26997 6
26998 6
26999 29
27000 341
27001 27
27002 8
27003 5
27004 19
27005 4
27006 9
27007 17
27008 18
27009 10
27010 9
27011 12
27012 7
27013 3
27014 2
27015 9
27016 5
27017 6
27018 4
27019 5
27020 8
27021 6
27022 10
27023 1
27024 14
27025 6
27026 6
27027 51
27028 17
27029 9
27030 30
27031 25
27032 7
27033 5
27034 5
27035 4
27036 14
27037 6
27038 4
27039 3
27040 9
27041 9
27042 11
27043 10
27044 3
27045 5
27046 4
27047 7
27048 13
27049 11
27050 6
27051 8
27052 3
27053 8
27054 12
27055 7
27056 13
27057 10
27058 10
27059 27
27060 35
27061 25
27062 6
27063 5
27064 16
27065 4
27066 5
27067 15
27068 4
27069 5
27070 10
27071 14
27072 41
27073 23
27074 7
27075 12
27076 11
27077 17
27078 3
27079 10
27080 9
27081 9
27082 9
27083 10
27084 10
27085 6
27086 8
27087 6
27088 3
27089 7
27090 24
27091 19
27092 7
27093 8
27094 4
27095 6
27096 10
27097 5
27098 7
27099 9
27100 10
27101 14
27102 10
27103 17
27104 12
27105 8
27106 7
27107 9
27108 17
27109 14
27110 10
27111 7
27112 5
27113 8
27114 11
27115 11
27116 5
27117 6
27118 4
27119 4
27120 16
27121 5
27122 7
27123 5
27124 6
27125 8
27126 6
27127 17
27128 6
27129 11
27130 8
27131 8
27132 78
27133 19
27134 7
27135 12
27136 23
27137 1
27138 2
27139 6
27140 3
27141 6
27142 5
27143 20
27144 25
27145 11
27146 14
27147 8
27148 5
27149 10
27150 8
27151 6
27152 9
27153 6
27154 10
27155 3
27156 12
27157 6
27158 6
27159 8
27160 12
27161 8
27162 17
27163 5
27164 9
27165 3
27166 9
27167 8
27168 17
27169 8
27170 30
27171 4
27172 5
27173 9
27174 9
27175 4
27176 8
27177 7
27178 7
27179 17
27180 12
27181 6
27182 11
27183 5
27184 5
27185 3
27186 3
27187 3
27188 2
27189 7
27190 8
27191 15
27192 21
27193 8
27194 9
27195 11
27196 3
27197 11
27198 3
27199 6
27200 22
27201 30
27202 13
27203 9
27204 6
27205 8
27206 3
27207 8
27208 10
27209 10
27210 8
27211 20
27212 8
27213 9
27214 10
27215 3
27216 104
27217 8
27218 8
27219 5
27220 9
27221 25
27222 15
27223 8
27224 20
27225 119
27226 6
27227 6
27228 2
27229 13
27230 13
27231 10
27232 6
27233 6
27234 3
27235 5
27236 12
27237 3
27238 3
27239 13
27240 22
27241 13
27242 6
27243 5
27244 9
27245 6
27246 8
27247 9
27248 10
27249 4
27250 7
27251 7
27252 10
27253 17
27254 3
27255 3
27256 5
27257 5
27258 10
27259 17
27260 9
27261 14
27262 7
27263 3
27264 15
27265 12
27266 0
27267 6
27268 4
27269 6
27270 14
27271 15
27272 21
27273 11
27274 10
27275 1
27276 7
27277 32
27278 6
27279 3
27280 12
27281 16
27282 5
27283 12
27284 3
27285 14
27286 7
27287 4
27288 3
27289 7
27290 5
27291 8
27292 1
27293 8
27294 4
27295 5
27296 11
27297 4
27298 8
27299 16
27300 70
27301 14
27302 10
27303 7
27304 11
27305 16
27306 33
27307 26
27308 11
27309 13
27310 9
27311 9
27312 21
27313 16
27314 13
27315 8
27316 3
27317 8
27318 3
27319 7
27320 10
27321 11
27322 6
27323 16
27324 13
27325 12
27326 4
27327 6
27328 15
27329 13
27330 13
27331 20
27332 9
27333 9
27334 5
27335 13
27336 24
27337 28
27338 16
27339 4
27340 11
27341 9
27342 16
27343 14
27344 11
27345 6
27346 16
27347 16
27348 7
27349 9
27350 6
27351 8
27352 7
27353 15
27354 7
27355 8
27356 9
27357 1
27358 1
27359 3
27360 32
27361 21
27362 5
27363 4
27364 7
27365 14
27366 10
27367 14
27368 11
27369 8
27370 18
27371 14
27372 9
27373 8
27374 7
27375 12
27376 10
27377 8
27378 25
27379 32
27380 19
27381 10
27382 6
27383 10
27384 14
27385 8
27386 3
27387 7
27388 6
27389 6
27390 16
27391 25
27392 14
27393 11
27394 6
27395 3
27396 10
27397 11
27398 9
27399 10
27400 17
27401 5
27402 4
27403 14
27404 20
27405 44
27406 11
27407 15
27408 14
27409 10
27410 7
27411 8
27412 10
27413 8
27414 7
27415 7
27416 4
27417 19
27418 4
27419 4
27420 9
27421 6
27422 8
27423 5
27424 10
27425 6
27426 6
27427 20
27428 7
27429 4
27430 4
27431 14
27432 13
27433 5
27434 17
27435 13
27436 36
27437 26
27438 6
27439 9
27440 36
27441 9
27442 5
27443 5
27444 4
27445 6
27446 5
27447 5
27448 5
27449 17
27450 8
27451 5
27452 2
27453 10
27454 5
27455 12
27456 68
27457 26
27458 10
27459 6
27460 6
27461 7
27462 3
27463 2
27464 6
27465 6
27466 5
27467 6
27468 12
27469 10
27470 5
27471 4
27472 21
27473 8
27474 15
27475 5
27476 5
27477 10
27478 5
27479 16
27480 13
27481 12
27482 11
27483 8
27484 3
27485 4
27486 8
27487 8
27488 8
27489 10
27490 8
27491 4
27492 9
27493 15
27494 3
27495 16
27496 9
27497 3
27498 8
27499 6
27500 23
27501 12
27502 5
27503 6
27504 16
27505 12
27506 5
27507 8
27508 11
27509 11
27510 5
27511 8
27512 10
27513 4
27514 6
27515 4
27516 3
27517 10
27518 3
27519 7
27520 13
27521 16
27522 6
27523 4
27524 12
27525 12
27526 5
27527 26
27528 6
27529 17
27530 8
27531 13
27532 3
27533 2
27534 7
27535 3
27536 6
27537 6
27538 11
27539 10
27540 17
27541 14
27542 4
27543 5
27544 4
27545 6
27546 4
27547 11
27548 10
27549 3
27550 21
27551 20
27552 20
27553 12
27554 9
27555 17
27556 57
27557 8
27558 1
27559 16
27560 21
27561 9
27562 5
27563 4
27564 8
27565 5
27566 3
27567 6
27568 16
27569 1
27570 7
27571 4
27572 6
27573 6
27574 4
27575 5
27576 15
27577 6
27578 5
27579 3
27580 13
27581 15
27582 7
27583 19
27584 11
27585 10
27586 9
27587 6
27588 5
27589 7
27590 5
27591 8
27592 4
27593 9
27594 46
27595 10
27596 15
27597 11
27598 5
27599 6
27600 32
27601 7
27602 6
27603 4
27604 6
27605 1
27606 5
27607 12
27608 10
27609 10
27610 7
27611 19
27612 7
27613 10
27614 11
27615 8
27616 5
27617 9
27618 7
27619 1
27620 6
27621 7
27622 6
27623 3
27624 6
27625 45
27626 9
27627 2
27628 2
27629 5
27630 5
27631 9
27632 12
27633 8
27634 11
27635 7
27636 12
27637 10
27638 5
27639 13
27640 10
27641 3
27642 7
27643 15
27644 5
27645 13
27646 3
27647 32
27648 182
27649 17
27650 17
27651 8
27652 5
27653 13
27654 12
27655 4
27656 8
27657 6
27658 2
27659 4
27660 6
27661 3
27662 5
27663 4
27664 20
27665 7
27666 2
27667 5
27668 6
27669 8
27670 10
27671 4
27672 12
27673 12
27674 4
27675 10
27676 14
27677 9
27678 11
27679 6
27680 11
27681 6
27682 6
27683 8
27684 12
27685 4
27686 9
27687 8
27688 7
27689 25
27690 13
27691 10
27692 18
27693 9
27694 3
27695 4
27696 9
27697 7
27698 2
27699 1
27700 4
27701 26
27702 16
27703 6
27704 9
27705 6
27706 3
27707 7
27708 5
27709 9
27710 8
27711 2
27712 6
27713 10
27714 12
27715 9
27716 12
27717 8
27718 16
27719 34
27720 671
27721 26
27722 18
27723 5
27724 8
27725 6
27726 4
27727 6
27728 17
27729 12
27730 11
27731 12
27732 7
27733 29
27734 7
27735 10
27736 8
27737 23
27738 9
27739 11
27740 7
27741 10
27742 11
27743 19
27744 20
27745 11
27746 7
27747 7
27748 9
27749 17
27750 13
27751 11
27752 7
27753 2
27754 8
27755 11
27756 9
27757 7
27758 9
27759 3
27760 10
27761 8
27762 8
27763 19
27764 6
27765 2
27766 5
27767 11
27768 23
27769 5
27770 7
27771 7
27772 4
27773 15
27774 8
27775 9
27776 22
27777 8
27778 10
27779 17
27780 11
27781 4
27782 7
27783 54
27784 10
27785 4
27786 4
27787 5
27788 7
27789 6
27790 11
27791 19
27792 20
27793 13
27794 7
27795 3
27796 10
27797 6
27798 9
27799 13
27800 6
27801 2
27802 7
27803 13
27804 9
27805 10
27806 9
27807 2
27808 16
27809 11
27810 10
27811 9
27812 14
27813 7
27814 5
27815 1
27816 11
27817 13
27818 5
27819 9
27820 11
27821 8
27822 3
27823 8
27824 11
27825 10
27826 6
27827 25
27828 19
27829 4
27830 15
27831 5
27832 3
27833 6
27834 4
27835 6
27836 7
27837 4
27838 6
27839 13
27840 30
27841 9
27842 5
27843 1
27844 8
27845 10
27846 36
27847 20
27848 16
27849 6
27850 9
27851 15
27852 4
27853 5
27854 12
27855 1
27856 5
27857 6
27858 5
27859 5
27860 5
27861 6
27862 3
27863 4
27864 16
27865 4
27866 8
27867 2
27868 9
27869 13
27870 12
27871 6
27872 22
27873 10
27874 12
27875 8
27876 14
27877 15
27878 6
27879 1
27880 16
27881 4
27882 8
27883 11
27884 4
27885 20
27886 9
27887 12
27888 25
27889 112
27890 8
27891 3
27892 4
27893 32
27894 6
27895 10
27896 6
27897 4
27898 4
27899 5
27900 76
27901 19
27902 8
27903 15
27904 14
27905 11
27906 6
27907 10
27908 9
27909 2
27910 7
27911 5
27912 9
27913 9
27914 2
27915 12
27916 5
27917 23
27918 11
27919 3
27920 5
27921 9
27922 8
27923 5
27924 7
27925 4
27926 7
27927 9
27928 4
27929 5
27930 28
27931 19
27932 9
27933 7
27934 5
27935 4
27936 18
27937 12
27938 4
27939 6
27940 10
27941 9
27942 2
27943 8
27944 2
27945 17
27946 1
27947 19
27948 8
27949 20
27950 19
27951 18
27952 7
27953 16
27954 14
27955 4
27956 4
27957 9
27958 3
27959 5
27960 5
27961 46
27962 11
27963 6
27964 3
27965 11
27966 21
27967 25
27968 10
27969 7
27970 4
27971 15
27972 37
27973 9
27974 3
27975 6
27976 5
27977 7
27978 10
27979 5
27980 7
27981 8
27982 12
27983 9
27984 10
27985 6
27986 7
27987 8
27988 0
27989 12
27990 5
27991 8
27992 3
27993 13
27994 8
27995 6
27996 7
27997 12
27998 3
27999 10
28000 36
28001 22
28002 9
28003 6
28004 9
28005 4
28006 7
28007 4
28008 8
28009 39
28010 24
28011 10
28012 5
28013 5
28014 11
28015 5
28016 5
28017 5
28018 5
28019 12
28020 9
28021 4
28022 4
28023 3
28024 8
28025 8
28026 4
28027 8
28028 28
28029 4
28030 9
28031 14
28032 16
28033 20
28034 6
28035 20
28036 6
28037 6
28038 8
28039 2
28040 7
28041 4
28042 3
28043 2
28044 8
28045 5
28046 6
28047 11
28048 9
28049 8
28050 17
28051 13
28052 8
28053 6
28054 6
28055 8
28056 17
28057 36
28058 4
28059 6
28060 20
28061 2
28062 6
28063 15
28064 13
28065 15
28066 2
28067 7
28068 6
28069 14
28070 5
28071 17
28072 5
28073 7
28074 6
28075 6
28076 3
28077 8
28078 4
28079 4
28080 53
28081 24
28082 10
28083 17
28084 4
28085 19
28086 17
28087 26
28088 7
28089 8
28090 3
28091 5
28092 11
28093 8
28094 9
28095 8
28096 5
28097 14
28098 13
28099 12
28100 11
28101 15
28102 10
28103 8
28104 6
28105 4
28106 8
28107 14
28108 2
28109 10
28110 4
28111 12
28112 7
28113 4
28114 6
28115 5
28116 12
28117 8
28118 9
28119 11
28120 16
28121 8
28122 3
28123 30
28124 7
28125 68
28126 6
28127 6
28128 21
28129 13
28130 7
28131 6
28132 4
28133 3
28134 11
28135 5
28136 8
28137 5
28138 3
28139 3
28140 9
28141 13
28142 3
28143 9
28144 6
28145 2
28146 6
28147 3
28148 4
28149 6
28150 7
28151 20
28152 20
28153 13
28154 7
28155 6
28156 12
28157 6
28158 20
28159 20
28160 60
28161 31
28162 2
28163 9
28164 2
28165 1
28166 2
28167 6
28168 9
28169 6
28170 7
28171 11
28172 4
28173 6
28174 3
28175 9
28176 16
28177 5
28178 13
28179 2
28180 2
28181 16
28182 27
28183 9
28184 12
28185 6
28186 3
28187 9
28188 6
28189 5
28190 3
28191 4
28192 11
28193 5
28194 4
28195 5
28196 10
28197 11
28198 4
28199 11
28200 11
28201 20
28202 10
28203 19
28204 7
28205 2
28206 4
28207 3
28208 8
28209 8
28210 7
28211 25
28212 9
28213 4
28214 4
28215 24
28216 9
28217 8
28218 6
28219 9
28220 8
28221 8
28222 12
28223 17
28224 171
28225 20
28226 7
28227 14
28228 6
28229 41
28230 12
28231 10
28232 9
28233 8
28234 5
28235 2
28236 12
28237 3
28238 8
28239 6
28240 12
28241 9
28242 12
28243 10
28244 3
28245 10
28246 8
28247 4
28248 21
28249 6
28250 6
28251 10
28252 10
28253 11
28254 6
28255 3
28256 6
28257 5
28258 4
28259 5
28260 2
28261 4
28262 5
28263 5
28264 9
28265 5
28266 7
28267 3
28268 5
28269 4
28270 9
28271 3
28272 16
28273 5
28274 5
28275 7
28276 1
28277 42
28278 8
28279 12
28280 21
28281 3
28282 11
28283 15
28284 3
28285 6
28286 4
28287 8
28288 23
28289 18
28290 5
28291 8
28292 9
28293 8
28294 5
28295 5
28296 13
28297 15
28298 7
28299 5
28300 10
28301 8
28302 7
28303 6
28304 4
28305 12
28306 5
28307 9
28308 10
28309 13
28310 7
28311 1
28312 7
28313 3
28314 27
28315 8
28316 6
28317 3
28318 9
28319 18
28320 26
28321 15
28322 7
28323 5
28324 4
28325 7
28326 5
28327 8
28328 12
28329 5
28330 0
28331 2
28332 4
28333 4
28334 10
28335 4
28336 24
28337 13
28338 11
28339 3
28340 5
28341 4
28342 4
28343 7
28344 13
28345 12
28346 8
28347 7
28348 7
28349 12
28350 47
28351 23
28352 6
28353 0
28354 3
28355 4
28356 7
28357 11
28358 9
28359 6
28360 12
28361 5
28362 6
28363 6
28364 4
28365 12
28366 5
28367 5
28368 6
28369 10
28370 3
28371 6
28372 5
28373 13
28374 21
28375 11
28376 10
28377 12
28378 9
28379 10
28380 12
28381 11
28382 5
28383 8
28384 9
28385 8
28386 8
28387 12
28388 7
28389 8
28390 5
28391 6
28392 43
28393 35
28394 13
28395 4
28396 9
28397 6
28398 6
28399 12
28400 18
28401 15
28402 7
28403 9
28404 6
28405 8
28406 7
28407 6
28408 8
28409 10
28410 10
28411 14
28412 2
28413 8
28414 9
28415 14
28416 19
28417 12
28418 9
28419 4
28420 6
28421 13
28422 4
28423 2
28424 14
28425 6
28426 14
28427 1
28428 12
28429 14
28430 2
28431 27
28432 9
28433 12
28434 13
28435 8
28436 3
28437 10
28438 4
28439 6
28440 20
28441 19
28442 4
28443 4
28444 4
28445 6
28446 3
28447 8
28448 23
28449 12
28450 10
28451 5
28452 13
28453 9
28454 1
28455 6
28456 12
28457 3
28458 8
28459 6
28460 9
28461 5
28462 11
28463 8
28464 10
28465 3
28466 1
28467 9
28468 13
28469 6
28470 7
28471 6
28472 8
28473 2
28474 9
28475 2
28476 12
28477 15
28478 5
28479 5
28480 13
28481 7
28482 9
28483 10
28484 10
28485 7
28486 9
28487 5
28488 8
28489 6
28490 8
28491 2
28492 7
28493 9
28494 9
28495 9
28496 10
28497 11
28498 4
28499 12
28500 21
28501 34
28502 7
28503 8
28504 7
28505 6
28506 5
28507 3
28508 4
28509 3
28510 6
28511 9
28512 39
28513 16
28514 5
28515 2
28516 3
28517 12
28518 9
28519 4
28520 12
28521 6
28522 7
28523 9
28524 3
28525 5
28526 10
28527 4
28528 7
28529 5
28530 6
28531 4
28532 6
28533 5
28534 2
28535 10
28536 11
28537 12
28538 3
28539 9
28540 19
28541 14
28542 7
28543 2
28544 31
28545 10
28546 11
28547 16
28548 13
28549 14
28550 8
28551 6
28552 6
28553 2
28554 6
28555 4
28556 4
28557 10
28558 6
28559 35
28560 107
28561 341
28562 48
28563 5
28564 12
28565 11
28566 9
28567 13
28568 11
28569 5
28570 4
28571 21
28572 12
28573 20
28574 17
28575 15
28576 19
28577 12
28578 5
28579 12
28580 5
28581 6
28582 8
28583 6
28584 9
28585 8
28586 8
28587 6
28588 5
28589 6
28590 6
28591 11
28592 6
28593 11
28594 14
28595 14
28596 7
28597 18
28598 11
28599 2
28600 25
28601 6
28602 10
28603 13
28604 7
28605 4
28606 7
28607 8
28608 14
28609 5
28610 15
28611 11
28612 16
28613 6
28614 6
28615 5
28616 12
28617 6
28618 5
28619 12
28620 8
28621 16
28622 3
28623 12
28624 5
28625 11
28626 10
28627 10
28628 13
28629 12
28630 14
28631 8
28632 6
28633 3
28634 9
28635 14
28636 14
28637 1
28638 7
28639 6
28640 15
28641 3
28642 29
28643 20
28644 27
28645 18
28646 12
28647 5
28648 6
28649 7
28650 10
28651 13
28652 9
28653 10
28654 10
28655 28
28656 67
28657 288
28658 45
28659 17
28660 9
28661 16
28662 14
28663 16
28664 2
28665 32
28666 14
28667 9
28668 15
28669 24
28670 16
28671 36
28672 185
28673 21
28674 11
28675 18
28676 13
28677 6
28678 13
28679 19
28680 34
28681 29
28682 14
28683 7
28684 7
28685 7
28686 16
28687 23
28688 5
28689 7
28690 7
28691 6
28692 9
28693 2
28694 1
28695 2
28696 7
28697 16
28698 2
28699 1
28700 16
28701 16
28702 12
28703 14
28704 12
28705 8
28706 6
28707 5
28708 11
28709 4
28710 6
28711 17
28712 7
28713 9
28714 3
28715 3
28716 10
28717 10
28718 7
28719 7
28720 9
28721 9
28722 15
28723 10
28724 12
28725 2
28726 3
28727 4
28728 34
28729 19
28730 36
28731 22
28732 5
28733 7
28734 2
28735 3
28736 9
28737 8
28738 11
28739 4
28740 10
28741 12
28742 6
28743 25
28744 10
28745 2
28746 14
28747 7
28748 1
28749 12
28750 4
28751 14
28752 9
28753 17
28754 6
28755 6
28756 6
28757 20
28758 5
28759 12
28760 8
28761 6
28762 8
28763 9
28764 22
28765 3
28766 4
28767 8
28768 16
28769 6
28770 19
28771 12
28772 15
28773 4
28774 3
28775 6
28776 9
28777 5
28778 4
28779 8
28780 13
28781 5
28782 12
28783 10
28784 10
28785 15
28786 6
28787 7
28788 8
28789 11
28790 6
28791 4
28792 15
28793 19
28794 5
28795 7
28796 5
28797 6
28798 14
28799 25
28800 183
28801 12
28802 9
28803 2
28804 6
28805 7
28806 6
28807 20
28808 6
28809 11
28810 6
28811 4
28812 38
28813 12
28814 18
28815 8
28816 8
28817 14
28818 5
28819 10
28820 9
28821 11
28822 6
28823 8
28824 8
28825 5
28826 12
28827 3
28828 8
28829 9
28830 24
28831 12
28832 11
28833 3
28834 4
28835 1
28836 15
28837 14
28838 6
28839 6
28840 8
28841 11
28842 11
28843 5
28844 4
28845 12
28846 5
28847 8
28848 6
28849 7
28850 8
28851 1
28852 6
28853 9
28854 4
28855 5
28856 7
28857 2
28858 8
28859 17
28860 22
28861 22
28862 5
28863 7
28864 10
28865 7
28866 10
28867 6
28868 5
28869 0
28870 8
28871 12
28872 7
28873 6
28874 7
28875 15
28876 8
28877 12
28878 3
28879 17
28880 16
28881 7
28882 15
28883 11
28884 10
28885 12
28886 5
28887 7
28888 26
28889 9
28890 15
28891 15
28892 7
28893 12
28894 4
28895 3
28896 19
28897 5
28898 12
28899 28
28900 79
28901 42
28902 4
28903 5
28904 6
28905 12
28906 6
28907 3
28908 10
28909 13
28910 14
28911 7
28912 11
28913 3
28914 4
28915 8
28916 4
28917 22
28918 4
28919 3
28920 34
28921 21
28922 9
28923 3
28924 7
28925 19
28926 7
28927 10
28928 19
28929 7
28930 5
28931 3
28932 9
28933 9
28934 5
28935 9
28936 6
28937 2
28938 15
28939 8
28940 4
28941 3
28942 8
28943 8
28944 16
28945 4
28946 0
28947 4
28948 1
28949 13
28950 2
28951 5
28952 11
28953 2
28954 3
28955 1
28956 2
28957 3
28958 6
28959 4
28960 17
28961 12
28962 9
28963 7
28964 7
28965 10
28966 9
28967 3
28968 10
28969 2
28970 4
28971 8
28972 7
28973 8
28974 8
28975 12
28976 3
28977 11
28978 17
28979 22
28980 21
28981 9
28982 12
28983 8
28984 7
28985 18
28986 3
28987 8
28988 5
28989 6
28990 5
28991 7
28992 15
28993 5
28994 6
28995 11
28996 6
28997 7
28998 12
28999 7
29000 13
29001 10
29002 6
29003 12
29004 5
29005 5
29006 7
29007 12
29008 13
29009 18
29010 4
29011 5
29012 11
29013 12
29014 6
29015 4
29016 15
29017 14
29018 5
29019 2
29020 11
29021 24
29022 11
29023 7
29024 5
29025 2
29026 3
29027 5
29028 5
29029 30
29030 1
29031 3
29032 6
29033 17
29034 11
29035 4
29036 3
29037 2
29038 6
29039 6
29040 38
29041 11
29042 7
29043 4
29044 4
29045 1
29046 3
29047 6
29048 5
29049 5
29050 11
29051 6
29052 9
29053 6
29054 5
29055 10
29056 19
29057 5
29058 7
29059 9
29060 6
29061 1
29062 7
29063 7
29064 8
29065 6
29066 6
29067 4
29068 3
29069 12
29070 32
29071 3
29072 3
29073 17
29074 3
29075 2
29076 5
29077 6
29078 6
29079 5
29080 9
29081 8
29082 4
29083 6
29084 18
29085 9
29086 3
29087 7
29088 14
29089 16
29090 4
29091 8
29092 15
29093 35
29094 12
29095 13
29096 8
29097 5
29098 9
29099 7
29100 17
29101 20
29102 3
29103 7
29104 5
29105 1
29106 17
29107 2
29108 8
29109 5
29110 2
29111 6
29112 9
29113 4
29114 9
29115 7
29116 8
29117 4
29118 6
29119 4
29120 70
29121 8
29122 2
29123 10
29124 14
29125 15
29126 9
29127 58
29128 13
29129 18
29130 10
29131 14
29132 7
29133 15
29134 3
29135 11
29136 5
29137 12
29138 4
29139 5
29140 13
29141 2
29142 8
29143 8
29144 9
29145 10
29146 6
29147 8
29148 8
29149 1
29150 5
29151 6
29152 13
29153 16
29154 4
29155 12
29156 6
29157 6
29158 9
29159 12
29160 90
29161 53
29162 13
29163 1
29164 5
29165 6
29166 8
29167 13
29168 6
29169 4
29170 6
29171 6
29172 32
29173 15
29174 7
29175 5
29176 9
29177 10
29178 4
29179 7
29180 10
29181 4
29182 3
29183 19
29184 36
29185 6
29186 22
29187 7
29188 9
29189 4
29190 22
29191 23
29192 5
29193 5
29194 2
29195 3
29196 3
29197 3
29198 5
29199 6
29200 16
29201 11
29202 7
29203 11
29204 5
29205 11
29206 2
29207 17
29208 7
29209 19
29210 4
29211 3
29212 16
29213 8
29214 6
29215 6
29216 11
29217 1
29218 6
29219 9
29220 11
29221 13
29222 6
29223 10
29224 12
29225 8
29226 8
29227 3
29228 10
29229 6
29230 5
29231 10
29232 22
29233 6
29234 4
29235 6
29236 5
29237 4
29238 4
29239 7
29240 20
29241 107
29242 13
29243 16
29244 12
29245 4
29246 5
29247 6
29248 9
29249 5
29250 22
29251 15
29252 8
29253 3
29254 3
29255 9
29256 9
29257 8
29258 3
29259 6
29260 37
29261 9
29262 10
29263 2
29264 7
29265 1
29266 3
29267 7
29268 11
29269 20
29270 4
29271 3
29272 6
29273 4
29274 14
29275 3
29276 4
29277 8
29278 13
29279 7
29280 22
29281 38
29282 45
29283 9
29284 10
29285 3
29286 8
29287 12
29288 7
29289 7
29290 4
29291 10
29292 13
29293 3
29294 5
29295 26
29296 17
29297 13
29298 2
29299 4
29300 4
29301 5
29302 6
29303 15
29304 10
29305 8
29306 4
29307 9
29308 5
29309 7
29310 11
29311 7
29312 8
29313 4
29314 7
29315 18
29316 7
29317 5
29318 6
29319 9
29320 2
29321 3
29322 6
29323 3
29324 4
29325 6
29326 8
29327 12
29328 10
29329 7
29330 12
29331 1
29332 6
29333 13
29334 3
29335 5
29336 7
29337 9
29338 4
29339 28
29340 5
29341 140
29342 6
29343 5
29344 8
29345 4
29346 6
29347 13
29348 7
29349 5
29350 2
29351 13
29352 4
29353 2
29354 5
29355 8
29356 7
29357 4
29358 6
29359 11
29360 10
29361 5
29362 7
29363 12
29364 14
29365 6
29366 9
29367 6
29368 4
29369 7
29370 25
29371 8
29372 10
29373 2
29374 3
29375 21
29376 33
29377 9
29378 5
29379 7
29380 16
29381 5
29382 9
29383 15
29384 11
29385 5
29386 3
29387 8
29388 16
29389 10
29390 1
29391 7
29392 22
29393 44
29394 12
29395 6
29396 5
29397 8
29398 2
29399 24
29400 89
29401 23
29402 5
29403 65
29404 6
29405 4
29406 14
29407 10
29408 10
29409 3
29410 9
29411 14
29412 19
29413 8
29414 12
29415 11
29416 6
29417 5
29418 2
29419 5
29420 3
29421 7
29422 4
29423 3
29424 11
29425 11
29426 4
29427 11
29428 7
29429 15
29430 7
29431 8
29432 8
29433 7
29434 4
29435 11
29436 3
29437 16
29438 3
29439 8
29440 25
29441 8
29442 9
29443 9
29444 8
29445 7
29446 8
29447 8
29448 4
29449 10
29450 11
29451 3
29452 7
29453 10
29454 8
29455 7
29456 11
29457 8
29458 11
29459 2
29460 7
29461 7
29462 1
29463 7
29464 9
29465 7
29466 5
29467 10
29468 3
29469 12
29470 4
29471 5
29472 10
29473 9
29474 4
29475 4
29476 7
29477 8
29478 13
29479 7
29480 8
29481 3
29482 8
29483 10
29484 40
29485 13
29486 4
29487 3
29488 7
29489 12
29490 5
29491 18
29492 8
29493 6
29494 5
29495 5
29496 5
29497 2
29498 4
29499 4
29500 10
29501 12
29502 8
29503 23
29504 13
29505 20
29506 12
29507 3
29508 11
29509 4
29510 5
29511 12
29512 17
29513 8
29514 4
29515 9
29516 4
29517 5
29518 7
29519 5
29520 37
29521 12
29522 8
29523 18
29524 80
29525 57
29526 17
29527 17
29528 6
29529 11
29530 6
29531 16
29532 8
29533 4
29534 5
29535 5
29536 9
29537 17
29538 9
29539 24
29540 13
29541 3
29542 4
29543 6
29544 9
29545 4
29546 5
29547 3
29548 10
29549 2
29550 8
29551 3
29552 7
29553 2
29554 3
29555 2
29556 4
29557 5
29558 8
29559 5
29560 7
29561 8
29562 9
29563 12
29564 3
29565 10
29566 6
29567 18
29568 61
29569 17
29570 6
29571 1
29572 6
29573 11
29574 7
29575 18
29576 4
29577 0
29578 10
29579 8
29580 20
29581 13
29582 5
29583 7
29584 64
29585 12
29586 7
29587 13
29588 12
29589 9
29590 10
29591 5
29592 13
29593 18
29594 6
29595 6
29596 13
29597 9
29598 4
29599 24
29600 12
29601 25
29602 5
29603 5
29604 4
29605 6
29606 2
29607 14
29608 6
29609 4
29610 25
29611 15
29612 4
29613 4
29614 10
29615 3
29616 12
29617 10
29618 12
29619 6
29620 6
29621 3
29622 8
29623 9
29624 10
29625 7
29626 5
29627 4
29628 2
29629 21
29630 2
29631 15
29632 11
29633 9
29634 6
29635 2
29636 5
29637 2
29638 11
29639 4
29640 36
29641 16
29642 2
29643 11
29644 9
29645 14
29646 31
29647 14
29648 7
29649 4
29650 8
29651 5
29652 2
29653 1
29654 6
29655 2
29656 4
29657 2
29658 12
29659 16
29660 10
29661 7
29662 5
29663 13
29664 5
29665 14
29666 9
29667 9
29668 3
29669 19
29670 20
29671 15
29672 4
29673 16
29674 4
29675 3
29676 5
29677 6
29678 8
29679 9
29680 19
29681 37
29682 14
29683 17
29684 4
29685 3
29686 3
29687 7
29688 9
29689 6
29690 4
29691 5
29692 8
29693 9
29694 4
29695 8
29696 32
29697 4
29698 14
29699 13
29700 43
29701 14
29702 2
29703 12
29704 7
29705 3
29706 5
29707 3
29708 9
29709 5
29710 3
29711 10
29712 6
29713 7
29714 6
29715 9
29716 15
29717 14
29718 19
29719 8
29720 4
29721 6
29722 8
29723 17
29724 10
29725 16
29726 4
29727 12
29728 8
29729 7
29730 10
29731 13
29732 3
29733 9
29734 3
29735 5
29736 12
29737 15
29738 4
29739 8
29740 5
29741 11
29742 11
29743 3
29744 11
29745 10
29746 4
29747 10
29748 9
29749 10
29750 20
29751 8
29752 8
29753 10
29754 15
29755 6
29756 17
29757 10
29758 2
29759 29
29760 56
29761 23
29762 9
29763 7
29764 5
29765 8
29766 8
29767 16
29768 18
29769 4
29770 10
29771 2
29772 9
29773 7
29774 4
29775 8
29776 11
29777 6
29778 6
29779 3
29780 2
29781 6
29782 8
29783 7
29784 12
29785 10
29786 9
29787 12
29788 5
29789 18
29790 35
29791 216
29792 60
29793 10
29794 2
29795 7
29796 11
29797 7
29798 4
29799 16
29800 11
29801 3
29802 4
29803 11
29804 7
29805 13
29806 7
29807 3
29808 16
29809 17
29810 14
29811 6
29812 5
29813 9
29814 14
29815 4
29816 8
29817 6
29818 7
29819 18
29820 19
29821 13
29822 7
29823 11
29824 14
29825 4
29826 5
29827 5
29828 3
29829 1
29830 10
29831 2
29832 7
29833 10
29834 4
29835 20
29836 7
29837 15
29838 2
29839 8
29840 6
29841 8
29842 8
29843 13
29844 6
29845 5
29846 2
29847 12
29848 7
29849 15
29850 2
29851 6
29852 6
29853 11
29854 9
29855 9
29856 8
29857 7
29858 3
29859 5
29860 11
29861 10
29862 10
29863 18
29864 14
29865 10
29866 8
29867 13
29868 6
29869 7
29870 3
29871 5
29872 2
29873 11
29874 8
29875 3
29876 10
29877 13
29878 2
29879 16
29880 15
29881 22
29882 5
29883 4
29884 10
29885 2
29886 7
29887 4
29888 19
29889 26
29890 12
29891 22
29892 12
29893 12
29894 1
29895 1
29896 4
29897 12
29898 9
29899 3
29900 10
29901 6
29902 11
29903 6
29904 8
29905 5
29906 4
29907 5
29908 7
29909 5
29910 7
29911 4
29912 7
29913 2
29914 6
29915 7
29916 6
29917 17
29918 3
29919 6
29920 21
29921 21
29922 16
29923 3
29924 3
29925 24
29926 10
29927 34
29928 12
29929 127
29930 18
29931 6
29932 8
29933 7
29934 3
29935 6
29936 2
29937 6
29938 4
29939 14
29940 8
29941 11
29942 3
29943 5
29944 5
29945 7
29946 7
29947 23
29948 3
29949 3
29950 3
29951 11
29952 49
29953 25
29954 5
29955 8
29956 5
29957 7
29958 5
29959 20
29960 14
29961 13
29962 0
29963 1
29964 9
29965 5
29966 5
29967 7
29968 4
29969 5
29970 24
29971 9
29972 3
29973 2
29974 4
29975 10
29976 13
29977 9
29978 2
29979 6
29980 8
29981 7
29982 6
29983 9
29984 5
29985 5
29986 4
29987 10
29988 35
29989 25
29990 6
29991 7
29992 16
29993 4
29994 6
29995 8
29996 4
29997 15
29998 9
29999 22
30000 171
30001 23
30002 6
30003 22
30004 9
30005 9
30006 14
30007 9
30008 13
30009 7
30010 15
30011 32
30012 12
30013 36
30014 7
30015 13
30016 20
30017 9
30018 8
30019 1
30020 10
30021 6
30022 4
30023 3
30024 23
30025 15
30026 6
30027 1
30028 8
30029 40
30030 564
30031 35
30032 23
30033 13
30034 12
30035 12
30036 12
30037 24
30038 15
30039 24
30040 10
30041 12
30042 6
30043 16
30044 10
30045 13
30046 9
30047 23
30048 12
30049 9
30050 7
30051 5
30052 3
30053 5
30054 4
30055 8
30056 12
30057 8
30058 2
30059 22
30060 15
30061 9
30062 15
30063 9
30064 5
30065 4
30066 8
30067 13
30068 12
30069 8
30070 13
30071 26
30072 14
30073 11
30074 7
30075 12
30076 9
30077 2
30078 3
30079 8
30080 18
30081 10
30082 1
30083 5
30084 2
30085 9
30086 11
30087 2
30088 3
30089 23
30090 14
30091 29
30092 12
30093 9
30094 7
30095 6
30096 22
30097 20
30098 10
30099 2
30100 20
30101 10
30102 16
30103 99
30104 7
30105 10
30106 2
30107 14
30108 12
30109 6
30110 6
30111 3
30112 5
30113 25
30114 10
30115 7
30116 7
30117 1
30118 6
30119 9
30120 18
30121 29
30122 16
30123 4
30124 3
30125 6
30126 5
30127 6
30128 5
30129 4
30130 9
30131 0
30132 10
30133 23
30134 5
30135 22
30136 3
30137 17
30138 4
30139 7
30140 10
30141 3
30142 10
30143 4
30144 7
30145 13
30146 0
30147 6
30148 5
30149 3
30150 5
30151 6
30152 6
30153 4
30154 4
30155 4
30156 6
30157 10
30158 1
30159 6
30160 19
30161 11
30162 7
30163 4
30164 4
30165 5
30166 5
30167 9
30168 12
30169 17
30170 10
30171 5
30172 3
30173 7
30174 3
30175 3
30176 5
30177 6
30178 4
30179 5
30180 7
30181 13
30182 17
30183 5
30184 15
30185 3
30186 9
30187 8
30188 6
30189 4
30190 3
30191 8
30192 15
30193 0
30194 4
30195 6
30196 3
30197 19
30198 8
30199 7
30200 11
30201 4
30202 5
30203 49
30204 8
30205 17
30206 10
30207 12
30208 13
30209 2
30210 11
30211 12
30212 9
30213 9
30214 7
30215 3
30216 7
30217 11
30218 9
30219 5
30220 8
30221 3
30222 7
30223 11
30224 5
30225 14
30226 2
30227 12
30228 8
30229 13
30230 6
30231 4
30232 14
30233 10
30234 6
30235 8
30236 5
30237 2
30238 7
30239 20
30240 712
30241 53
30242 12
30243 11
30244 3
30245 6
30246 18
30247 16
30248 26
30249 10
30250 21
30251 6
30252 10
30253 18
30254 18
30255 6
30256 19
30257 6
30258 11
30259 22
30260 13
30261 11
30262 2
30263 8
30264 5
30265 6
30266 6
30267 10
30268 8
30269 14
30270 12
30271 16
30272 16
30273 8
30274 6
30275 15
30276 83
30277 13
30278 5
30279 11
30280 16
30281 6
30282 14
30283 7
30284 5
30285 4
30286 3
30287 9
30288 11
30289 7
30290 4
30291 6
30292 8
30293 11
30294 14
30295 11
30296 7
30297 4
30298 4
30299 3
30300 30
30301 8
30302 10
30303 39
30304 17
30305 20
30306 2
30307 25
30308 5
30309 10
30310 8
30311 7
30312 10
30313 18
30314 2
30315 12
30316 10
30317 3
30318 6
30319 27
30320 7
30321 2
30322 1
30323 23
30324 16
30325 11
30326 2
30327 3
30328 0
30329 4
30330 10
30331 5
30332 8
30333 10
30334 6
30335 6
30336 12
30337 6
30338 4
30339 8
30340 14
30341 5
30342 7
30343 8
30344 13
30345 17
30346 5
30347 7
30348 19
30349 14
30350 7
30351 10
30352 16
30353 6
30354 7
30355 7
30356 10
30357 3
30358 4
30359 9
30360 43
30361 10
30362 9
30363 10
30364 3
30365 7
30366 12
30367 14
30368 12
30369 9
30370 9
30371 9
30372 20
30373 3
30374 5
30375 97
30376 4
30377 9
30378 8
30379 11
30380 18
30381 27
30382 4
30383 11
30384 12
30385 1
30386 1
30387 8
30388 1
30389 13
30390 11
30391 10
30392 4
30393 3
30394 6
30395 4
30396 7
30397 7
30398 9
30399 6
30400 15
30401 12
30402 6
30403 36
30404 13
30405 6
30406 5
30407 4
30408 8
30409 4
30410 9
30411 4
30412 6
30413 6
30414 4
30415 9
30416 2
30417 2
30418 8
30419 3
30420 31
30421 9
30422 8
30423 4
30424 7
30425 3
30426 3
30427 11
30428 3
30429 19
30430 7
30431 14
30432 8
30433 10
30434 3
30435 4
30436 5
30437 3
30438 4
30439 7
30440 9
30441 6
30442 5
30443 3
30444 7
30445 6
30446 4
30447 1
30448 3
30449 16
30450 20
30451 13
30452 13
30453 7
30454 4
30455 4
30456 12
30457 14
30458 4
30459 12
30460 10
30461 12
30462 7
30463 6
30464 21
30465 5
30466 0
30467 10
30468 10
30469 4
30470 7
30471 10
30472 6
30473 0
30474 7
30475 12
30476 2
30477 2
30478 9
30479 4
30480 16
30481 9
30482 8
30483 6
30484 6
30485 7
30486 7
30487 5
30488 8
30489 5
30490 8
30491 14
30492 41
30493 22
30494 5
30495 4
30496 6
30497 17
30498 4
30499 8
30500 13
30501 8
30502 9
30503 18
30504 12
30505 8
30506 7
30507 5
30508 4
30509 14
30510 8
30511 3
30512 4
30513 4
30514 7
30515 1
30516 2
30517 17
30518 2
30519 2
30520 6
30521 7
30522 3
30523 6
30524 5
30525 9
30526 10
30527 5
30528 27
30529 18
30530 3
30531 2
30532 6
30533 5
30534 1
30535 18
30536 12
30537 18
30538 4
30539 8
30540 2
30541 0
30542 4
30543 4
30544 10
30545 9
30546 3
30547 3
30548 11
30549 7
30550 6
30551 5
30552 14
30553 18
30554 3
30555 16
30556 3
30557 9
30558 10
30559 16
30560 6
30561 10
30562 4
30563 1
30564 7
30565 5
30566 6
30567 2
30568 1
30569 9
30570 3
30571 6
30572 6
30573 7
30574 7
30575 4
30576 29
30577 15
30578 4
30579 9
30580 11
30581 9
30582 6
30583 27
30584 6
30585 7
30586 5
30587 1
30588 6
30589 13
30590 15
30591 6
30592 26
30593 41
30594 8
30595 5
30596 2
30597 9
30598 8
30599 11
30600 45
30601 7
30602 7
30603 19
30604 6
30605 9
30606 2
30607 7
30608 11
30609 5
30610 2
30611 5
30612 6
30613 16
30614 7
30615 5
30616 10
30617 7
30618 54
30619 9
30620 11
30621 10
30622 8
30623 5
30624 25
30625 90
30626 5
30627 7
30628 16
30629 13
30630 11
30631 24
30632 8
30633 5
30634 10
30635 9
30636 14
30637 27
30638 5
30639 3
30640 6
30641 3
30642 3
30643 12
30644 8
30645 9
30646 5
30647 5
30648 5
30649 7
30650 6
30651 4
30652 3
30653 7
30654 5
30655 5
30656 14
30657 6
30658 2
30659 9
30660 23
30661 13
30662 8
30663 3
30664 2
30665 8
30666 13
30667 9
30668 6
30669 7
30670 4
30671 10
30672 8
30673 12
30674 3
30675 4
30676 5
30677 17
30678 4
30679 1
30680 2
30681 14
30682 6
30683 6
30684 4
30685 10
30686 1
30687 3
30688 11
30689 15
30690 16
30691 17
30692 7
30693 11
30694 12
30695 9
30696 8
30697 12
30698 7
30699 4
30700 5
30701 15
30702 18
30703 59
30704 5
30705 12
30706 7
30707 18
30708 6
30709 10
30710 8
30711 3
30712 5
30713 16
30714 1
30715 8
30716 3
30717 9
30718 8
30719 21
30720 159
30721 27
30722 10
30723 10
30724 12
30725 4
30726 4
30727 19
30728 10
30729 5
30730 8
30731 3
30732 6
30733 5
30734 6
30735 8
30736 13
30737 4
30738 9
30739 4
30740 4
30741 2
30742 7
30743 8
30744 37
30745 20
30746 5
30747 3
30748 9
30749 3
30750 12
30751 17
30752 80
30753 11
30754 6
30755 6
30756 18
30757 26
30758 63
30759 6
30760 11
30761 3
30762 4
30763 13
30764 3
30765 5
30766 11
30767 3
30768 12
30769 6
30770 7
30771 8
30772 11
30773 15
30774 6
30775 8
30776 2
30777 7
30778 3
30779 6
30780 16
30781 12
30782 8
30783 17
30784 21
30785 5
30786 5
30787 3
30788 7
30789 13
30790 3
30791 9
30792 4
30793 9
30794 6
30795 5
30796 5
30797 5
30798 5
30799 7
30800 37
30801 10
30802 20
30803 54
30804 10
30805 5
30806 3
30807 6
30808 12
30809 21
30810 11
30811 10
30812 5
30813 5
30814 9
30815 4
30816 14
30817 13
30818 16
30819 4
30820 3
30821 3
30822 8
30823 6
30824 9
30825 9
30826 10
30827 9
30828 13
30829 3
30830 7
30831 5
30832 5
30833 5
30834 4
30835 6
30836 2
30837 8
30838 5
30839 13
30840 19
30841 14
30842 9
30843 3
30844 4
30845 3
30846 12
30847 9
30848 35
30849 7
30850 3
30851 14
30852 6
30853 10
30854 3
30855 8
30856 18
30857 14
30858 5
30859 15
30860 3
30861 6
30862 4
30863 4
30864 9
30865 8
30866 7
30867 5
30868 2
30869 18
30870 39
30871 13
30872 4
30873 5
30874 8
30875 6
30876 33
30877 4
30878 0
30879 2
30880 7
30881 12
30882 10
30883 7
30884 6
30885 7
30886 4
30887 6
30888 35
30889 50
30890 8
30891 11
30892 4
30893 8
30894 11
30895 5
30896 9
30897 10
30898 7
30899 8
30900 10
30901 4
30902 8
30903 14
30904 14
30905 6
30906 8
30907 0
30908 5
30909 6
30910 7
30911 10
30912 31
30913 10
30914 7
30915 3
30916 4
30917 5
30918 8
30919 5
30920 8
30921 8
30922 6
30923 8
30924 7
30925 5
30926 7
30927 11
30928 7
30929 6
30930 8
30931 8
30932 6
30933 2
30934 1
30935 3
30936 4
30937 7
30938 7
30939 8
30940 32
30941 61
30942 8
30943 11
30944 5
30945 6
30946 8
30947 5
30948 7
30949 19
30950 2
30951 8
30952 14
30953 4
30954 11
30955 10
30956 8
30957 11
30958 3
30959 6
30960 35
30961 8
30962 7
30963 9
30964 4
30965 5
30966 13
30967 16
30968 6
30969 9
30970 3
30971 16
30972 7
30973 15
30974 6
30975 11
30976 132
30977 36
30978 7
30979 4
30980 7
30981 6
30982 5
30983 7
30984 10
30985 3
30986 4
30987 4
30988 11
30989 5
30990 3
30991 6
30992 13
30993 4
30994 12
30995 6
30996 23
30997 13
30998 8
30999 3
31000 28
31001 14
31002 13
31003 12
31004 6
31005 11
31006 4
31007 13
31008 39
31009 5
31010 13
31011 10
31012 5
31013 54
31014 2
31015 3
31016 2
31017 1
31018 3
31019 6
31020 14
31021 21
31022 12
31023 7
31024 10
31025 18
31026 4
31027 3
31028 3
31029 2
31030 10
31031 46
31032 19
31033 20
31034 8
31035 2
31036 3
31037 3
31038 5
31039 12
31040 10
31041 6
31042 9
31043 6
31044 6
31045 6
31046 8
31047 5
31048 9
31049 4
31050 16
31051 20
31052 6
31053 2
31054 8
31055 3
31056 8
31057 7
31058 6
31059 6
31060 8
31061 7
31062 10
31063 14
31064 14
31065 8
31066 8
31067 5
31068 8
31069 9
31070 7
31071 3
31072 9
31073 7
31074 7
31075 2
31076 4
31077 2
31078 7
31079 22
31080 31
31081 22
31082 4
31083 10
31084 3
31085 8
31086 4
31087 9
31088 10
31089 3
31090 6
31091 6
31092 14
31093 5
31094 4
31095 10
31096 6
31097 10
31098 7
31099 6
31100 8
31101 4
31102 7
31103 14
31104 203
31105 7
31106 12
31107 8
31108 6
31109 9
31110 16
31111 41
31112 16
31113 33
31114 5
31115 7
31116 6
31117 9
31118 2
31119 5
31120 12
31121 20
31122 20
31123 23
31124 13
31125 18
31126 6
31127 5
31128 14
31129 4
31130 10
31131 26
31132 4
31133 14
31134 7
31135 5
31136 5
31137 8
31138 7
31139 14
31140 8
31141 6
31142 5
31143 11
31144 7
31145 6
31146 11
31147 13
31148 7
31149 8
31150 7
31151 19
31152 19
31153 19
31154 1
31155 4
31156 7
31157 4
31158 7
31159 7
31160 9
31161 11
31162 2
31163 2
31164 3
31165 11
31166 3
31167 8
31168 26
31169 10
31170 3
31171 12
31172 5
31173 13
31174 5
31175 6
31176 13
31177 19
31178 7
31179 5
31180 16
31181 23
31182 6
31183 9
31184 8
31185 99
31186 10
31187 3
31188 6
31189 9
31190 3
31191 7
31192 10
31193 31
31194 5
31195 6
31196 4
31197 10
31198 3
31199 7
31200 49
31201 18
31202 6
31203 9
31204 11
31205 10
31206 9
31207 9
31208 5
31209 6
31210 6
31211 11
31212 49
31213 38
31214 4
31215 4
31216 7
31217 5
31218 4
31219 8
31220 10
31221 12
31222 6
31223 11
31224 13
31225 11
31226 14
31227 7
31228 7
31229 5
31230 4
31231 25
31232 22
31233 5
31234 3
31235 5
31236 13
31237 11
31238 12
31239 8
31240 34
31241 16
31242 13
31243 8
31244 5
31245 6
31246 5
31247 28
31248 32
31249 54
31250 118
31251 16
31252 6
31253 18
31254 12
31255 12
31256 3
31257 3
31258 6
31259 11
31260 11
31261 14
31262 7
31263 4
31264 8
31265 12
31266 8
31267 6
31268 2
31269 9
31270 2
31271 17
31272 6
31273 4
31274 5
31275 9
31276 12
31277 7
31278 9
31279 8
31280 10
31281 4
31282 3
31283 6
31284 15
31285 5
31286 2
31287 4
31288 5
31289 4
31290 6
31291 4
31292 3
31293 4
31294 6
31295 6
31296 19
31297 10
31298 6
31299 1
31300 12
31301 9
31302 5
31303 4
31304 13
31305 6
31306 10
31307 32
31308 2
31309 4
31310 3
31311 24
31312 15
31313 28
31314 8
31315 7
31316 6
31317 7
31318 4
31319 21
31320 22
31321 20
31322 4
31323 3
31324 5
31325 8
31326 10
31327 21
31328 17
31329 63
31330 14
31331 14
31332 3
31333 33
31334 6
31335 4
31336 6
31337 15
31338 8
31339 13
31340 8
31341 2
31342 2
31343 6
31344 6
31345 6
31346 6
31347 9
31348 7
31349 8
31350 18
31351 6
31352 4
31353 3
31354 6
31355 6
31356 8
31357 11
31358 2
31359 2
31360 37
31361 10
31362 5
31363 1
31364 0
31365 6
31366 5
31367 4
31368 5
31369 9
31370 4
31371 3
31372 4
31373 12
31374 13
31375 22
31376 10
31377 2
31378 3
31379 23
31380 11
31381 4
31382 7
31383 3
31384 1
31385 6
31386 9
31387 19
31388 9
31389 1
31390 6
31391 28
31392 8
31393 19
31394 4
31395 40
31396 7
31397 97
31398 18
31399 7
31400 11
31401 4
31402 7
31403 5
31404 7
31405 4
31406 4
31407 3
31408 1
31409 10
31410 7
31411 7
31412 10
31413 9
31414 3
31415 9
31416 41
31417 43
31418 4
31419 11
31420 9
31421 13
31422 16
31423 9
31424 13
31425 11
31426 13
31427 9
31428 21
31429 16
31430 16
31431 10
31432 11
31433 19
31434 5
31435 4
31436 6
31437 5
31438 3
31439 10
31440 16
31441 7
31442 3
31443 5
31444 5
31445 4
31446 6
31447 4
31448 4
31449 8
31450 14
31451 16
31452 7
31453 4
31454 5
31455 7
31456 17
31457 10
31458 5
31459 9
31460 11
31461 11
31462 4
31463 7
31464 12
31465 51
31466 11
31467 5
31468 9
31469 46
31470 2
31471 7
31472 6
31473 3
31474 9
31475 2
31476 3
31477 18
31478 4
31479 0
31480 3
31481 9
31482 4
31483 7
31484 11
31485 11
31486 8
31487 11
31488 19
31489 24
31490 5
31491 2
31492 4
31493 17
31494 4
31495 8
31496 7
31497 8
31498 7
31499 7
31500 71
31501 20
31502 6
31503 3
31504 16
31505 4
31506 12
31507 5
31508 3
31509 6
31510 3
31511 11
31512 15
31513 49
31514 6
31515 12
31516 4
31517 12
31518 4
31519 11
31520 31
31521 11
31522 3
31523 1
31524 12
31525 15
31526 8
31527 8
31528 11
31529 20
31530 6
31531 11
31532 6
31533 3
31534 0
31535 20
31536 11
31537 5
31538 3
31539 6
31540 4
31541 18
31542 9
31543 6
31544 11
31545 24
31546 4
31547 6
31548 5
31549 4
31550 9
31551 2
31552 29
31553 10
31554 3
31555 6
31556 3
31557 3
31558 3
31559 6
31560 11
31561 7
31562 0
31563 13
31564 11
31565 2
31566 0
31567 5
31568 5
31569 9
31570 7
31571 13
31572 38
31573 13
31574 9
31575 2
31576 9
31577 4
31578 4
31579 4
31580 8
31581 8
31582 5
31583 14
31584 12
31585 2
31586 4
31587 5
31588 3
31589 8
31590 9
31591 13
31592 3
31593 4
31594 9
31595 12
31596 5
31597 3
31598 1
31599 12
31600 11
31601 13
31602 10
31603 15
31604 2
31605 14
31606 12
31607 15
31608 9
31609 30
31610 3
31611 3
31612 4
31613 15
31614 6
31615 8
31616 45
31617 3
31618 5
31619 4
31620 17
31621 62
31622 15
31623 17
31624 7
31625 13
31626 16
31627 14
31628 1
31629 4
31630 8
31631 10
31632 12
31633 4
31634 5
31635 6
31636 4
31637 7
31638 6
31639 7
31640 10
31641 9
31642 2
31643 9
31644 7
31645 2
31646 2
31647 9
31648 19
31649 8
31650 4
31651 14
31652 8
31653 6
31654 12
31655 5
31656 2
31657 8
31658 5
31659 7
31660 5
31661 6
31662 4
31663 13
31664 5
31665 8
31666 5
31667 8
31668 23
31669 13
31670 3
31671 11
31672 17
31673 5
31674 8
31675 7
31676 2
31677 4
31678 9
31679 10
31680 57
31681 7
31682 7
31683 9
31684 42
31685 5
31686 5
31687 10
31688 10
31689 6
31690 6
31691 4
31692 3
31693 1
31694 6
31695 6
31696 4
31697 13
31698 1
31699 13
31700 8
31701 5
31702 5
31703 8
31704 5
31705 6
31706 10
31707 9
31708 3
31709 7
31710 24
31711 15
31712 14
31713 21
31714 2
31715 4
31716 6
31717 0
31718 6
31719 5
31720 9
31721 11
31722 4
31723 10
31724 12
31725 9
31726 3
31727 13
31728 9
31729 11
31730 6
31731 4
31732 9
31733 4
31734 12
31735 14
31736 3
31737 8
31738 2
31739 10
31740 11
31741 20
31742 5
31743 10
31744 78
31745 11
31746 12
31747 3
31748 3
31749 3
31750 2
31751 15
31752 75
31753 18
31754 5
31755 3
31756 9
31757 1
31758 7
31759 3
31760 9
31761 1
31762 3
31763 4
31764 5
31765 4
31766 5
31767 7
31768 9
31769 14
31770 8
31771 15
31772 12
31773 1
31774 11
31775 20
31776 12
31777 5
31778 4
31779 8
31780 9
31781 13
31782 5
31783 6
31784 1
31785 7
31786 2
31787 3
31788 4
31789 6
31790 5
31791 11
31792 2
31793 10
31794 5
31795 8
31796 2
31797 3
31798 8
31799 9
31800 16
31801 10
31802 12
31803 6
31804 6
31805 7
31806 8
31807 4
31808 17
31809 6
31810 3
31811 5
31812 8
31813 5
31814 2
31815 15
31816 4
31817 10
31818 4
31819 2
31820 8
31821 4
31822 12
31823 12
31824 107
31825 9
31826 7
31827 10
31828 4
31829 2
31830 5
31831 6
31832 12
31833 7
31834 2
31835 9
31836 10
31837 10
31838 8
31839 7
31840 4
31841 7
31842 5
31843 5
31844 7
31845 5
31846 4
31847 10
31848 12
31849 10
31850 15
31851 15
31852 2
31853 6
31854 2
31855 7
31856 14
31857 8
31858 4
31859 11
31860 11
31861 12
31862 14
31863 9
31864 6
31865 8
31866 5
31867 14
31868 7
31869 6
31870 7
31871 11
31872 15
31873 13
31874 5
31875 9
31876 10
31877 9
31878 37
31879 11
31880 11
31881 9
31882 4
31883 11
31884 5
31885 8
31886 3
31887 4
31888 8
31889 6
31890 3
31891 15
31892 9
31893 3
31894 7
31895 8
31896 6
31897 8
31898 9
31899 15
31900 12
31901 11
31902 6
31903 6
31904 5
31905 4
31906 5
31907 24
31908 6
31909 7
31910 3
31911 11
31912 4
31913 13
31914 7
31915 5
31916 4
31917 5
31918 2
31919 6
31920 51
31921 5
31922 6
31923 6
31924 8
31925 8
31926 5
31927 4
31928 9
31929 11
31930 7
31931 8
31932 14
31933 1
31934 3
31935 5
31936 13
31937 10
31938 3
31939 4
31940 18
31941 8
31942 9
31943 8
31944 24
31945 6
31946 3
31947 3
31948 5
31949 8
31950 5
31951 9
31952 9
31953 3
31954 9
31955 0
31956 14
31957 21
31958 2
31959 6
31960 19
31961 13
31962 4
31963 8
31964 2
31965 7
31966 7
31967 4
31968 30
31969 5
31970 8
31971 10
31972 6
31973 11
31974 12
31975 3
31976 6
31977 28
31978 1
31979 8
31980 20
31981 6
31982 5
31983 3
31984 10
31985 8
31986 2
31987 5
31988 5
31989 5
31990 7
31991 11
31992 10
31993 4
31994 3
31995 10
31996 8
31997 4
31998 4
31999 20
32000 110
32001 9
32002 7
32003 18
32004 14
32005 7
32006 8
32007 1
32008 6
32009 23
32010 10
32011 7
32012 4
32013 8
32014 3
32015 4
32016 9
32017 3
32018 3
32019 3
32020 11
32021 12
32022 4
32023 11
32024 8
32025 5
32026 3
32027 18
32028 10
32029 14
32030 5
32031 2
32032 44
32033 5
32034 11
32035 10
32036 5
32037 5
32038 9
32039 20
32040 35
32041 99
32042 11
32043 19
32044 3
32045 35
32046 8
32047 10
32048 6
32049 2
32050 6
32051 15
32052 3
32053 6
32054 10
32055 3
32056 8
32057 23
32058 11
32059 21
32060 14
32061 4
32062 6
32063 9
32064 9
32065 14
32066 11
32067 5
32068 4
32069 14
32070 15
32071 10
32072 4
32073 6
32074 5
32075 5
32076 23
32077 20
32078 3
32079 10
32080 6
32081 8
32082 2
32083 16
32084 9
32085 20
32086 11
32087 5
32088 13
32089 19
32090 2
32091 3
32092 6
32093 6
32094 8
32095 10
32096 11
32097 8
32098 2
32099 7
32100 10
32101 3
32102 11
32103 11
32104 14
32105 2
32106 8
32107 4
32108 9
32109 7
32110 7
32111 13
32112 10
32113 9
32114 8
32115 6
32116 8
32117 16
32118 9
32119 14
32120 17
32121 5
32122 9
32123 23
32124 10
32125 6
32126 7
32127 6
32128 35
32129 11
32130 44
32131 40
32132 9
32133 7
32134 9
32135 1
32136 9
32137 4
32138 4
32139 6
32140 4
32141 16
32142 2
32143 14
32144 6
32145 7
32146 11
32147 4
32148 7
32149 7
32150 8
32151 7
32152 17
32153 8
32154 9
32155 8
32156 5
32157 5
32158 9
32159 4
32160 13
32161 5
32162 2
32163 4
32164 14
32165 1
32166 10
32167 5
32168 9
32169 2
32170 2
32171 3
32172 8
32173 13
32174 5
32175 25
32176 15
32177 4
32178 6
32179 7
32180 3
32181 4
32182 2
32183 12
32184 5
32185 5
32186 9
32187 6
32188 15
32189 14
32190 9
32191 13
32192 20
32193 20
32194 6
32195 3
32196 3
32197 12
32198 5
32199 4
32200 12
32201 8
32202 6
32203 10
32204 7
32205 10
32206 12
32207 7
32208 21
32209 8
32210 8
32211 8
32212 3
32213 19
32214 10
32215 7
32216 7
32217 5
32218 9
32219 9
32220 12
32221 16
32222 17
32223 24
32224 9
32225 5
32226 5
32227 7
32228 6
32229 11
32230 8
32231 5
32232 11
32233 52
32234 5
32235 6
32236 8
32237 23
32238 7
32239 6
32240 7
32241 4
32242 6
32243 2
32244 6
32245 4
32246 4
32247 4
32248 5
32249 6
32250 5
32251 10
32252 3
32253 14
32254 9
32255 18
32256 132
32257 66
32258 11
32259 12
32260 5
32261 22
32262 6
32263 9
32264 3
32265 1
32266 1
32267 5
32268 5
32269 4
32270 5
32271 8
32272 8
32273 5
32274 6
32275 6
32276 7
32277 2
32278 6
32279 9
32280 9
32281 11
32282 5
32283 2
32284 7
32285 7
32286 10
32287 8
32288 15
32289 7
32290 7
32291 5
32292 13
32293 6
32294 3
32295 2
32296 10
32297 32
32298 9
32299 17
32300 12
32301 8
32302 5
32303 23
32304 7
32305 11
32306 3
32307 9
32308 6
32309 9
32310 3
32311 11
32312 9
32313 11
32314 4
32315 5
32316 2
32317 5
32318 20
32319 24
32320 15
32321 22
32322 9
32323 108
32324 5
32325 5
32326 7
32327 10
32328 8
32329 3
32330 12
32331 4
32332 8
32333 8
32334 9
32335 8
32336 10
32337 5
32338 7
32339 4
32340 49
32341 28
32342 8
32343 6
32344 10
32345 9
32346 7
32347 11
32348 3
32349 7
32350 7
32351 4
32352 13
32353 32
32354 3
32355 8
32356 6
32357 3
32358 11
32359 20
32360 11
32361 17
32362 5
32363 16
32364 9
32365 7
32366 7
32367 6
32368 14
32369 12
32370 16
32371 12
32372 10
32373 5
32374 8
32375 4
32376 15
32377 25
32378 1
32379 6
32380 11
32381 14
32382 14
32383 9
32384 30
32385 35
32386 6
32387 3
32388 10
32389 4
32390 8
32391 5
32392 3
32393 9
32394 8
32395 14
32396 12
32397 9
32398 12
32399 34
32400 263
32401 58
32402 7
32403 8
32404 7
32405 4
32406 8
32407 10
32408 2
32409 4
32410 10
32411 23
32412 13
32413 14
32414 8
32415 8
32416 5
32417 3
32418 13
32419 8
32420 10
32421 2
32422 7
32423 31
32424 23
32425 9
32426 11
32427 3
32428 8
32429 15
32430 20
32431 12
32432 5
32433 3
32434 1
32435 5
32436 8
32437 4
32438 2
32439 9
32440 11
32441 11
32442 8
32443 10
32444 1
32445 41
32446 5
32447 7
32448 19
32449 6
32450 4
32451 2
32452 3
32453 5
32454 2
32455 2
32456 12
32457 7
32458 4
32459 6
32460 11
32461 11
32462 5
32463 7
32464 7
32465 2
32466 7
32467 18
32468 10
32469 7
32470 5
32471 12
32472 13
32473 2
32474 3
32475 4
32476 5
32477 8
32478 5
32479 11
32480 13
32481 11
32482 7
32483 6
32484 8
32485 9
32486 6
32487 10
32488 11
32489 4
32490 17
32491 20
32492 0
32493 6
32494 5
32495 7
32496 11
32497 11
32498 2
32499 6
32500 29
32501 6
32502 7
32503 6
32504 10
32505 8
32506 4
32507 21
32508 7
32509 28
32510 9
32511 8
32512 56
32513 21
32514 12
32515 10
32516 6
32517 4
32518 4
32519 5
32520 11
32521 9
32522 6
32523 15
32524 12
32525 14
32526 9
32527 2
32528 7
32529 8
32530 4
32531 15
32532 4
32533 10
32534 4
32535 4
32536 8
32537 14
32538 6
32539 4
32540 9
32541 9
32542 2
32543 7
32544 11
32545 5
32546 5
32547 12
32548 8
32549 7
32550 28
32551 15
32552 9
32553 10
32554 13
32555 3
32556 13
32557 2
32558 5
32559 3
32560 12
32561 20
32562 8
32563 10
32564 9
32565 3
32566 9
32567 2
32568 13
32569 11
32570 3
32571 6
32572 6
32573 8
32574 3
32575 9
32576 14
32577 6
32578 11
32579 21
32580 25
32581 21
32582 5
32583 5
32584 3
32585 7
32586 9
32587 17
32588 8
32589 12
32590 10
32591 5
32592 15
32593 11
32594 2
32595 6
32596 8
32597 9
32598 3
32599 7
32600 11
32601 4
32602 4
32603 12
32604 21
32605 9
32606 5
32607 5
32608 12
32609 9
32610 3
32611 20
32612 7
32613 6
32614 4
32615 8
32616 2
32617 2
32618 3
32619 5
32620 7
32621 14
32622 3
32623 11
32624 8
32625 10
32626 6
32627 10
32628 7
32629 3
32630 3
32631 9
32632 9
32633 18
32634 7
32635 8
32636 15
32637 14
32638 3
32639 31
32640 186
32641 18
32642 7
32643 8
32644 4
32645 3
32646 6
32647 14
32648 9
32649 4
32650 9
32651 4
32652 7
32653 16
32654 4
32655 7
32656 13
32657 9
32658 6
32659 5
32660 4
32661 9
32662 5
32663 10
32664 6
32665 6
32666 6
32667 5
32668 5
32669 7
32670 35
32671 10
32672 13
32673 10
32674 9
32675 10
32676 8
32677 10
32678 4
32679 4
32680 4
32681 4
32682 12
32683 7
32684 6
32685 9
32686 7
32687 16
32688 8
32689 19
32690 4
32691 6
32692 15
32693 5
32694 6
32695 2
32696 9
32697 8
32698 1
32699 3
32700 5
32701 4
32702 2
32703 13
32704 28
32705 7
32706 7
32707 12
32708 13
32709 3
32710 8
32711 13
32712 12
32713 9
32714 12
32715 10
32716 7
32717 15
32718 11
32719 15
32720 9
32721 8
32722 7
32723 8
32724 9
32725 19
32726 5
32727 6
32728 11
32729 0
32730 14
32731 5
32732 8
32733 8
32734 4
32735 8
32736 64
32737 10
32738 16
32739 14
32740 8
32741 9
32742 9
32743 9
32744 7
32745 10
32746 9
32747 10
32748 4
32749 30
32750 6
32751 10
32752 29
32753 17
32754 21
32755 8
32756 3
32757 8
32758 11
32759 26
32760 336
32761 156
32762 20
32763 22
32764 52
32765 51
32766 72
32767 400
32768 1733
32769 188
32770 42
32771 97
32772 24
32773 23
32774 10
32775 29
32776 41
32777 27
32778 19
32779 25
32780 8
32781 13
32782 12
32783 27
32784 22
32785 15
32786 12
32787 9
32788 10
32789 17
32790 7
32791 12
32792 9
32793 11
32794 4
32795 4
32796 6
32797 25
32798 12
32799 16
32800 47
32801 44
32802 21
32803 28
32804 22
32805 95
32806 9
32807 6
32808 15
32809 8
32810 14
32811 7
32812 9
32813 6
32814 11
32815 5
32816 12
32817 9
32818 3
32819 3
32820 10
32821 7
32822 6
32823 11
32824 9
32825 11
32826 10
32827 8
32828 8
32829 3
32830 10
32831 22
32832 62
32833 42
32834 11
32835 12
32836 9
32837 5
32838 8
32839 12
32840 9
32841 12
32842 10
32843 16
32844 12
32845 1
32846 7
32847 9
32848 12
32849 5
32850 12
32851 10
32852 2
32853 9
32854 0
32855 6
32856 13
32857 9
32858 11
32859 7
32860 10
32861 9
32862 2
32863 1
32864 15
32865 19
32866 5
32867 2
32868 5
32869 17
32870 11
32871 3
32872 3
32873 5
32874 4
32875 2
32876 6
32877 7
32878 9
32879 4
32880 18
32881 5
32882 7
32883 7
32884 4
32885 1
32886 17
32887 14
32888 5
32889 6
32890 37
32891 8
32892 2
32893 6
32894 9
32895 20
32896 144
32897 16
32898 10
32899 11
32900 7
32901 2
32902 6
32903 8
32904 7
32905 7
32906 14
32907 22
32908 10
32909 10
32910 5
32911 17
32912 12
32913 11
32914 1
32915 2
32916 4
32917 13
32918 5
32919 6
32920 7
32921 1
32922 4
32923 14
32924 4
32925 7
32926 1
32927 7
32928 34
32929 4
32930 4
32931 6
32932 1
32933 17
32934 8
32935 9
32936 4
32937 5
32938 10
32939 13
32940 18
32941 19
32942 18
32943 3
32944 7
32945 8
32946 13
32947 4
32948 6
32949 2
32950 3
32951 5
32952 9
32953 8
32954 5
32955 12
32956 7
32957 17
32958 10
32959 8
32960 15
32961 2
32962 0
32963 4
32964 6
32965 3
32966 4
32967 12
32968 9
32969 15
32970 14
32971 15
32972 7
32973 8
32974 4
32975 7
32976 2
32977 6
32978 5
32979 2
32980 5
32981 5
32982 2
32983 9
32984 7
32985 7
32986 5
32987 8
32988 1
32989 11
32990 8
32991 8
32992 19
32993 16
32994 3
32995 3
32996 0
32997 3
32998 7
32999 13
33000 28
33001 14
33002 5
33003 8
33004 11
33005 5
33006 10
33007 3
33008 7
33009 3
33010 6
33011 11
33012 9
33013 11
33014 2
33015 5
33016 5
33017 10
33018 5
33019 10
33020 8
33021 7
33022 8
33023 26
33024 38
33025 15
33026 12
33027 5
33028 20
33029 19
33030 4
33031 8
33032 7
33033 30
33034 2
33035 3
33036 7
33037 13
33038 2
33039 3
33040 9
33041 5
33042 9
33043 4
33044 9
33045 8
33046 6
33047 7
33048 23
33049 24
33050 1
33051 6
33052 4
33053 17
33054 9
33055 4
33056 8
33057 11
33058 7
33059 2
33060 10
33061 6
33062 9
33063 8
33064 4
33065 6
33066 9
33067 9
33068 3
33069 1
33070 0
33071 8
33072 8
33073 16
33074 4
33075 35
33076 8
33077 7
33078 12
33079 7
33080 3
33081 4
33082 4
33083 10
33084 7
33085 2
33086 1
33087 3
33088 7
33089 6
33090 6
33091 7
33092 4
33093 3
33094 1
33095 1
33096 11
33097 10
33098 15
33099 11
33100 7
33101 8
33102 18
33103 5
33104 7
33105 7
33106 2
33107 8
33108 10
33109 5
33110 10
33111 21
33112 4
33113 16
33114 2
33115 6
33116 5
33117 7
33118 5
33119 18
33120 29
33121 3
33122 2
33123 12
33124 68
33125 17
33126 1
33127 5
33128 6
33129 4
33130 4
33131 6
33132 5
33133 20
33134 7
33135 4
33136 8
33137 8
33138 14
33139 4
33140 2
33141 2
33142 4
33143 9
33144 10
33145 8
33146 6
33147 4
33148 7
33149 11
33150 25
33151 38
33152 30
33153 45
33154 2
33155 4
33156 12
33157 6
33158 11
33159 5
33160 11
33161 14
33162 6
33163 4
33164 11
33165 12
33166 8
33167 3
33168 6
33169 7
33170 13
33171 9
33172 11
33173 7
33174 8
33175 6
33176 9
33177 3
33178 2
33179 13
33180 10
33181 13
33182 7
33183 5
33184 13
33185 4
33186 6
33187 2
33188 4
33189 4
33190 7
33191 15
33192 7
33193 6
33194 4
33195 4
33196 3
33197 5
33198 7
33199 13
33200 9
33201 20
33202 7
33203 13
33204 5
33205 3
33206 4
33207 2
33208 8
33209 8
33210 11
33211 18
33212 15
33213 1
33214 1
33215 25
33216 22
33217 1
33218 9
33219 8
33220 8
33221 6
33222 14
33223 50
33224 4
33225 6
33226 4
33227 26
33228 5
33229 2
33230 5
33231 9
33232 13
33233 21
33234 2
33235 4
33236 3
33237 4
33238 5
33239 1
33240 3
33241 8
33242 5
33243 3
33244 11
33245 4
33246 4
33247 26
33248 8
33249 7
33250 9
33251 4
33252 11
33253 8
33254 4
33255 6
33256 5
33257 3
33258 3
33259 3
33260 5
33261 7
33262 6
33263 21
33264 72
33265 13
33266 2
33267 4
33268 3
33269 12
33270 3
33271 14
33272 6
33273 4
33274 5
33275 24
33276 4
33277 6
33278 4
33279 12
33280 45
33281 14
33282 9
33283 8
33284 11
33285 5
33286 6
33287 15
33288 20
33289 34
33290 10
33291 8
33292 11
33293 4
33294 8
33295 2
33296 12
33297 10
33298 3
33299 6
33300 37
33301 27
33302 4
33303 14
33304 10
33305 9
33306 24
33307 2
33308 7
33309 11
33310 6
33311 22
33312 12
33313 12
33314 3
33315 1
33316 8
33317 15
33318 4
33319 8
33320 28
33321 12
33322 22
33323 12
33324 8
33325 13
33326 4
33327 8
33328 9
33329 21
33330 20
33331 43
33332 22
33333 89
33334 23
33335 27
33336 19
33337 17
33338 12
33339 12
33340 5
33341 5
33342 6
33343 44
33344 23
33345 19
33346 6
33347 23
33348 6
33349 15
33350 4
33351 6
33352 13
33353 39
33354 2
33355 7
33356 9
33357 9
33358 4
33359 8
33360 9
33361 4
33362 2
33363 7
33364 5
33365 7
33366 9
33367 9
33368 6
33369 4
33370 2
33371 8
33372 11
33373 10
33374 3
33375 11
33376 6
33377 39
33378 4
33379 7
33380 11
33381 6
33382 2
33383 5
33384 11
33385 3
33386 11
33387 7
33388 9
33389 8
33390 16
33391 14
33392 4
33393 11
33394 5
33395 3
33396 11
33397 7
33398 3
33399 5
33400 12
33401 10
33402 6
33403 9
33404 4
33405 7
33406 6
33407 8
33408 13
33409 22
33410 5
33411 12
33412 6
33413 9
33414 3
33415 5
33416 16
33417 4
33418 8
33419 3
33420 4
33421 9
33422 2
33423 2
33424 10
33425 8
33426 4
33427 8
33428 3
33429 2
33430 1
33431 4
33432 6
33433 18
33434 5
33435 7
33436 2
33437 2
33438 5
33439 7
33440 10
33441 5
33442 12
33443 3
33444 5
33445 10
33446 2
33447 3
33448 6
33449 5
33450 7
33451 7
33452 5
33453 2
33454 3
33455 5
33456 11
33457 12
33458 3
33459 5
33460 15
33461 89
33462 32
33463 10
33464 11
33465 4
33466 8
33467 3
33468 10
33469 13
33470 2
33471 2
33472 5
33473 6
33474 4
33475 6
33476 6
33477 3
33478 3
33479 10
33480 20
33481 7
33482 2
33483 4
33484 8
33485 7
33486 3
33487 11
33488 14
33489 44
33490 14
33491 4
33492 3
33493 12
33494 3
33495 37
33496 6
33497 7
33498 4
33499 2
33500 2
33501 3
33502 9
33503 12
33504 15
33505 5
33506 5
33507 4
33508 3
33509 12
33510 7
33511 6
33512 10
33513 2
33514 1
33515 16
33516 39
33517 8
33518 6
33519 6
33520 5
33521 14
33522 4
33523 2
33524 9
33525 9
33526 9
33527 3
33528 10
33529 14
33530 7
33531 6
33532 3
33533 92
33534 4
33535 7
33536 11
33537 3
33538 4
33539 2
33540 14
33541 1
33542 7
33543 4
33544 12
33545 6
33546 9
33547 8
33548 3
33549 9
33550 7
33551 13
33552 24
33553 16
33554 11
33555 5
33556 7
33557 5
33558 10
33559 1
33560 15
33561 10
33562 5
33563 17
33564 8
33565 7
33566 5
33567 7
33568 8
33569 9
33570 1
33571 3
33572 8
33573 6
33574 3
33575 3
33576 6
33577 14
33578 2
33579 21
33580 10
33581 5
33582 8
33583 7
33584 6
33585 4
33586 4
33587 10
33588 4
33589 10
33590 5
33591 5
33592 39
33593 3
33594 9
33595 1
33596 8
33597 3
33598 3
33599 22
33600 85
33601 31
33602 3
33603 9
33604 13
33605 6
33606 6
33607 16
33608 10
33609 9
33610 11
33611 5
33612 11
33613 30
33614 47
33615 14
33616 20
33617 22
33618 0
33619 11
33620 15
33621 15
33622 3
33623 25
33624 6
33625 2
33626 5
33627 4
33628 10
33629 11
33630 15
33631 10
33632 10
33633 13
33634 1
33635 7
33636 7
33637 13
33638 0
33639 8
33640 12
33641 8
33642 10
33643 4
33644 8
33645 9
33646 4
33647 23
33648 19
33649 59
33650 8
33651 7
33652 1
33653 4
33654 7
33655 6
33656 10
33657 3
33658 5
33659 9
33660 22
33661 17
33662 4
33663 4
33664 18
33665 8
33666 8
33667 9
33668 5
33669 6
33670 16
33671 5
33672 14
33673 10
33674 5
33675 6
33676 3
33677 4
33678 4
33679 10
33680 3
33681 3
33682 6
33683 1
33684 8
33685 4
33686 5
33687 4
33688 10
33689 2
33690 0
33691 2
33692 6
33693 3
33694 6
33695 5
33696 33
33697 6
33698 8
33699 9
33700 7
33701 2
33702 6
33703 8
33704 7
33705 24
33706 7
33707 5
33708 12
33709 4
33710 6
33711 4
33712 6
33713 12
33714 4
33715 4
33716 8
33717 1
33718 3
33719 2
33720 17
33721 7
33722 7
33723 6
33724 4
33725 8
33726 5
33727 7
33728 18
33729 6
33730 4
33731 3
33732 3
33733 5
33734 3
33735 0
33736 14
33737 5
33738 5
33739 7
33740 6
33741 2
33742 6
33743 5
33744 9
33745 4
33746 3
33747 9
33748 4
33749 16
33750 35
33751 15
33752 9
33753 11
33754 1
33755 6
33756 9
33757 12
33758 7
33759 7
33760 11
33761 10
33762 6
33763 4
33764 11
33765 3
33766 5
33767 10
33768 15
33769 10
33770 2
33771 3
33772 8
33773 28
33774 5
33775 9
33776 2
33777 9
33778 9
33779 3
33780 7
33781 7
33782 12
33783 9
33784 12
33785 9
33786 10
33787 7
33788 7
33789 7
33790 8
33791 19
33792 127
33793 7
33794 2
33795 9
33796 9
33797 17
33798 8
33799 8
33800 21
33801 7
33802 8
33803 4
33804 10
33805 2
33806 3
33807 5
33808 8
33809 18
33810 11
33811 16
33812 4
33813 10
33814 9
33815 6
33816 3
33817 2
33818 5
33819 6
33820 5
33821 12
33822 5
33823 4
33824 20
33825 48
33826 9
33827 10
33828 6
33829 9
33830 2
33831 7
33832 5
33833 8
33834 3
33835 7
33836 6
33837 5
33838 6
33839 7
33840 19
33841 5
33842 0
33843 8
33844 3
33845 5
33846 5
33847 8
33848 4
33849 5
33850 6
33851 16
33852 15
33853 7
33854 2
33855 14
33856 70
33857 48
33858 17
33859 4
33860 21
33861 9
33862 4
33863 16
33864 15
33865 4
33866 9
33867 9
33868 8
33869 5
33870 7
33871 8
33872 8
33873 10
33874 4
33875 4
33876 11
33877 4
33878 6
33879 5
33880 23
33881 5
33882 2
33883 13
33884 7
33885 11
33886 1
33887 8
33888 9
33889 17
33890 7
33891 6
33892 7
33893 16
33894 4
33895 4
33896 10
33897 1
33898 1
33899 8
33900 8
33901 8
33902 7
33903 4
33904 4
33905 3
33906 5
33907 6
33908 3
33909 2
33910 5
33911 12
33912 11
33913 4
33914 7
33915 44
33916 1
33917 3
33918 2
33919 6
33920 10
33921 5
33922 6
33923 18
33924 6
33925 3
33926 5
33927 0
33928 6
33929 6
33930 22
33931 19
33932 11
33933 20
33934 4
33935 0
33936 20
33937 17
33938 5
33939 8
33940 6
33941 6
33942 3
33943 4
33944 5
33945 5
33946 10
33947 3
33948 3
33949 8
33950 4
33951 9
33952 6
33953 14
33954 4
33955 2
33956 1
33957 13
33958 4
33959 1
33960 12
33961 13
33962 3
33963 3
33964 2
33965 3
33966 9
33967 9
33968 5
33969 10
33970 6
33971 1
33972 2
33973 6
33974 5
33975 6
33976 8
33977 6
33978 5
33979 1
33980 4
33981 4
33982 7
33983 2
33984 28
33985 8
33986 2
33987 2
33988 2
33989 6
33990 5
33991 2
33992 6
33993 8
33994 1
33995 3
33996 4
33997 15
33998 34
33999 11
34000 21
34001 12
34002 4
34003 3
34004 1
34005 2
34006 2
34007 2
34008 6
34009 6
34010 3
34011 0
34012 14
34013 4
34014 3
34015 4
34016 8
34017 6
34018 2
34019 5
34020 41
34021 8
34022 6
34023 5
34024 1
34025 5
34026 4
34027 4
34028 4
34029 5
34030 7
34031 11
34032 11
34033 13
34034 30
34035 4
34036 8
34037 3
34038 13
34039 12
34040 10
34041 11
34042 6
34043 8
34044 5
34045 6
34046 3
34047 10
34048 11
34049 10
34050 8
34051 5
34052 5
34053 4
34054 5
34055 5
34056 21
34057 20
34058 4
34059 2
34060 8
34061 37
34062 11
34063 6
34064 5
34065 4
34066 6
34067 6
34068 6
34069 6
34070 5
34071 4
34072 1
34073 5
34074 5
34075 13
34076 3
34077 2
34078 6
34079 2
34080 10
34081 8
34082 5
34083 5
34084 1
34085 12
34086 10
34087 5
34088 9
34089 5
34090 3
34091 5
34092 15
34093 4
34094 5
34095 7
34096 17
34097 2
34098 3
34099 7
34100 13
34101 4
34102 5
34103 5
34104 12
34105 27
34106 3
34107 5
34108 5
34109 2
34110 2
34111 16
34112 13
34113 10
34114 4
34115 6
34116 8
34117 7
34118 3
34119 7
34120 20
34121 8
34122 8
34123 29
34124 3
34125 29
34126 7
34127 10
34128 12
34129 6
34130 8
34131 4
34132 8
34133 12
34134 12
34135 5
34136 2
34137 2
34138 2
34139 7
34140 8
34141 14
34142 5
34143 4
34144 8
34145 6
34146 10
34147 8
34148 3
34149 0
34150 4
34151 9
34152 14
34153 12
34154 4
34155 15
34156 7
34157 14
34158 4
34159 9
34160 11
34161 5
34162 10
34163 7
34164 3
34165 8
34166 6
34167 4
34168 4
34169 3
34170 7
34171 10
34172 3
34173 8
34174 5
34175 6
34176 16
34177 15
34178 5
34179 3
34180 2
34181 5
34182 7
34183 9
34184 2
34185 2
34186 8
34187 4
34188 10
34189 14
34190 2
34191 10
34192 6
34193 6
34194 2
34195 6
34196 5
34197 3
34198 1
34199 5
34200 23
34201 12
34202 6
34203 5
34204 3
34205 4
34206 4
34207 6
34208 6
34209 9
34210 7
34211 18
34212 7
34213 10
34214 3
34215 9
34216 9
34217 13
34218 4
34219 7
34220 19
34221 8
34222 2
34223 7
34224 18
34225 45
34226 3
34227 5
34228 5
34229 5
34230 14
34231 11
34232 6
34233 11
34234 1
34235 3
34236 12
34237 3
34238 6
34239 8
34240 7
34241 6
34242 7
34243 11
34244 4
34245 6
34246 1
34247 7
34248 7
34249 6
34250 6
34251 11
34252 2
34253 15
34254 10
34255 7
34256 12
34257 2
34258 2
34259 12
34260 9
34261 3
34262 9
34263 10
34264 6
34265 10
34266 5
34267 7
34268 4
34269 5
34270 6
34271 3
34272 35
34273 10
34274 7
34275 1
34276 11
34277 7
34278 5
34279 11
34280 6
34281 6
34282 3
34283 7
34284 2
34285 4
34286 5
34287 2
34288 11
34289 3
34290 7
34291 3
34292 4
34293 5
34294 5
34295 6
34296 7
34297 15
34298 5
34299 4
34300 43
34301 12
34302 9
34303 18
34304 13
34305 6
34306 4
34307 16
34308 6
34309 7
34310 4
34311 3
34312 8
34313 10
34314 17
34315 2
34316 2
34317 10
34318 9
34319 18
34320 62
34321 11
34322 20
34323 8
34324 1
34325 6
34326 8
34327 11
34328 7
34329 1
34330 7
34331 4
34332 3
34333 5
34334 7
34335 14
34336 8
34337 20
34338 1
34339 0
34340 4
34341 5
34342 8
34343 6
34344 15
34345 4
34346 7
34347 9
34348 8
34349 4
34350 18
34351 20
34352 5
34353 7
34354 9
34355 3
34356 3
34357 2
34358 3
34359 3
34360 5
34361 13
34362 16
34363 2
34364 9
34365 7
34366 4
34367 15
34368 7
34369 14
34370 1
34371 4
34372 9
34373 0
34374 1
34375 40
34376 4
34377 6
34378 0
34379 2
34380 15
34381 14
34382 0
34383 3
34384 9
34385 12
34386 5
34387 4
34388 4
34389 5
34390 10
34391 14
34392 4
34393 3
34394 2
34395 2
34396 8
34397 5
34398 28
34399 10
34400 4
34401 6
34402 1
34403 11
34404 4
34405 4
34406 5
34407 6
34408 9
34409 5
34410 16
34411 5
34412 4
34413 8
34414 4
34415 9
34416 10
34417 6
34418 1
34419 3
34420 6
34421 15
34422 6
34423 3
34424 5
34425 18
34426 1
34427 2
34428 8
34429 9
34430 11
34431 2
34432 10
34433 4
34434 3
34435 6
34436 1
34437 7
34438 4
34439 23
34440 53
34441 16
34442 11
34443 18
34444 10
34445 7
34446 7
34447 14
34448 13
34449 6
34450 13
34451 3
34452 11
34453 26
34454 7
34455 4
34456 2
34457 6
34458 3
34459 2
34460 2
34461 12
34462 6
34463 7
34464 8
34465 0
34466 2
34467 2
34468 7
34469 9
34470 9
34471 15
34472 6
34473 4
34474 5
34475 5
34476 25
34477 14
34478 5
34479 4
34480 6
34481 12
34482 10
34483 17
34484 6
34485 11
34486 2
34487 8
34488 7
34489 7
34490 3
34491 3
34492 4
34493 3
34494 2
34495 3
34496 12
34497 12
34498 3
34499 10
34500 11
34501 11
34502 2
34503 5
34504 3
34505 4
34506 5
34507 8
34508 2
34509 4
34510 9
34511 15
34512 10
34513 11
34514 3
34515 7
34516 6
34517 2
34518 4
34519 7
34520 11
34521 13
34522 4
34523 4
34524 14
34525 2
34526 2
34527 4
34528 9
34529 9
34530 2
34531 13
34532 8
34533 2
34534 3
34535 3
34536 7
34537 9
34538 2
34539 6
34540 4
34541 3
34542 7
34543 55
34544 17
34545 12
34546 5
34547 9
34548 3
34549 27
34550 1
34551 3
34552 5
34553 4
34554 5
34555 1
34556 1
34557 6
34558 3
34559 5
34560 223
34561 42
34562 6
34563 5
34564 3
34565 5
34566 7
34567 30
34568 8
34569 1
34570 3
34571 8
34572 9
34573 2
34574 1
34575 4
34576 5
34577 1
34578 3
34579 7
34580 27
34581 6
34582 2
34583 11
34584 19
34585 4
34586 10
34587 7
34588 7
34589 15
34590 4
34591 10
34592 10
34593 2
34594 2
34595 13
34596 55
34597 4
34598 1
34599 6
34600 7
34601 7
34602 9
34603 15
34604 2
34605 3
34606 12
34607 7
34608 17
34609 6
34610 1
34611 3
34612 6
34613 16
34614 2
34615 5
34616 3
34617 3
34618 4
34619 5
34620 2
34621 3
34622 4
34623 4
34624 17
34625 6
34626 2
34627 11
34628 5
34629 6
34630 4
34631 14
34632 14
34633 4
34634 3
34635 7
34636 10
34637 7
34638 4
34639 6
34640 4
34641 4
34642 3
34643 7
34644 5
34645 10
34646 3
34647 4
34648 11
34649 22
34650 144
34651 13
34652 4
34653 4
34654 4
34655 7
34656 8
34657 4
34658 5
34659 9
34660 10
34661 3
34662 7
34663 2
34664 9
34665 1
34666 5
34667 13
34668 11
34669 5
34670 4
34671 10
34672 7
34673 6
34674 14
34675 2
34676 3
34677 3
34678 10
34679 13
34680 14
34681 5
34682 6
34683 4
34684 10
34685 4
34686 3
34687 12
34688 19
34689 3
34690 8
34691 5
34692 7
34693 8
34694 3
34695 6
34696 7
34697 5
34698 10
34699 4
34700 4
34701 2
34702 1
34703 4
34704 17
34705 11
34706 9
34707 5
34708 7
34709 7
34710 2
34711 4
34712 4
34713 10
34714 11
34715 10
34716 29
34717 12
34718 2
34719 4
34720 20
34721 8
34722 3
34723 7
34724 3
34725 8
34726 4
34727 1
34728 10
34729 9
34730 3
34731 4
34732 3
34733 2
34734 11
34735 1
34736 7
34737 3
34738 11
34739 9
34740 6
34741 0
34742 4
34743 9
34744 8
34745 4
34746 6
34747 7
34748 9
34749 13
34750 5
34751 13
34752 7
34753 4
34754 5
34755 2
34756 4
34757 18
34758 2
34759 8
34760 7
34761 2
34762 5
34763 11
34764 12
34765 3
34766 4
34767 2
34768 6
34769 3
34770 7
34771 5
34772 3
34773 11
34774 6
34775 0
34776 32
34777 6
34778 4
34779 6
34780 8
34781 16
34782 16
34783 5
34784 7
34785 7
34786 9
34787 2
34788 7
34789 3
34790 10
34791 4
34792 7
34793 2
34794 3
34795 3
34796 5
34797 5
34798 6
34799 9
34800 17
34801 7
34802 9
34803 5
34804 8
34805 5
34806 4
34807 7
34808 2
34809 2
34810 2
34811 4
34812 13
34813 4
34814 12
34815 11
34816 78
34817 8
34818 4
34819 12
34820 2
34821 5
34822 4
34823 3
34824 5
34825 10
34826 8
34827 7
34828 3
34829 5
34830 13
34831 5
34832 12
34833 1
34834 3
34835 3
34836 9
34837 3
34838 7
34839 7
34840 20
34841 16
34842 6
34843 33
34844 2
34845 6
34846 6
34847 29
34848 42
34849 24
34850 14
34851 5
34852 2
34853 6
34854 9
34855 3
34856 6
34857 5
34858 5
34859 5
34860 19
34861 13
34862 11
34863 2
34864 8
34865 4
34866 1
34867 10
34868 5
34869 7
34870 5
34871 7
34872 16
34873 6
34874 0
34875 7
34876 7
34877 5
34878 4
34879 6
34880 6
34881 11
34882 6
34883 17
34884 21
34885 5
34886 4
34887 6
34888 8
34889 2
34890 7
34891 10
34892 9
34893 6
34894 8
34895 2
34896 12
34897 7
34898 1
34899 3
34900 5
34901 7
34902 17
34903 7
34904 5
34905 4
34906 2
34907 6
34908 2
34909 3
34910 1
34911 3
34912 4
34913 14
34914 15
34915 4
34916 9
34917 10
34918 11
34919 10
34920 8
34921 8
34922 1
34923 4
34924 6
34925 6
34926 4
34927 1
34928 2
34929 2
34930 7
34931 1
34932 1
34933 5
34934 11
34935 8
34936 9
34937 6
34938 7
34939 15
34940 1
34941 5
34942 1
34943 28
34944 43
34945 30
34946 4
34947 6
34948 9
34949 12
34950 3
34951 8
34952 24
34953 12
34954 3
34955 10
34956 4
34957 9
34958 6
34959 6
34960 17
34961 13
34962 4
34963 12
34964 7
34965 13
34966 1
34967 4
34968 14
34969 67
34970 13
34971 0
34972 3
34973 6
34974 9
34975 2
34976 10
34977 5
34978 3
34979 3
34980 21
34981 21
34982 3
34983 2
34984 4
34985 5
34986 17
34987 3
34988 9
34989 8
34990 5
34991 7
34992 125
34993 10
34994 2
34995 3
34996 12
34997 11
34998 4
34999 5
35000 34
35001 8
35002 13
35003 11
35004 5
35005 4
35006 4
35007 4
35008 16
35009 5
35010 11
35011 1
35012 1
35013 4
35014 6
35015 5
35016 5
35017 8
35018 4
35019 2
35020 8
35021 6
35022 2
35023 12
35024 4
35025 4
35026 5
35027 6
35028 11
35029 5
35030 1
35031 6
35032 9
35033 3
35034 6
35035 25
35036 11
35037 4
35038 2
35039 5
35040 12
35041 3
35042 9
35043 3
35044 5
35045 6
35046 4
35047 9
35048 10
35049 3
35050 5
35051 15
35052 8
35053 32
35054 7
35055 7
35056 6
35057 4
35058 2
35059 10
35060 2
35061 6
35062 4
35063 4
35064 21
35065 6
35066 2
35067 11
35068 4
35069 7
35070 11
35071 7
35072 32
35073 4
35074 15
35075 4
35076 3
35077 3
35078 8
35079 9
35080 5
35081 11
35082 3
35083 9
35084 9
35085 6
35086 4
35087 2
35088 6
35089 12
35090 4
35091 10
35092 2
35093 4
35094 8
35095 4
35096 11
35097 4
35098 2
35099 8
35100 35
35101 8
35102 3
35103 7
35104 5
35105 14
35106 6
35107 9
35108 4
35109 5
35110 6
35111 10
35112 27
35113 36
35114 4
35115 5
35116 5
35117 22
35118 6
35119 6
35120 7
35121 6
35122 6
35123 11
35124 10
35125 9
35126 9
35127 6
35128 4
35129 11
35130 3
35131 10
35132 1
35133 8
35134 7
35135 5
35136 11
35137 12
35138 7
35139 6
35140 8
35141 7
35142 4
35143 7
35144 5
35145 7
35146 6
35147 3
35148 5
35149 15
35150 15
35151 10
35152 28
35153 39
35154 2
35155 4
35156 10
35157 7
35158 0
35159 7
35160 4
35161 7
35162 5
35163 5
35164 6
35165 4
35166 6
35167 16
35168 15
35169 8
35170 11
35171 15
35172 13
35173 5
35174 6
35175 12
35176 3
35177 5
35178 11
35179 3
35180 6
35181 5
35182 6
35183 5
35184 5
35185 2
35186 8
35187 2
35188 10
35189 6
35190 15
35191 4
35192 5
35193 3
35194 2
35195 3
35196 9
35197 5
35198 8
35199 2
35200 21
35201 18
35202 8
35203 7
35204 11
35205 6
35206 0
35207 24
35208 11
35209 11
35210 8
35211 2
35212 3
35213 9
35214 8
35215 3
35216 12
35217 9
35218 12
35219 6
35220 7
35221 7
35222 4
35223 10
35224 13
35225 5
35226 6
35227 25
35228 2
35229 4
35230 4
35231 6
35232 4
35233 7
35234 4
35235 5
35236 3
35237 7
35238 7
35239 1
35240 4
35241 2
35242 4
35243 3
35244 12
35245 27
35246 6
35247 4
35248 8
35249 7
35250 8
35251 13
35252 1
35253 12
35254 3
35255 2
35256 11
35257 16
35258 0
35259 3
35260 4
35261 0
35262 2
35263 5
35264 5
35265 6
35266 3
35267 8
35268 3
35269 5
35270 5
35271 8
35272 13
35273 4
35274 2
35275 3
35276 3
35277 4
35278 3
35279 29
35280 208
35281 46
35282 9
35283 5
35284 6
35285 11
35286 3
35287 12
35288 6
35289 4
35290 6
35291 6
35292 3
35293 5
35294 5
35295 7
35296 19
35297 4
35298 5
35299 4
35300 6
35301 13
35302 3
35303 1
35304 5
35305 6
35306 9
35307 5
35308 6
35309 2
35310 8
35311 20
35312 9
35313 5
35314 4
35315 5
35316 10
35317 20
35318 6
35319 1
35320 9
35321 9
35322 19
35323 18
35324 10
35325 7
35326 3
35327 17
35328 22
35329 5
35330 5
35331 2
35332 6
35333 23
35334 5
35335 7
35336 8
35337 7
35338 3
35339 13
35340 12
35341 3
35342 1
35343 20
35344 60
35345 3
35346 14
35347 4
35348 2
35349 1
35350 5
35351 6
35352 4
35353 71
35354 11
35355 4
35356 7
35357 5
35358 6
35359 6
35360 13
35361 6
35362 4
35363 16
35364 8
35365 5
35366 3
35367 8
35368 4
35369 6
35370 5
35371 16
35372 3
35373 9
35374 1
35375 4
35376 10
35377 16
35378 12
35379 5
35380 6
35381 18
35382 7
35383 6
35384 5
35385 8
35386 5
35387 5
35388 4
35389 1
35390 5
35391 3
35392 9
35393 15
35394 9
35395 3
35396 5
35397 6
35398 5
35399 4
35400 18
35401 20
35402 3
35403 2
35404 3
35405 2
35406 8
35407 3
35408 10
35409 7
35410 9
35411 9
35412 7
35413 8
35414 3
35415 4
35416 3
35417 7
35418 9
35419 12
35420 20
35421 16
35422 40
35423 21
35424 13
35425 22
35426 5
35427 15
35428 3
35429 4
35430 12
35431 3
35432 3
35433 6
35434 9
35435 7
35436 4
35437 9
35438 7
35439 3
35440 13
35441 9
35442 8
35443 17
35444 1
35445 7
35446 8
35447 12
35448 12
35449 21
35450 2
35451 16
35452 1
35453 6
35454 2
35455 6
35456 12
35457 2
35458 8
35459 6
35460 6
35461 17
35462 7
35463 5
35464 19
35465 9
35466 5
35467 5
35468 7
35469 3
35470 1
35471 5
35472 12
35473 3
35474 7
35475 3
35476 6
35477 3
35478 3
35479 4
35480 14
35481 7
35482 5
35483 7
35484 2
35485 3
35486 9
35487 4
35488 7
35489 9
35490 19
35491 17
35492 2
35493 5
35494 5
35495 3
35496 18
35497 9
35498 10
35499 5
35500 14
35501 3
35502 6
35503 5
35504 6
35505 12
35506 5
35507 12
35508 3
35509 13
35510 4
35511 14
35512 2
35513 8
35514 4
35515 3
35516 4
35517 2
35518 3
35519 7
35520 15
35521 15
35522 1
35523 4
35524 7
35525 11
35526 6
35527 11
35528 1
35529 11
35530 13
35531 15
35532 14
35533 30
35534 4
35535 10
35536 7
35537 17
35538 2
35539 3
35540 7
35541 7
35542 5
35543 14
35544 1
35545 1
35546 4
35547 2
35548 3
35549 4
35550 3
35551 4
35552 3
35553 3
35554 4
35555 4
35556 7
35557 15
35558 3
35559 5
35560 8
35561 8
35562 2
35563 2
35564 4
35565 2
35566 3
35567 10
35568 21
35569 12
35570 7
35571 5
35572 2
35573 14
35574 22
35575 1
35576 5
35577 12
35578 4
35579 7
35580 5
35581 23
35582 4
35583 3
35584 12
35585 10
35586 7
35587 1
35588 7
35589 6
35590 1
35591 17
35592 2
35593 10
35594 6
35595 11
35596 4
35597 10
35598 6
35599 1
35600 10
35601 5
35602 3
35603 10
35604 7
35605 6
35606 3
35607 6
35608 3
35609 5
35610 7
35611 3
35612 6
35613 2
35614 2
35615 5
35616 9
35617 51
35618 6
35619 10
35620 16
35621 9
35622 5
35623 11
35624 4
35625 10
35626 3
35627 2
35628 2
35629 9
35630 5
35631 5
35632 4
35633 3
35634 7
35635 4
35636 7
35637 6
35638 4
35639 6
35640 42
35641 8
35642 6
35643 8
35644 9
35645 7
35646 5
35647 6
35648 3
35649 5
35650 11
35651 6
35652 8
35653 13
35654 6
35655 11
35656 5
35657 8
35658 4
35659 3
35660 4
35661 1
35662 6
35663 4
35664 12
35665 1
35666 3
35667 7
35668 3
35669 2
35670 5
35671 21
35672 21
35673 15
35674 9
35675 3
35676 9
35677 27
35678 7
35679 7
35680 7
35681 2
35682 1
35683 7
35684 3
35685 27
35686 5
35687 2
35688 7
35689 5
35690 7
35691 2
35692 6
35693 2
35694 8
35695 11
35696 21
35697 3
35698 5
35699 1
35700 45
35701 6
35702 6
35703 6
35704 4
35705 2
35706 7
35707 1
35708 3
35709 2
35710 6
35711 14
35712 24
35713 9
35714 6
35715 2
35716 4
35717 13
35718 10
35719 6
35720 14
35721 114
35722 4
35723 7
35724 8
35725 1
35726 3
35727 4
35728 11
35729 22
35730 6
35731 8
35732 5
35733 6
35734 3
35735 7
35736 2
35737 3
35738 2
35739 9
35740 3
35741 8
35742 6
35743 8
35744 11
35745 6
35746 4
35747 15
35748 9
35749 7
35750 22
35751 4
35752 3
35753 43
35754 6
35755 9
35756 4
35757 13
35758 3
35759 8
35760 8
35761 7
35762 4
35763 6
35764 1
35765 7
35766 2
35767 2
35768 8
35769 2
35770 5
35771 14
35772 5
35773 5
35774 2
35775 7
35776 5
35777 9
35778 10
35779 3
35780 4
35781 7
35782 3
35783 3
35784 10
35785 6
35786 4
35787 9
35788 10
35789 5
35790 7
35791 4
35792 3
35793 6
35794 6
35795 4
35796 7
35797 15
35798 4
35799 7
35800 5
35801 12
35802 8
35803 23
35804 3
35805 31
35806 2
35807 5
35808 6
35809 10
35810 8
35811 5
35812 13
35813 2
35814 3
35815 7
35816 5
35817 4
35818 6
35819 2
35820 9
35821 4
35822 2
35823 3
35824 11
35825 11
35826 6
35827 3
35828 4
35829 6
35830 1
35831 1
35832 13
35833 2
35834 5
35835 4
35836 7
35837 8
35838 10
35839 30
35840 63
35841 9
35842 7
35843 4
35844 1
35845 13
35846 3
35847 3
35848 6
35849 4
35850 8
35851 6
35852 4
35853 21
35854 5
35855 14
35856 9
35857 3
35858 2
35859 2
35860 10
35861 5
35862 5
35863 11
35864 3
35865 4
35866 3
35867 3
35868 14
35869 9
35870 7
35871 7
35872 16
35873 5
35874 8
35875 6
35876 4
35877 5
35878 7
35879 15
35880 27
35881 4
35882 4
35883 4
35884 4
35885 5
35886 1
35887 1
35888 6
35889 7
35890 20
35891 15
35892 8
35893 8
35894 8
35895 2
35896 2
35897 12
35898 5
35899 16
35900 6
35901 10
35902 3
35903 6
35904 32
35905 11
35906 3
35907 2
35908 9
35909 4
35910 22
35911 26
35912 7
35913 1
35914 4
35915 5
35916 6
35917 5
35918 1
35919 9
35920 7
35921 5
35922 5
35923 2
35924 7
35925 8
35926 9
35927 4
35928 6
35929 8
35930 6
35931 14
35932 7
35933 18
35934 4
35935 4
35936 9
35937 170
35938 11
35939 5
35940 8
35941 6
35942 5
35943 6
35944 3
35945 10
35946 3
35947 6
35948 6
35949 5
35950 4
35951 14
35952 6
35953 9
35954 11
35955 6
35956 4
35957 5
35958 3
35959 9
35960 45
35961 6
35962 6
35963 10
35964 13
35965 6
35966 2
35967 3
35968 8
35969 19
35970 14
35971 11
35972 8
35973 7
35974 2
35975 4
35976 6
35977 13
35978 8
35979 5
35980 10
35981 11
35982 5
35983 5
35984 1
35985 3
35986 4
35987 1
35988 2
35989 11
35990 21
35991 4
35992 9
35993 11
35994 0
35995 2
35996 2
35997 6
35998 7
35999 31
36000 88
36001 11
36002 5
36003 8
36004 6
36005 8
36006 5
36007 8
36008 4
36009 7
36010 3
36011 15
36012 2
36013 10
36014 3
36015 38
36016 11
36017 5
36018 3
36019 5
36020 13
36021 5
36022 6
36023 2
36024 4
36025 0
36026 3
36027 6
36028 13
36029 3
36030 7
36031 6
36032 10
36033 1
36034 6
36035 5
36036 74
36037 22
36038 6
36039 4
36040 4
36041 4
36042 4
36043 5
36044 2
36045 2
36046 21
36047 4
36048 5
36049 6
36050 5
36051 11
36052 9
36053 0
36054 3
36055 5
36056 7
36057 8
36058 4
36059 4
36060 2
36061 9
36062 5
36063 10
36064 8
36065 6
36066 6
36067 4
36068 9
36069 3
36070 2
36071 5
36072 4
36073 6
36074 5
36075 11
36076 4
36077 3
36078 9
36079 4
36080 18
36081 10
36082 2
36083 11
36084 7
36085 13
36086 5
36087 3
36088 7
36089 5
36090 5
36091 6
36092 6
36093 6
36094 4
36095 7
36096 23
36097 22
36098 4
36099 9
36100 93
36101 12
36102 7
36103 5
36104 3
36105 5
36106 7
36107 10
36108 9
36109 7
36110 3
36111 3
36112 4
36113 2
36114 7
36115 3
36116 5
36117 3
36118 5
36119 9
36120 25
36121 14
36122 6
36123 4
36124 4
36125 23
36126 8
36127 6
36128 4
36129 2
36130 1
36131 6
36132 3
36133 7
36134 3
36135 4
36136 4
36137 12
36138 5
36139 2
36140 8
36141 4
36142 9
36143 5
36144 12
36145 4
36146 5
36147 5
36148 8
36149 3
36150 2
36151 12
36152 4
36153 8
36154 8
36155 7
36156 4
36157 2
36158 4
36159 7
36160 10
36161 11
36162 16
36163 14
36164 5
36165 8
36166 3
36167 2
36168 11
36169 7
36170 3
36171 0
36172 5
36173 4
36174 2
36175 2
36176 19
36177 7
36178 3
36179 1
36180 16
36181 10
36182 7
36183 3
36184 4
36185 6
36186 8
36187 6
36188 3
36189 7
36190 7
36191 9
36192 11
36193 9
36194 3
36195 3
36196 5
36197 2
36198 3
36199 8
36200 4
36201 4
36202 4
36203 5
36204 10
36205 8
36206 4
36207 4
36208 10
36209 8
36210 5
36211 11
36212 2
36213 7
36214 3
36215 8
36216 6
36217 9
36218 6
36219 1
36220 4
36221 2
36222 5
36223 6
36224 18
36225 25
36226 3
36227 5
36228 7
36229 11
36230 2
36231 2
36232 9
36233 4
36234 7
36235 4
36236 4
36237 3
36238 2
36239 2
36240 8
36241 8
36242 5
36243 3
36244 14
36245 6
36246 6
36247 5
36248 13
36249 6
36250 10
36251 9
36252 10
36253 3
36254 5
36255 4
36256 3
36257 6
36258 2
36259 3
36260 11
36261 8
36262 3
36263 34
36264 3
36265 8
36266 2
36267 2
36268 1
36269 9
36270 9
36271 7
36272 2
36273 7
36274 3
36275 3
36276 3
36277 4
36278 5
36279 5
36280 7
36281 6
36282 2
36283 3
36284 3
36285 7
36286 2
36287 11
36288 98
36289 14
36290 16
36291 4
36292 6
36293 16
36294 5
36295 5
36296 8
36297 7
36298 3
36299 12
36300 24
36301 18
36302 9
36303 4
36304 9
36305 6
36306 12
36307 10
36308 5
36309 13
36310 7
36311 2
36312 15
36313 22
36314 3
36315 13
36316 3
36317 8
36318 4
36319 9
36320 3
36321 6
36322 6
36323 3
36324 3
36325 4
36326 2
36327 2
36328 2
36329 5
36330 16
36331 6
36332 8
36333 10
36334 2
36335 5
36336 9
36337 2
36338 2
36339 1
36340 3
36341 11
36342 3
36343 14
36344 3
36345 4
36346 2
36347 5
36348 2
36349 7
36350 3
36351 4
36352 20
36353 22
36354 5
36355 4
36356 1
36357 3
36358 0
36359 2
36360 11
36361 15
36362 7
36363 13
36364 4
36365 14
36366 10
36367 1
36368 5
36369 6
36370 5
36371 6
36372 8
36373 9
36374 8
36375 6
36376 5
36377 5
36378 3
36379 4
36380 4
36381 3
36382 6
36383 9
36384 17
36385 5
36386 4
36387 7
36388 3
36389 22
36390 5
36391 4
36392 3
36393 1
36394 4
36395 6
36396 7
36397 2
36398 11
36399 4
36400 30
36401 17
36402 4
36403 8
36404 1
36405 7
36406 4
36407 1
36408 10
36409 21
36410 7
36411 12
36412 11
36413 8
36414 8
36415 3
36416 4
36417 1
36418 4
36419 2
36420 6
36421 6
36422 3
36423 5
36424 6
36425 12
36426 6
36427 4
36428 13
36429 2
36430 1
36431 2
36432 11
36433 14
36434 3
36435 1
36436 2
36437 3
36438 7
36439 3
36440 1
36441 5
36442 2
36443 1
36444 4
36445 5
36446 6
36447 6
36448 5
36449 12
36450 34
36451 17
36452 5
36453 3
36454 3
36455 8
36456 15
36457 17
36458 2
36459 2
36460 3
36461 3
36462 2
36463 11
36464 7
36465 57
36466 4
36467 17
36468 4
36469 7
36470 6
36471 6
36472 2
36473 8
36474 2
36475 1
36476 3
36477 5
36478 13
36479 23
36480 27
36481 120
36482 10
36483 2
36484 7
36485 8
36486 3
36487 10
36488 7
36489 1
36490 6
36491 1
36492 4
36493 9
36494 4
36495 3
36496 5
36497 16
36498 11
36499 7
36500 9
36501 14
36502 4
36503 5
36504 30
36505 5
36506 10
36507 5
36508 12
36509 2
36510 7
36511 3
36512 5
36513 5
36514 2
36515 3
36516 4
36517 15
36518 10
36519 8
36520 9
36521 3
36522 10
36523 9
36524 41
36525 62
36526 8
36527 10
36528 7
36529 9
36530 4
36531 12
36532 4
36533 2
36534 3
36535 5
36536 7
36537 3
36538 3
36539 5
36540 17
36541 8
36542 5
36543 5
36544 10
36545 5
36546 3
36547 4
36548 2
36549 10
36550 1
36551 13
36552 16
36553 4
36554 4
36555 3
36556 12
36557 3
36558 1
36559 14
36560 7
36561 7
36562 2
36563 43
36564 6
36565 5
36566 15
36567 6
36568 11
36569 15
36570 12
36571 5
36572 4
36573 2
36574 7
36575 14
36576 22
36577 6
36578 8
36579 5
36580 6
36581 10
36582 1
36583 14
36584 4
36585 17
36586 2
36587 7
36588 2
36589 2
36590 7
36591 0
36592 2
36593 4
36594 7
36595 3
36596 5
36597 4
36598 4
36599 18
36600 8
36601 6
36602 6
36603 7
36604 5
36605 2
36606 3
36607 7
36608 12
36609 4
36610 4
36611 4
36612 2
36613 9
36614 4
36615 6
36616 8
36617 4
36618 4
36619 4
36620 6
36621 7
36622 5
36623 3
36624 5
36625 4
36626 5
36627 8
36628 7
36629 8
36630 8
36631 5
36632 6
36633 6
36634 4
36635 8
36636 6
36637 8
36638 2
36639 2
36640 6
36641 4
36642 6
36643 10
36644 1
36645 12
36646 8
36647 6
36648 2
36649 4
36650 8
36651 3
36652 11
36653 12
36654 4
36655 5
36656 6
36657 2
36658 1
36659 6
36660 10
36661 6
36662 4
36663 10
36664 4
36665 1
36666 11
36667 17
36668 3
36669 5
36670 5
36671 6
36672 14
36673 16
36674 7
36675 3
36676 7
36677 8
36678 3
36679 3
36680 3
36681 4
36682 3
36683 9
36684 4
36685 11
36686 3
36687 4
36688 2
36689 4
36690 5
36691 12
36692 5
36693 8
36694 5
36695 6
36696 5
36697 7
36698 8
36699 4
36700 4
36701 2
36702 2
36703 2
36704 3
36705 6
36706 7
36707 4
36708 9
36709 8
36710 0
36711 10
36712 5
36713 4
36714 7
36715 7
36716 6
36717 2
36718 3
36719 7
36720 54
36721 21
36722 3
36723 0
36724 3
36725 6
36726 3
36727 4
36728 2
36729 10
36730 4
36731 3
36732 6
36733 6
36734 4
36735 5
36736 19
36737 5
36738 2
36739 8
36740 4
36741 8
36742 3
36743 8
36744 14
36745 4
36746 3
36747 4
36748 4
36749 12
36750 26
36751 7
36752 7
36753 3
36754 2
36755 2
36756 3
36757 3
36758 1
36759 6
36760 3
36761 9
36762 4
36763 8
36764 9
36765 2
36766 5
36767 15
36768 3
36769 6
36770 1
36771 7
36772 2
36773 3
36774 4
36775 1
36776 6
36777 3
36778 2
36779 23
36780 10
36781 15
36782 4
36783 5
36784 10
36785 7
36786 5
36787 15
36788 3
36789 7
36790 3
36791 11
36792 12
36793 10
36794 6
36795 2
36796 7
36797 2
36798 4
36799 6
36800 15
36801 7
36802 3
36803 5
36804 7
36805 8
36806 7
36807 7
36808 4
36809 15
36810 7
36811 4
36812 6
36813 0
36814 3
36815 2
36816 11
36817 9
36818 0
36819 2
36820 5
36821 10
36822 7
36823 1
36824 6
36825 8
36826 4
36827 2
36828 15
36829 8
36830 1
36831 6
36832 12
36833 9
36834 4
36835 2
36836 7
36837 1
36838 4
36839 3
36840 11
36841 1
36842 5
36843 2
36844 6
36845 8
36846 4
36847 9
36848 21
36849 3
36850 3
36851 1
36852 14
36853 8
36854 3
36855 32
36856 23
36857 23
36858 6
36859 7
36860 9
36861 7
36862 10
36863 52
36864 363
36865 24
36866 11
36867 6
36868 7
36869 3
36870 7
36871 11
36872 13
36873 15
36874 2
36875 8
36876 15
36877 11
36878 5
36879 10
36880 11
36881 4
36882 3
36883 2
36884 5
36885 3
36886 5
36887 9
36888 16
36889 4
36890 16
36891 3
36892 4
36893 6
36894 11
36895 10
36896 12
36897 6
36898 4
36899 20
36900 23
36901 19
36902 6
36903 4
36904 3
36905 7
36906 5
36907 7
36908 5
36909 3
36910 0
36911 7
36912 10
36913 18
36914 3
36915 4
36916 3
36917 6
36918 3
36919 3
36920 6
36921 5
36922 1
36923 8
36924 6
36925 3
36926 2
36927 7
36928 6
36929 12
36930 8
36931 8
36932 1
36933 10
36934 4
36935 6
36936 12
36937 4
36938 10
36939 1
36940 3
36941 4
36942 2
36943 8
36944 6
36945 5
36946 5
36947 17
36948 7
36949 12
36950 6
36951 3
36952 7
36953 3
36954 7
36955 3
36956 4
36957 3
36958 2
36959 6
36960 120
36961 10
36962 5
36963 25
36964 6
36965 6
36966 6
36967 3
36968 15
36969 4
36970 3
36971 4
36972 5
36973 8
36974 4
36975 7
36976 23
36977 9
36978 7
36979 17
36980 1
36981 21
36982 6
36983 4
36984 8
36985 5
36986 4
36987 7
36988 14
36989 4
36990 14
36991 10
36992 47
36993 11
36994 7
36995 7
36996 8
36997 11
36998 4
36999 7
37000 5
37001 5
37002 6
37003 5
37004 15
37005 6
37006 1
37007 3
37008 16
37009 8
37010 5
37011 4
37012 7
37013 6
37014 4
37015 4
37016 3
37017 4
37018 6
37019 10
37020 13
37021 6
37022 3
37023 13
37024 10
37025 6
37026 60
37027 5
37028 5
37029 7
37030 14
37031 3
37032 7
37033 5
37034 3
37035 9
37036 3
37037 23
37038 6
37039 10
37040 8
37041 5
37042 9
37043 3
37044 53
37045 3
37046 5
37047 3
37048 7
37049 10
37050 13
37051 9
37052 5
37053 2
37054 6
37055 5
37056 19
37057 19
37058 5
37059 7
37060 13
37061 17
37062 6
37063 3
37064 4
37065 14
37066 5
37067 5
37068 3
37069 1
37070 3
37071 8
37072 13
37073 12
37074 6
37075 5
37076 7
37077 5
37078 1
37079 5
37080 11
37081 2
37082 3
37083 4
37084 4
37085 2
37086 4
37087 6
37088 11
37089 6
37090 5
37091 6
37092 6
37093 5
37094 4
37095 5
37096 7
37097 5
37098 2
37099 4
37100 16
37101 5
37102 3
37103 5
37104 8
37105 4
37106 2
37107 17
37108 13
37109 2
37110 6
37111 6
37112 4
37113 2
37114 13
37115 3
37116 5
37117 6
37118 5
37119 6
37120 12
37121 2
37122 6
37123 11
37124 8
37125 14
37126 4
37127 13
37128 67
37129 8
37130 14
37131 4
37132 4
37133 4
37134 5
37135 0
37136 5
37137 4
37138 4
37139 9
37140 10
37141 8
37142 5
37143 2
37144 5
37145 15
37146 4
37147 6
37148 12
37149 10
37150 7
37151 4
37152 11
37153 10
37154 4
37155 4
37156 4
37157 2
37158 6
37159 7
37160 7
37161 4
37162 4
37163 1
37164 4
37165 6
37166 2
37167 0
37168 5
37169 3
37170 9
37171 14
37172 4
37173 3
37174 1
37175 1
37176 6
37177 3
37178 8
37179 33
37180 20
37181 7
37182 6
37183 4
37184 10
37185 7
37186 6
37187 6
37188 6
37189 4
37190 3
37191 10
37192 7
37193 1
37194 5
37195 1
37196 4
37197 0
37198 3
37199 16
37200 33
37201 17
37202 6
37203 1
37204 6
37205 4
37206 10
37207 0
37208 2
37209 5
37210 6
37211 4
37212 8
37213 4
37214 10
37215 7
37216 5
37217 12
37218 2
37219 11
37220 6
37221 8
37222 6
37223 14
37224 12
37225 9
37226 6
37227 2
37228 4
37229 2
37230 10
37231 8
37232 6
37233 8
37234 4
37235 0
37236 5
37237 8
37238 1
37239 4
37240 13
37241 7
37242 0
37243 13
37244 9
37245 8
37246 3
37247 9
37248 23
37249 71
37250 4
37251 5
37252 5
37253 25
37254 4
37255 3
37256 1
37257 8
37258 3
37259 7
37260 19
37261 4
37262 4
37263 2
37264 13
37265 9
37266 2
37267 2
37268 7
37269 7
37270 3
37271 6
37272 3
37273 35
37274 5
37275 13
37276 9
37277 17
37278 7
37279 5
37280 3
37281 7
37282 11
37283 9
37284 4
37285 6
37286 4
37287 4
37288 2
37289 9
37290 8
37291 5
37292 3
37293 6
37294 4
37295 3
37296 33
37297 10
37298 5
37299 3
37300 11
37301 4
37302 5
37303 11
37304 2
37305 5
37306 9
37307 20
37308 7
37309 8
37310 15
37311 6
37312 10
37313 17
37314 1
37315 2
37316 3
37317 3
37318 5
37319 3
37320 14
37321 14
37322 7
37323 7
37324 16
37325 10
37326 8
37327 3
37328 3
37329 5
37330 5
37331 6
37332 11
37333 10
37334 5
37335 5
37336 11
37337 43
37338 29
37339 13
37340 5
37341 6
37342 6
37343 1
37344 4
37345 9
37346 4
37347 2
37348 6
37349 5
37350 5
37351 5
37352 9
37353 4
37354 7
37355 1
37356 4
37357 9
37358 6
37359 1
37360 4
37361 6
37362 5
37363 9
37364 6
37365 4
37366 4
37367 9
37368 4
37369 8
37370 1
37371 3
37372 2
37373 11
37374 1
37375 5
37376 14
37377 4
37378 8
37379 16
37380 13
37381 3
37382 8
37383 3
37384 10
37385 6
37386 4
37387 4
37388 1
37389 5
37390 1
37391 4
37392 1
37393 3
37394 8
37395 4
37396 7
37397 17
37398 3
37399 2
37400 15
37401 18
37402 7
37403 3
37404 5
37405 5
37406 5
37407 5
37408 11
37409 8
37410 9
37411 7
37412 8
37413 3
37414 7
37415 9
37416 7
37417 4
37418 3
37419 4
37420 0
37421 3
37422 10
37423 17
37424 7
37425 4
37426 4
37427 3
37428 3
37429 2
37430 9
37431 5
37432 9
37433 6
37434 3
37435 0
37436 8
37437 1
37438 3
37439 3
37440 41
37441 35
37442 21
37443 3
37444 7
37445 4
37446 10
37447 20
37448 11
37449 46
37450 17
37451 3
37452 7
37453 3
37454 3
37455 5
37456 2
37457 6
37458 1
37459 1
37460 4
37461 7
37462 7
37463 14
37464 7
37465 3
37466 3
37467 8
37468 4
37469 5
37470 11
37471 4
37472 5
37473 4
37474 3
37475 0
37476 8
37477 10
37478 0
37479 2
37480 9
37481 4
37482 1
37483 5
37484 2
37485 11
37486 6
37487 5
37488 12
37489 10
37490 3
37491 3
37492 6
37493 9
37494 9
37495 2
37496 6
37497 1
37498 4
37499 4
37500 42
37501 16
37502 3
37503 3
37504 11
37505 9
37506 7
37507 11
37508 2
37509 4
37510 6
37511 18
37512 26
37513 24
37514 8
37515 5
37516 3
37517 3
37518 7
37519 8
37520 17
37521 3
37522 3
37523 7
37524 7
37525 3
37526 1
37527 6
37528 4
37529 7
37530 13
37531 5
37532 1
37533 4
37534 2
37535 3
37536 15
37537 20
37538 10
37539 2
37540 16
37541 4
37542 2
37543 1
37544 9
37545 2
37546 8
37547 11
37548 7
37549 9
37550 6
37551 4
37552 2
37553 3
37554 5
37555 5
37556 11
37557 6
37558 4
37559 4
37560 9
37561 14
37562 5
37563 0
37564 5
37565 1
37566 4
37567 6
37568 5
37569 2
37570 4
37571 14
37572 3
37573 43
37574 4
37575 3
37576 10
37577 6
37578 3
37579 5
37580 9
37581 4
37582 9
37583 4
37584 21
37585 3
37586 6
37587 2
37588 4
37589 4
37590 10
37591 12
37592 3
37593 0
37594 1
37595 8
37596 5
37597 4
37598 1
37599 5
37600 19
37601 2
37602 2
37603 3
37604 3
37605 3
37606 3
37607 7
37608 4
37609 9
37610 4
37611 7
37612 4
37613 3
37614 2
37615 3
37616 4
37617 3
37618 2
37619 12
37620 11
37621 6
37622 3
37623 0
37624 4
37625 12
37626 2
37627 11
37628 4
37629 5
37630 8
37631 9
37632 51
37633 93
37634 23
37635 18
37636 46
37637 5
37638 9
37639 5
37640 6
37641 9
37642 11
37643 14
37644 7
37645 2
37646 1
37647 3
37648 5
37649 18
37650 3
37651 2
37652 6
37653 2
37654 3
37655 3
37656 7
37657 9
37658 2
37659 4
37660 2
37661 9
37662 1
37663 14
37664 8
37665 9
37666 18
37667 4
37668 9
37669 3
37670 4
37671 1
37672 5
37673 14
37674 16
37675 10
37676 4
37677 1
37678 3
37679 4
37680 16
37681 5
37682 2
37683 6
37684 4
37685 3
37686 9
37687 9
37688 10
37689 4
37690 4
37691 12
37692 9
37693 5
37694 4
37695 4
37696 8
37697 6
37698 2
37699 11
37700 11
37701 13
37702 4
37703 3
37704 5
37705 0
37706 2
37707 2
37708 4
37709 0
37710 4
37711 6
37712 5
37713 0
37714 2
37715 3
37716 7
37717 11
37718 4
37719 4
37720 7
37721 4
37722 7
37723 4
37724 5
37725 6
37726 4
37727 3
37728 11
37729 3
37730 10
37731 0
37732 3
37733 7
37734 4
37735 3
37736 5
37737 6
37738 1
37739 8
37740 8
37741 4
37742 4
37743 6
37744 6
37745 1
37746 7
37747 17
37748 2
37749 2
37750 8
37751 1
37752 10
37753 6
37754 3
37755 3
37756 5
37757 2
37758 11
37759 6
37760 9
37761 5
37762 6
37763 3
37764 5
37765 7
37766 4
37767 0
37768 3
37769 5
37770 5
37771 3
37772 11
37773 6
37774 3
37775 7
37776 6
37777 5
37778 6
37779 4
37780 1
37781 13
37782 2
37783 13
37784 9
37785 5
37786 7
37787 4
37788 10
37789 2
37790 2
37791 16
37792 3
37793 2
37794 2
37795 0
37796 3
37797 4
37798 4
37799 20
37800 140
37801 8
37802 3
37803 4
37804 3
37805 6
37806 0
37807 4
37808 5
37809 3
37810 9
37811 12
37812 11
37813 18
37814 4
37815 3
37816 8
37817 1
37818 6
37819 1
37820 23
37821 2
37822 3
37823 5
37824 14
37825 1
37826 3
37827 4
37828 12
37829 19
37830 15
37831 14
37832 7
37833 6
37834 6
37835 7
37836 4
37837 8
37838 4
37839 4
37840 7
37841 9
37842 7
37843 4
37844 4
37845 9
37846 3
37847 6
37848 11
37849 3
37850 5
37851 14
37852 6
37853 12
37854 7
37855 5
37856 11
37857 2
37858 11
37859 5
37860 7
37861 8
37862 4
37863 6
37864 6
37865 3
37866 2
37867 3
37868 8
37869 5
37870 8
37871 6
37872 3
37873 9
37874 4
37875 4
37876 9
37877 9
37878 4
37879 7
37880 3
37881 14
37882 9
37883 5
37884 11
37885 6
37886 4
37887 6
37888 29
37889 27
37890 5
37891 4
37892 6
37893 6
37894 2
37895 5
37896 5
37897 11
37898 5
37899 5
37900 2
37901 6
37902 3
37903 1
37904 2
37905 8
37906 3
37907 21
37908 22
37909 9
37910 11
37911 3
37912 7
37913 10
37914 5
37915 4
37916 5
37917 7
37918 2
37919 6
37920 12
37921 11
37922 1
37923 2
37924 4
37925 7
37926 24
37927 6
37928 10
37929 5
37930 4
37931 1
37932 1
37933 2
37934 4
37935 12
37936 6
37937 4
37938 2
37939 2
37940 4
37941 3
37942 3
37943 3
37944 20
37945 4
37946 2
37947 8
37948 9
37949 9
37950 27
37951 17
37952 12
37953 2
37954 1
37955 1
37956 5
37957 6
37958 3
37959 2
37960 13
37961 19
37962 14
37963 15
37964 4
37965 6
37966 1
37967 14
37968 8
37969 20
37970 3
37971 5
37972 4
37973 10
37974 1
37975 17
37976 11
37977 6
37978 2
37979 3
37980 8
37981 8
37982 5
37983 3
37984 13
37985 3
37986 9
37987 14
37988 2
37989 5
37990 6
37991 12
37992 5
37993 9
37994 3
37995 12
37996 5
37997 14
37998 3
37999 12
38000 12
38001 11
38002 8
38003 5
38004 3
38005 5
38006 4
38007 3
38008 6
38009 11
38010 10
38011 15
38012 12
38013 5
38014 3
38015 6
38016 18
38017 8
38018 3
38019 10
38020 13
38021 16
38022 5
38023 7
38024 20
38025 86
38026 5
38027 8
38028 2
38029 2
38030 6
38031 4
38032 5
38033 2
38034 4
38035 7
38036 4
38037 5
38038 29
38039 18
38040 13
38041 5
38042 4
38043 5
38044 6
38045 4
38046 5
38047 11
38048 11
38049 3
38050 4
38051 11
38052 9
38053 6
38054 5
38055 3
38056 19
38057 4
38058 3
38059 3
38060 1
38061 3
38062 2
38063 1
38064 14
38065 1
38066 1
38067 5
38068 2
38069 10
38070 8
38071 4
38072 5
38073 11
38074 7
38075 2
38076 8
38077 3
38078 3
38079 6
38080 24
38081 41
38082 5
38083 33
38084 4
38085 5
38086 10
38087 7
38088 13
38089 2
38090 4
38091 3
38092 2
38093 0
38094 2
38095 3
38096 11
38097 6
38098 3
38099 3
38100 7
38101 3
38102 5
38103 6
38104 4
38105 2
38106 3
38107 3
38108 4
38109 2
38110 4
38111 7
38112 7
38113 7
38114 10
38115 25
38116 4
38117 10
38118 3
38119 7
38120 4
38121 7
38122 2
38123 7
38124 5
38125 15
38126 3
38127 1
38128 3
38129 2
38130 10
38131 6
38132 8
38133 3
38134 6
38135 1
38136 3
38137 8
38138 6
38139 1
38140 7
38141 3
38142 6
38143 2
38144 14
38145 5
38146 6
38147 5
38148 8
38149 15
38150 1
38151 4
38152 3
38153 6
38154 8
38155 2
38156 2
38157 5
38158 6
38159 1
38160 25
38161 4
38162 1
38163 4
38164 5
38165 19
38166 3
38167 6
38168 2
38169 5
38170 7
38171 3
38172 3
38173 5
38174 5
38175 3
38176 11
38177 10
38178 5
38179 1
38180 11
38181 5
38182 5
38183 28
38184 6
38185 4
38186 6
38187 1
38188 5
38189 8
38190 6
38191 4
38192 6
38193 4
38194 5
38195 3
38196 5
38197 8
38198 4
38199 7
38200 8
38201 8
38202 2
38203 2
38204 2
38205 5
38206 3
38207 10
38208 8
38209 2
38210 3
38211 6
38212 4
38213 3
38214 5
38215 4
38216 7
38217 3
38218 4
38219 10
38220 45
38221 11
38222 2
38223 9
38224 6
38225 9
38226 15
38227 47
38228 14
38229 15
38230 11
38231 10
38232 20
38233 6
38234 5
38235 4
38236 8
38237 14
38238 8
38239 11
38240 10
38241 4
38242 4
38243 7
38244 5
38245 2
38246 1
38247 3
38248 7
38249 6
38250 9
38251 5
38252 6
38253 0
38254 4
38255 4
38256 10
38257 0
38258 2
38259 12
38260 2
38261 10
38262 6
38263 7
38264 3
38265 6
38266 4
38267 4
38268 6
38269 3
38270 4
38271 0
38272 13
38273 12
38274 2
38275 2
38276 5
38277 2
38278 4
38279 3
38280 17
38281 12
38282 3
38283 4
38284 1
38285 6
38286 5
38287 11
38288 4
38289 2
38290 7
38291 3
38292 2
38293 6
38294 1
38295 3
38296 9
38297 1
38298 7
38299 10
38300 4
38301 1
38302 2
38303 22
38304 28
38305 5
38306 1
38307 6
38308 1
38309 2
38310 8
38311 9
38312 3
38313 10
38314 4
38315 6
38316 3
38317 11
38318 3
38319 1
38320 13
38321 11
38322 7
38323 6
38324 5
38325 9
38326 5
38327 15
38328 6
38329 10
38330 3
38331 2
38332 6
38333 30
38334 3
38335 9
38336 4
38337 5
38338 6
38339 3
38340 17
38341 5
38342 5
38343 7
38344 9
38345 3
38346 15
38347 1
38348 3
38349 6
38350 7
38351 5
38352 4
38353 5
38354 1
38355 1
38356 3
38357 4
38358 3
38359 4
38360 8
38361 6
38362 6
38363 5
38364 2
38365 4
38366 6
38367 11
38368 16
38369 4
38370 6
38371 12
38372 2
38373 0
38374 7
38375 7
38376 23
38377 13
38378 4
38379 3
38380 5
38381 5
38382 4
38383 11
38384 1
38385 6
38386 1
38387 4
38388 10
38389 4
38390 9
38391 3
38392 7
38393 15
38394 3
38395 6
38396 4
38397 2
38398 3
38399 7
38400 61
38401 10
38402 9
38403 10
38404 5
38405 14
38406 5
38407 10
38408 6
38409 12
38410 4
38411 3
38412 6
38413 6
38414 5
38415 21
38416 227
38417 13
38418 4
38419 4
38420 10
38421 2
38422 4
38423 10
38424 11
38425 5
38426 5
38427 0
38428 4
38429 2
38430 22
38431 22
38432 10
38433 1
38434 6
38435 7
38436 2
38437 5
38438 6
38439 3
38440 10
38441 3
38442 2
38443 1
38444 7
38445 5
38446 5
38447 19
38448 12
38449 7
38450 4
38451 4
38452 3
38453 12
38454 11
38455 8
38456 14
38457 7
38458 3
38459 8
38460 6
38461 23
38462 5
38463 2
38464 5
38465 4
38466 10
38467 4
38468 5
38469 1
38470 4
38471 2
38472 12
38473 1
38474 1
38475 7
38476 5
38477 3
38478 7
38479 9
38480 11
38481 2
38482 4
38483 4
38484 7
38485 9
38486 11
38487 1
38488 3
38489 7
38490 2
38491 4
38492 3
38493 8
38494 2
38495 3
38496 7
38497 7
38498 2
38499 1
38500 20
38501 48
38502 1
38503 68
38504 0
38505 14
38506 4
38507 3
38508 4
38509 11
38510 2
38511 4
38512 6
38513 5
38514 1
38515 1
38516 6
38517 4
38518 1
38519 3
38520 12
38521 1
38522 2
38523 6
38524 5
38525 6
38526 1
38527 3
38528 22
38529 4
38530 2
38531 1
38532 10
38533 5
38534 4
38535 5
38536 4
38537 4
38538 3
38539 1
38540 4
38541 2
38542 1
38543 13
38544 11
38545 9
38546 4
38547 3
38548 2
38549 2
38550 5
38551 11
38552 1
38553 5
38554 2
38555 3
38556 10
38557 13
38558 8
38559 4
38560 10
38561 18
38562 3
38563 8
38564 9
38565 5
38566 1
38567 6
38568 6
38569 13
38570 12
38571 7
38572 4
38573 2
38574 6
38575 4
38576 2
38577 6
38578 4
38579 10
38580 2
38581 3
38582 4
38583 6
38584 5
38585 3
38586 4
38587 5
38588 7
38589 3
38590 9
38591 5
38592 13
38593 6
38594 4
38595 5
38596 7
38597 3
38598 3
38599 10
38600 5
38601 0
38602 2
38603 9
38604 2
38605 2
38606 5
38607 1
38608 13
38609 15
38610 32
38611 10
38612 22
38613 10
38614 3
38615 5
38616 3
38617 4
38618 5
38619 6
38620 4
38621 10
38622 8
38623 10
38624 11
38625 8
38626 7
38627 5
38628 1
38629 9
38630 2
38631 2
38632 5
38633 2
38634 6
38635 14
38636 1
38637 10
38638 4
38639 21
38640 38
38641 14
38642 15
38643 5
38644 5
38645 4
38646 9
38647 4
38648 4
38649 7
38650 6
38651 10
38652 3
38653 9
38654 2
38655 3
38656 20
38657 4
38658 2
38659 1
38660 6
38661 4
38662 3
38663 1
38664 5
38665 14
38666 1
38667 1
38668 11
38669 10
38670 7
38671 7
38672 5
38673 5
38674 7
38675 13
38676 10
38677 10
38678 3
38679 1
38680 2
38681 2
38682 10
38683 17
38684 4
38685 6
38686 4
38687 6
38688 14
38689 5
38690 3
38691 12
38692 6
38693 4
38694 2
38695 2
38696 5
38697 3
38698 2
38699 6
38700 20
38701 4
38702 2
38703 6
38704 1
38705 2
38706 6
38707 9
38708 1
38709 9
38710 3
38711 16
38712 5
38713 11
38714 2
38715 5
38716 5
38717 3
38718 2
38719 11
38720 9
38721 8
38722 4
38723 6
38724 7
38725 3
38726 10
38727 5
38728 5
38729 10
38730 2
38731 12
38732 3
38733 3
38734 0
38735 3
38736 14
38737 19
38738 5
38739 7
38740 17
38741 6
38742 5
38743 3
38744 6
38745 20
38746 6
38747 8
38748 3
38749 6
38750 9
38751 7
38752 13
38753 5
38754 4
38755 4
38756 1
38757 0
38758 3
38759 17
38760 114
38761 7
38762 1
38763 6
38764 5
38765 9
38766 6
38767 1
38768 6
38769 5
38770 7
38771 0
38772 6
38773 2
38774 5
38775 4
38776 6
38777 5
38778 1
38779 4
38780 5
38781 11
38782 4
38783 29
38784 3
38785 6
38786 4
38787 2
38788 7
38789 8
38790 4
38791 11
38792 9
38793 5
38794 2
38795 6
38796 2
38797 9
38798 8
38799 8
38800 14
38801 10
38802 3
38803 14
38804 7
38805 14
38806 3
38807 7
38808 49
38809 87
38810 10
38811 3
38812 1
38813 2
38814 2
38815 2
38816 1
38817 3
38818 7
38819 4
38820 9
38821 8
38822 6
38823 4
38824 8
38825 0
38826 7
38827 2
38828 4
38829 19
38830 10
38831 5
38832 5
38833 32
38834 7
38835 15
38836 2
38837 2
38838 6
38839 9
38840 6
38841 5
38842 2
38843 3
38844 2
38845 6
38846 4
38847 1
38848 7
38849 5
38850 15
38851 11
38852 4
38853 5
38854 9
38855 3
38856 6
38857 6
38858 5
38859 2
38860 4
38861 6
38862 6
38863 4
38864 7
38865 4
38866 3
38867 10
38868 8
38869 6
38870 7
38871 3
38872 12
38873 30
38874 10
38875 7
38876 5
38877 3
38878 9
38879 13
38880 85
38881 8
38882 6
38883 5
38884 2
38885 12
38886 8
38887 5
38888 13
38889 10
38890 6
38891 6
38892 6
38893 2
38894 7
38895 5
38896 24
38897 8
38898 1
38899 3
38900 5
38901 6
38902 2
38903 3
38904 3
38905 1
38906 4
38907 10
38908 5
38909 1
38910 9
38911 14
38912 26
38913 10
38914 1
38915 4
38916 10
38917 11
38918 3
38919 8
38920 4
38921 15
38922 3
38923 8
38924 3
38925 3
38926 3
38927 2
38928 5
38929 2
38930 6
38931 5
38932 6
38933 6
38934 16
38935 2
38936 10
38937 4
38938 5
38939 3
38940 7
38941 2
38942 1
38943 3
38944 4
38945 2
38946 4
38947 0
38948 0
38949 6
38950 3
38951 1
38952 4
38953 5
38954 4
38955 6
38956 6
38957 4
38958 5
38959 9
38960 12
38961 9
38962 12
38963 13
38964 3
38965 6
38966 5
38967 2
38968 4
38969 5
38970 6
38971 1
38972 7
38973 1
38974 3
38975 3
38976 21
38977 14
38978 2
38979 5
38980 9
38981 9
38982 10
38983 6
38984 8
38985 9
38986 13
38987 3
38988 21
38989 10
38990 6
38991 3
38992 8
38993 13
38994 3
38995 3
38996 6
38997 5
38998 4
38999 5
39000 17
39001 11
39002 2
39003 7
39004 5
39005 14
39006 11
39007 4
39008 2
39009 3
39010 2
39011 7
39012 4
39013 5
39014 6
39015 16
39016 14
39017 2
39018 0
39019 10
39020 5
39021 1
39022 1
39023 5
39024 12
39025 8
39026 6
39027 2
39028 2
39029 4
39030 8
39031 3
39032 6
39033 4
39034 0
39035 3
39036 2
39037 6
39038 2
39039 21
39040 7
39041 19
39042 2
39043 4
39044 1
39045 5
39046 5
39047 11
39048 5
39049 3
39050 13
39051 7
39052 0
39053 5
39054 4
39055 6
39056 8
39057 3
39058 1
39059 12
39060 31
39061 5
39062 9
39063 16
39064 11
39065 9
39066 20
39067 3
39068 3
39069 5
39070 2
39071 6
39072 10
39073 4
39074 2
39075 5
39076 2
39077 3
39078 6
39079 12
39080 1
39081 5
39082 1
39083 9
39084 9
39085 1
39086 2
39087 6
39088 4
39089 9
39090 2
39091 3
39092 5
39093 3
39094 4
39095 4
39096 3
39097 8
39098 10
39099 3
39100 8
39101 3
39102 16
39103 8
39104 12
39105 12
39106 3
39107 3
39108 2
39109 10
39110 5
39111 4
39112 3
39113 11
39114 3
39115 2
39116 4
39117 10
39118 3
39119 17
39120 12
39121 3
39122 2
39123 5
39124 5
39125 5
39126 1
39127 4
39128 5
39129 2
39130 9
39131 4
39132 3
39133 3
39134 0
39135 0
39136 0
39137 3
39138 8
39139 16
39140 2
39141 1
39142 3
39143 2
39144 7
39145 2
39146 3
39147 4
39148 6
39149 2
39150 12
39151 10
39152 5
39153 1
39154 3
39155 5
39156 8
39157 12
39158 7
39159 10
39160 5
39161 12
39162 4
39163 5
39164 6
39165 4
39166 1
39167 9
39168 42
39169 12
39170 5
39171 5
39172 3
39173 8
39174 7
39175 3
39176 5
39177 3
39178 4
39179 3
39180 5
39181 5
39182 6
39183 6
39184 9
39185 4
39186 10
39187 11
39188 10
39189 3
39190 2
39191 13
39192 7
39193 12
39194 4
39195 9
39196 3
39197 1
39198 4
39199 18
39200 35
39201 15
39202 30
39203 62
39204 81
39205 7
39206 5
39207 7
39208 15
39209 15
39210 13
39211 4
39212 3
39213 7
39214 3
39215 13
39216 15
39217 12
39218 4
39219 4
39220 1
39221 3
39222 10
39223 5
39224 3
39225 6
39226 9
39227 20
39228 7
39229 7
39230 1
39231 6
39232 2
39233 10
39234 7
39235 7
39236 18
39237 5
39238 5
39239 9
39240 12
39241 8
39242 5
39243 4
39244 3
39245 3
39246 8
39247 3
39248 9
39249 14
39250 5
39251 10
39252 1
39253 4
39254 13
39255 6
39256 9
39257 2
39258 6
39259 5
39260 8
39261 2
39262 5
39263 4
39264 4
39265 4
39266 6
39267 5
39268 7
39269 5
39270 114
39271 7
39272 3
39273 9
39274 4
39275 2
39276 7
39277 8
39278 1
39279 4
39280 6
39281 10
39282 8
39283 11
39284 5
39285 17
39286 4
39287 6
39288 6
39289 6
39290 3
39291 4
39292 4
39293 41
39294 1
39295 3
39296 11
39297 4
39298 8
39299 3
39300 8
39301 6
39302 4
39303 12
39304 138
39305 10
39306 8
39307 4
39308 3
39309 2
39310 4
39311 3
39312 56
39313 18
39314 2
39315 4
39316 5
39317 8
39318 7
39319 6
39320 7
39321 29
39322 10
39323 8
39324 4
39325 25
39326 5
39327 5
39328 5
39329 4
39330 15
39331 18
39332 5
39333 3
39334 2
39335 2
39336 9
39337 9
39338 12
39339 18
39340 13
39341 7
39342 4
39343 12
39344 8
39345 3
39346 8
39347 11
39348 9
39349 3
39350 13
39351 5
39352 3
39353 4
39354 6
39355 5
39356 6
39357 3
39358 1
39359 16
39360 21
39361 4
39362 5
39363 7
39364 19
39365 26
39366 148
39367 68
39368 16
39369 12
39370 7
39371 17
39372 19
39373 13
39374 6
39375 38
39376 15
39377 4
39378 5
39379 1
39380 2
39381 2
39382 4
39383 8
39384 12
39385 4
39386 5
39387 6
39388 8
39389 2
39390 13
39391 5
39392 6
39393 15
39394 4
39395 6
39396 8
39397 12
39398 0
39399 9
39400 9
39401 11
39402 13
39403 5
39404 4
39405 0
39406 9
39407 5
39408 12
39409 9
39410 3
39411 4
39412 1
39413 2
39414 3
39415 3
39416 5
39417 0
39418 1
39419 19
39420 9
39421 1
39422 0
39423 4
39424 34
39425 1
39426 2
39427 4
39428 2
39429 5
39430 6
39431 3
39432 4
39433 6
39434 1
39435 5
39436 2
39437 4
39438 3
39439 5
39440 12
39441 3
39442 2
39443 5
39444 7
39445 4
39446 10
39447 11
39448 2
39449 3
39450 13
39451 9
39452 2
39453 3
39454 0
39455 5
39456 2
39457 6
39458 3
39459 4
39460 4
39461 14
39462 3
39463 7
39464 4
39465 2
39466 3
39467 6
39468 19
39469 7
39470 2
39471 4
39472 8
39473 2
39474 3
39475 1
39476 4
39477 4
39478 2
39479 6
39480 23
39481 6
39482 6
39483 10
39484 3
39485 4
39486 3
39487 5
39488 7
39489 4
39490 4
39491 2
39492 10
39493 10
39494 3
39495 4
39496 6
39497 1
39498 3
39499 7
39500 10
39501 14
39502 4
39503 5
39504 6
39505 5
39506 3
39507 1
39508 5
39509 10
39510 0
39511 5
39512 1
39513 4
39514 5
39515 7
39516 6
39517 1
39518 0
39519 4
39520 16
39521 8
39522 2
39523 1
39524 9
39525 10
39526 4
39527 5
39528 15
39529 6
39530 3
39531 6
39532 2
39533 5
39534 3
39535 0
39536 7
39537 4
39538 3
39539 5
39540 10
39541 9
39542 6
39543 2
39544 2
39545 4
39546 16
39547 5
39548 2
39549 4
39550 3
39551 9
39552 7
39553 0
39554 2
39555 5
39556 17
39557 5
39558 3
39559 5
39560 16
39561 7
39562 4
39563 5
39564 8
39565 6
39566 1
39567 3
39568 5
39569 9
39570 2
39571 6
39572 8
39573 3
39574 4
39575 2
39576 4
39577 5
39578 3
39579 3
39580 3
39581 12
39582 6
39583 9
39584 4
39585 37
39586 6
39587 21
39588 4
39589 8
39590 1
39591 3
39592 7
39593 8
39594 12
39595 4
39596 2
39597 8
39598 5
39599 9
39600 88
39601 105
39602 30
39603 79
39604 20
39605 19
39606 12
39607 16
39608 12
39609 22
39610 5
39611 4
39612 9
39613 2
39614 6
39615 7
39616 9
39617 2
39618 1
39619 12
39620 3
39621 22
39622 5
39623 10
39624 11
39625 1
39626 7
39627 11
39628 8
39629 7
39630 8
39631 6
39632 5
39633 2
39634 4
39635 4
39636 7
39637 9
39638 0
39639 8
39640 8
39641 3
39642 3
39643 3
39644 6
39645 2
39646 8
39647 3
39648 16
39649 2
39650 26
39651 15
39652 5
39653 3
39654 5
39655 5
39656 6
39657 1
39658 5
39659 3
39660 8
39661 4
39662 2
39663 6
39664 9
39665 4
39666 1
39667 13
39668 2
39669 7
39670 2
39671 7
39672 11
39673 2
39674 0
39675 11
39676 8
39677 3
39678 3
39679 8
39680 32
39681 1
39682 5
39683 2
39684 4
39685 3
39686 5
39687 6
39688 4
39689 17
39690 23
39691 3
39692 5
39693 17
39694 3
39695 3
39696 7
39697 14
39698 7
39699 6
39700 10
39701 9
39702 4
39703 9
39704 2
39705 1
39706 4
39707 2
39708 7
39709 7
39710 6
39711 29
39712 7
39713 3
39714 5
39715 3
39716 1
39717 3
39718 5
39719 5
39720 13
39721 8
39722 4
39723 3
39724 4
39725 6
39726 13
39727 7
39728 2
39729 4
39730 1
39731 7
39732 26
39733 14
39734 5
39735 2
39736 3
39737 3
39738 0
39739 0
39740 4
39741 0
39742 5
39743 7
39744 23
39745 7
39746 8
39747 2
39748 7
39749 7
39750 3
39751 10
39752 3
39753 7
39754 14
39755 3
39756 2
39757 8
39758 7
39759 8
39760 6
39761 11
39762 6
39763 1
39764 3
39765 3
39766 3
39767 11
39768 9
39769 7
39770 4
39771 6
39772 12
39773 2
39774 5
39775 7
39776 10
39777 5
39778 0
39779 8
39780 26
39781 1
39782 3
39783 3
39784 7
39785 3
39786 3
39787 9
39788 5
39789 7
39790 10
39791 6
39792 2
39793 3
39794 7
39795 6
39796 10
39797 3
39798 8
39799 24
39800 8
39801 4
39802 2
39803 6
39804 18
39805 4
39806 2
39807 9
39808 9
39809 4
39810 9
39811 4
39812 5
39813 2
39814 5
39815 4
39816 15
39817 7
39818 1
39819 11
39820 4
39821 5
39822 0
39823 1
39824 4
39825 4
39826 5
39827 6
39828 2
39829 8
39830 8
39831 7
39832 10
39833 3
39834 2
39835 4
39836 0
39837 6
39838 2
39839 14
39840 8
39841 8
39842 5
39843 3
39844 14
39845 5
39846 5
39847 4
39848 6
39849 0
39850 8
39851 8
39852 20
39853 6
39854 5
39855 4
39856 4
39857 8
39858 9
39859 6
39860 8
39861 8
39862 4
39863 2
39864 13
39865 44
39866 12
39867 2
39868 5
39869 14
39870 9
39871 6
39872 5
39873 9
39874 6
39875 6
39876 5
39877 11
39878 11
39879 8
39880 7
39881 5
39882 5
39883 9
39884 10
39885 2
39886 7
39887 7
39888 6
39889 5
39890 2
39891 16
39892 2
39893 3
39894 2
39895 4
39896 3
39897 6
39898 5
39899 4
39900 18
39901 23
39902 8
39903 14
39904 3
39905 7
39906 4
39907 7
39908 10
39909 7
39910 3
39911 4
39912 6
39913 8
39914 5
39915 6
39916 14
39917 7
39918 3
39919 6
39920 3
39921 3
39922 2
39923 2
39924 3
39925 9
39926 6
39927 7
39928 10
39929 9
39930 9
39931 1
39932 1
39933 5
39934 5
39935 7
39936 42
39937 16
39938 5
39939 7
39940 7
39941 3
39942 8
39943 0
39944 5
39945 2
39946 3
39947 6
39948 4
39949 6
39950 2
39951 6
39952 11
39953 8
39954 1
39955 1
39956 5
39957 3
39958 1
39959 6
39960 22
39961 5
39962 6
39963 5
39964 3
39965 3
39966 0
39967 5
39968 9
39969 6
39970 3
39971 14
39972 8
39973 5
39974 8
39975 6
39976 2
39977 4
39978 1
39979 9
39980 6
39981 5
39982 4
39983 11
39984 18
39985 8
39986 1
39987 1
39988 5
39989 19
39990 26
39991 23
39992 7
39993 14
39994 4
39995 10
39996 18
39997 8
39998 6
39999 34
40000 286
40001 28
40002 5
40003 6
40004 21
40005 17
40006 9
40007 3
40008 9
40009 19
40010 10
40011 5
40012 3
40013 17
40014 11
40015 5
40016 13
40017 3
40018 3
40019 1
40020 17
40021 5
40022 4
40023 16
40024 8
40025 5
40026 7
40027 3
40028 9
40029 1
40030 4
40031 18
40032 17
40033 12
40034 2
40035 1
40036 4
40037 10
40038 10
40039 11
40040 78
40041 13
40042 1
40043 7
40044 10
40045 4
40046 5
40047 1
40048 6
40049 7
40050 9
40051 7
40052 6
40053 9
40054 7
40055 3
40056 11
40057 4
40058 5
40059 2
40060 7
40061 4
40062 1
40063 12
40064 12
40065 4
40066 5
40067 5
40068 16
40069 2
40070 4
40071 9
40072 6
40073 14
40074 3
40075 4
40076 1
40077 5
40078 10
40079 8
40080 23
40081 20
40082 9
40083 11
40084 3
40085 7
40086 9
40087 19
40088 3
40089 8
40090 15
40091 8
40092 3
40093 11
40094 3
40095 24
40096 7
40097 9
40098 1
40099 19
40100 11
40101 3
40102 2
40103 2
40104 15
40105 9
40106 8
40107 5
40108 14
40109 1
40110 14
40111 17
40112 10
40113 3
40114 8
40115 5
40116 3
40117 7
40118 3
40119 5
40120 18
40121 7
40122 8
40123 23
40124 7
40125 3
40126 3
40127 8
40128 16
40129 9
40130 5
40131 20
40132 11
40133 3
40134 6
40135 3
40136 10
40137 2
40138 4
40139 9
40140 10
40141 2
40142 1
40143 2
40144 8
40145 3
40146 4
40147 1
40148 10
40149 2
40150 5
40151 11
40152 6
40153 5
40154 7
40155 0
40156 15
40157 7
40158 3
40159 1
40160 10
40161 6
40162 3
40163 4
40164 3
40165 9
40166 2
40167 7
40168 6
40169 12
40170 4
40171 6
40172 6
40173 4
40174 3
40175 1
40176 30
40177 10
40178 8
40179 1
40180 4
40181 4
40182 7
40183 4
40184 4
40185 4
40186 14
40187 9
40188 9
40189 10
40190 2
40191 6
40192 12
40193 24
40194 11
40195 2
40196 3
40197 3
40198 2
40199 8
40200 24
40201 5
40202 3
40203 4
40204 12
40205 4
40206 3
40207 4
40208 8
40209 3
40210 10
40211 3
40212 6
40213 21
40214 1
40215 5
40216 6
40217 6
40218 2
40219 2
40220 4
40221 11
40222 8
40223 6
40224 9
40225 1
40226 5
40227 6
40228 1
40229 1
40230 8
40231 11
40232 3
40233 0
40234 3
40235 5
40236 1
40237 7
40238 4
40239 6
40240 5
40241 9
40242 6
40243 2
40244 2
40245 4
40246 2
40247 6
40248 5
40249 3
40250 9
40251 0
40252 3
40253 4
40254 5
40255 1
40256 17
40257 8
40258 2
40259 1
40260 8
40261 5
40262 6
40263 1
40264 10
40265 2
40266 2
40267 4
40268 0
40269 2
40270 11
40271 6
40272 12
40273 4
40274 12
40275 3
40276 4
40277 9
40278 5
40279 2
40280 7
40281 8
40282 2
40283 8
40284 15
40285 5
40286 2
40287 2
40288 14
40289 19
40290 7
40291 17
40292 4
40293 13
40294 4
40295 7
40296 16
40297 10
40298 5
40299 8
40300 13
40301 13
40302 5
40303 4
40304 18
40305 4
40306 6
40307 2
40308 2
40309 7
40310 2
40311 8
40312 14
40313 14
40314 16
40315 3
40316 4
40317 5
40318 15
40319 56
40320 1624
40321 55
40322 11
40323 10
40324 5
40325 4
40326 17
40327 12
40328 21
40329 4
40330 9
40331 0
40332 10
40333 12
40334 2
40335 4
40336 11
40337 8
40338 6
40339 6
40340 5
40341 6
40342 1
40343 24
40344 20
40345 9
40346 11
40347 8
40348 4
40349 4
40350 12
40351 13
40352 5
40353 7
40354 2
40355 3
40356 12
40357 12
40358 2
40359 1
40360 1
40361 22
40362 7
40363 8
40364 7
40365 15
40366 1
40367 9
40368 9
40369 13
40370 13
40371 4
40372 2
40373 3
40374 1
40375 5
40376 10
40377 5
40378 2
40379 4
40380 8
40381 3
40382 1
40383 7
40384 16
40385 4
40386 1
40387 13
40388 4
40389 0
40390 12
40391 33
40392 21
40393 12
40394 5
40395 9
40396 3
40397 7
40398 3
40399 3
40400 14
40401 75
40402 3
40403 3
40404 23
40405 5
40406 4
40407 6
40408 9
40409 4
40410 18
40411 3
40412 9
40413 8
40414 5
40415 5
40416 13
40417 2
40418 6
40419 3
40420 7
40421 6
40422 2
40423 6
40424 5
40425 31
40426 17
40427 18
40428 5
40429 10
40430 1
40431 10
40432 6
40433 22
40434 6
40435 8
40436 1
40437 5
40438 3
40439 2
40440 12
40441 8
40442 13
40443 5
40444 8
40445 3
40446 26
40447 9
40448 8
40449 6
40450 4
40451 3
40452 7
40453 1
40454 3
40455 12
40456 6
40457 4
40458 2
40459 6
40460 63
40461 2
40462 4
40463 2
40464 11
40465 9
40466 4
40467 2
40468 1
40469 0
40470 8
40471 16
40472 10
40473 5
40474 3
40475 6
40476 5
40477 4
40478 4
40479 2
40480 15
40481 1
40482 3
40483 13
40484 2
40485 5
40486 5
40487 14
40488 5
40489 8
40490 2
40491 4
40492 10
40493 11
40494 4
40495 14
40496 10
40497 2
40498 5
40499 16
40500 35
40501 37
40502 6
40503 9
40504 12
40505 4
40506 6
40507 8
40508 5
40509 10
40510 4
40511 6
40512 7
40513 5
40514 6
40515 10
40516 3
40517 3
40518 5
40519 4
40520 8
40521 4
40522 6
40523 3
40524 2
40525 7
40526 5
40527 7
40528 11
40529 6
40530 11
40531 9
40532 3
40533 3
40534 4
40535 3
40536 7
40537 3
40538 1
40539 0
40540 4
40541 0
40542 1
40543 6
40544 14
40545 57
40546 5
40547 1
40548 5
40549 4
40550 1
40551 4
40552 2
40553 1
40554 2
40555 2
40556 1
40557 4
40558 5
40559 10
40560 21
40561 7
40562 4
40563 6
40564 7
40565 7
40566 1
40567 2
40568 2
40569 7
40570 6
40571 1
40572 32
40573 4
40574 2
40575 7
40576 11
40577 11
40578 2
40579 3
40580 2
40581 10
40582 1
40583 5
40584 8
40585 12
40586 5
40587 11
40588 5
40589 7
40590 18
40591 8
40592 7
40593 8
40594 2
40595 4
40596 6
40597 7
40598 4
40599 5
40600 14
40601 5
40602 6
40603 5
40604 7
40605 2
40606 2
40607 3
40608 13
40609 12
40610 6
40611 2
40612 15
40613 3
40614 16
40615 7
40616 3
40617 3
40618 3
40619 2
40620 3
40621 2
40622 2
40623 1
40624 3
40625 42
40626 12
40627 8
40628 3
40629 3
40630 6
40631 2
40632 6
40633 3
40634 0
40635 11
40636 10
40637 17
40638 6
40639 17
40640 12
40641 6
40642 5
40643 3
40644 6
40645 4
40646 2
40647 1
40648 2
40649 5
40650 4
40651 0
40652 3
40653 6
40654 7
40655 2
40656 25
40657 7
40658 2
40659 4
40660 5
40661 5
40662 6
40663 5
40664 5
40665 3
40666 4
40667 4
40668 5
40669 3
40670 6
40671 3
40672 4
40673 2
40674 5
40675 2
40676 0
40677 9
40678 9
40679 8
40680 9
40681 5
40682 2
40683 0
40684 3
40685 1
40686 2
40687 2
40688 4
40689 6
40690 5
40691 2
40692 11
40693 6
40694 2
40695 5
40696 9
40697 6
40698 15
40699 12
40700 5
40701 1
40702 2
40703 6
40704 20
40705 1
40706 3
40707 7
40708 4
40709 9
40710 1
40711 2
40712 6
40713 6
40714 3
40715 0
40716 9
40717 6
40718 0
40719 7
40720 7
40721 7
40722 9
40723 10
40724 5
40725 5
40726 2
40727 4
40728 6
40729 2
40730 6
40731 5
40732 2
40733 10
40734 11
40735 2
40736 6
40737 2
40738 2
40739 2
40740 18
40741 4
40742 4
40743 2
40744 6
40745 4
40746 3
40747 5
40748 3
40749 9
40750 2
40751 5
40752 5
40753 1
40754 6
40755 47
40756 11
40757 4
40758 4
40759 7
40760 3
40761 2
40762 4
40763 4
40764 4
40765 7
40766 5
40767 4
40768 21
40769 5
40770 8
40771 3
40772 1
40773 5
40774 1
40775 4
40776 8
40777 5
40778 2
40779 1
40780 1
40781 1
40782 7
40783 1
40784 4
40785 1
40786 4
40787 12
40788 8
40789 8
40790 1
40791 6
40792 7
40793 2
40794 1
40795 6
40796 6
40797 5
40798 3
40799 2
40800 17
40801 8
40802 4
40803 4
40804 75
40805 4
40806 5
40807 10
40808 2
40809 2
40810 6
40811 2
40812 2
40813 7
40814 4
40815 5
40816 11
40817 10
40818 1
40819 16
40820 4
40821 6
40822 2
40823 9
40824 97
40825 6
40826 3
40827 0
40828 4
40829 9
40830 6
40831 3
40832 16
40833 4
40834 10
40835 5
40836 5
40837 7
40838 6
40839 2
40840 4
40841 12
40842 8
40843 1
40844 1
40845 6
40846 3
40847 7
40848 9
40849 8
40850 9
40851 13
40852 3
40853 8
40854 3
40855 5
40856 9
40857 6
40858 3
40859 5
40860 8
40861 5
40862 1
40863 2
40864 6
40865 3
40866 1
40867 12
40868 6
40869 4
40870 3
40871 0
40872 6
40873 10
40874 3
40875 4
40876 7
40877 3
40878 6
40879 8
40880 18
40881 11
40882 5
40883 12
40884 5
40885 22
40886 2
40887 3
40888 4
40889 1
40890 8
40891 5
40892 0
40893 3
40894 8
40895 3
40896 13
40897 21
40898 27
40899 10
40900 5
40901 4
40902 4
40903 9
40904 7
40905 5
40906 2
40907 3
40908 10
40909 8
40910 4
40911 5
40912 5
40913 3
40914 6
40915 6
40916 7
40917 7
40918 6
40919 8
40920 37
40921 7
40922 9
40923 4
40924 2
40925 5
40926 5
40927 7
40928 1
40929 8
40930 4
40931 10
40932 5
40933 17
40934 5
40935 7
40936 5
40937 4
40938 4
40939 5
40940 6
40941 4
40942 8
40943 3
40944 8
40945 3
40946 2
40947 2
40948 7
40949 17
40950 46
40951 16
40952 5
40953 8
40954 4
40955 12
40956 13
40957 9
40958 12
40959 25
40960 111
40961 67
40962 7
40963 8
40964 14
40965 7
40966 4
40967 10
40968 4
40969 1
40970 5
40971 3
40972 0
40973 5
40974 5
40975 3
40976 10
40977 9
40978 6
40979 3
40980 1
40981 3
40982 1
40983 5
40984 4
40985 4
40986 16
40987 3
40988 0
40989 2
40990 2
40991 7
40992 10
40993 12
40994 6
40995 3
40996 2
40997 2
40998 1
40999 3
41000 17
41001 5
41002 6
41003 6
41004 12
41005 9
41006 8
41007 0
41008 3
41009 2
41010 5
41011 9
41012 11
41013 13
41014 8
41015 6
41016 3
41017 9
41018 3
41019 6
41020 8
41021 4
41022 10
41023 13
41024 6
41025 6
41026 4
41027 6
41028 4
41029 2
41030 10
41031 5
41032 9
41033 10
41034 8
41035 5
41036 1
41037 5
41038 3
41039 28
41040 37
41041 115
41042 3
41043 4
41044 4
41045 3
41046 8
41047 13
41048 2
41049 5
41050 3
41051 9
41052 8
41053 2
41054 6
41055 27
41056 5
41057 3
41058 5
41059 2
41060 4
41061 5
41062 7
41063 3
41064 9
41065 3
41066 8
41067 28
41068 3
41069 5
41070 5
41071 3
41072 7
41073 3
41074 4
41075 10
41076 7
41077 9
41078 4
41079 5
41080 7
41081 17
41082 3
41083 5
41084 5
41085 0
41086 2
41087 3
41088 10
41089 3
41090 5
41091 2
41092 7
41093 2
41094 5
41095 3
41096 6
41097 6
41098 3
41099 6
41100 8
41101 2
41102 1
41103 3
41104 13
41105 3
41106 7
41107 11
41108 3
41109 2
41110 8
41111 13
41112 24
41113 15
41114 14
41115 3
41116 4
41117 9
41118 9
41119 4
41120 8
41121 4
41122 0
41123 4
41124 7
41125 17
41126 0
41127 2
41128 4
41129 3
41130 1
41131 14
41132 7
41133 2
41134 1
41135 4
41136 7
41137 1
41138 5
41139 7
41140 25
41141 29
41142 2
41143 5
41144 6
41145 1
41146 3
41147 2
41148 8
41149 10
41150 3
41151 10
41152 10
41153 6
41154 12
41155 6
41156 3
41157 3
41158 2
41159 4
41160 100
41161 18
41162 3
41163 3
41164 8
41165 11
41166 1
41167 5
41168 6
41169 3
41170 2
41171 1
41172 2
41173 4
41174 6
41175 11
41176 7
41177 16
41178 3
41179 11
41180 6
41181 7
41182 4
41183 5
41184 28
41185 1
41186 0
41187 2
41188 1
41189 3
41190 3
41191 4
41192 7
41193 11
41194 5
41195 6
41196 5
41197 3
41198 2
41199 1
41200 7
41201 17
41202 14
41203 24
41204 5
41205 6
41206 3
41207 1
41208 9
41209 63
41210 5
41211 4
41212 3
41213 15
41214 8
41215 1
41216 24
41217 0
41218 2
41219 2
41220 4
41221 12
41222 10
41223 6
41224 14
41225 4
41226 12
41227 10
41228 4
41229 3
41230 7
41231 10
41232 5
41233 15
41234 4
41235 6
41236 7
41237 8
41238 4
41239 3
41240 2
41241 8
41242 3
41243 2
41244 4
41245 7
41246 5
41247 6
41248 7
41249 1
41250 10
41251 4
41252 3
41253 6
41254 3
41255 4
41256 8
41257 14
41258 2
41259 1
41260 9
41261 11
41262 6
41263 11
41264 3
41265 14
41266 4
41267 3
41268 6
41269 3
41270 3
41271 3
41272 12
41273 6
41274 4
41275 5
41276 7
41277 4
41278 3
41279 3
41280 11
41281 6
41282 7
41283 5
41284 3
41285 9
41286 11
41287 4
41288 8
41289 3
41290 1
41291 2
41292 3
41293 2
41294 2
41295 1
41296 4
41297 0
41298 0
41299 8
41300 7
41301 7
41302 9
41303 8
41304 4
41305 1
41306 2
41307 2
41308 9
41309 9
41310 15
41311 9
41312 2
41313 3
41314 9
41315 5
41316 6
41317 3
41318 0
41319 2
41320 2
41321 2
41322 4
41323 4
41324 3
41325 8
41326 0
41327 9
41328 34
41329 4
41330 1
41331 4
41332 5
41333 17
41334 11
41335 3
41336 9
41337 0
41338 6
41339 4
41340 9
41341 12
41342 2
41343 6
41344 20
41345 5
41346 8
41347 3
41348 4
41349 5
41350 4
41351 9
41352 5
41353 15
41354 1
41355 1
41356 6
41357 7
41358 3
41359 7
41360 11
41361 4
41362 5
41363 6
41364 12
41365 4
41366 3
41367 4
41368 1
41369 4
41370 9
41371 14
41372 3
41373 5
41374 10
41375 2
41376 3
41377 4
41378 7
41379 6
41380 2
41381 14
41382 8
41383 7
41384 6
41385 9
41386 5
41387 5
41388 5
41389 9
41390 4
41391 8
41392 9
41393 21
41394 0
41395 1
41396 2
41397 3
41398 2
41399 16
41400 18
41401 14
41402 6
41403 1
41404 2
41405 20
41406 6
41407 2
41408 1
41409 6
41410 7
41411 25
41412 13
41413 19
41414 21
41415 2
41416 10
41417 7
41418 3
41419 9
41420 6
41421 2
41422 7
41423 5
41424 6
41425 5
41426 2
41427 1
41428 6
41429 5
41430 6
41431 2
41432 1
41433 7
41434 4
41435 1
41436 1
41437 9
41438 2
41439 0
41440 8
41441 11
41442 7
41443 5
41444 11
41445 1
41446 8
41447 5
41448 3
41449 7
41450 3
41451 5
41452 6
41453 11
41454 6
41455 9
41456 9
41457 0
41458 0
41459 9
41460 5
41461 4
41462 6
41463 1
41464 3
41465 1
41466 3
41467 12
41468 6
41469 3
41470 19
41471 14
41472 196
41473 21
41474 18
41475 6
41476 7
41477 2
41478 5
41479 16
41480 9
41481 2
41482 3
41483 1
41484 4
41485 7
41486 1
41487 2
41488 7
41489 3
41490 4
41491 15
41492 0
41493 5
41494 2
41495 2
41496 22
41497 4
41498 7
41499 3
41500 4
41501 4
41502 2
41503 20
41504 6
41505 5
41506 16
41507 6
41508 7
41509 4
41510 5
41511 6
41512 8
41513 6
41514 12
41515 5
41516 5
41517 1
41518 3
41519 6
41520 12
41521 9
41522 8
41523 7
41524 4
41525 4
41526 7
41527 3
41528 14
41529 5
41530 7
41531 6
41532 7
41533 6
41534 5
41535 9
41536 11
41537 1
41538 9
41539 7
41540 1
41541 4
41542 6
41543 10
41544 11
41545 8
41546 3
41547 7
41548 9
41549 10
41550 6
41551 5
41552 12
41553 29
41554 2
41555 4
41556 4
41557 6
41558 8
41559 6
41560 4
41561 6
41562 3
41563 1
41564 3
41565 3
41566 3
41567 7
41568 11
41569 4
41570 3
41571 10
41572 6
41573 3
41574 1
41575 1
41576 2
41577 11
41578 6
41579 17
41580 109
41581 17
41582 7
41583 8
41584 7
41585 7
41586 47
41587 4
41588 0
41589 6
41590 2
41591 6
41592 5
41593 8
41594 5
41595 3
41596 3
41597 15
41598 3
41599 7
41600 28
41601 9
41602 4
41603 18
41604 10
41605 2
41606 1
41607 3
41608 10
41609 21
41610 13
41611 10
41612 8
41613 2
41614 13
41615 15
41616 136
41617 36
41618 11
41619 2
41620 5
41621 9
41622 7
41623 6
41624 13
41625 5
41626 3
41627 9
41628 8
41629 5
41630 1
41631 4
41632 3
41633 10
41634 1
41635 5
41636 1
41637 2
41638 4
41639 1
41640 5
41641 22
41642 8
41643 6
41644 3
41645 5
41646 5
41647 15
41648 2
41649 4
41650 19
41651 17
41652 8
41653 3
41654 2
41655 4
41656 10
41657 8
41658 5
41659 1
41660 1
41661 0
41662 3
41663 4
41664 46
41665 16
41666 7
41667 7
41668 7
41669 12
41670 10
41671 9
41672 5
41673 4
41674 6
41675 8
41676 8
41677 3
41678 5
41679 3
41680 5
41681 5
41682 10
41683 3
41684 4
41685 12
41686 4
41687 7
41688 3
41689 6
41690 1
41691 1
41692 4
41693 5
41694 1
41695 4
41696 7
41697 1
41698 4
41699 7
41700 9
41701 5
41702 4
41703 1
41704 5
41705 3
41706 6
41707 2
41708 5
41709 6
41710 4
41711 3
41712 12
41713 0
41714 4
41715 9
41716 1
41717 0
41718 6
41719 7
41720 4
41721 5
41722 1
41723 4
41724 3
41725 1
41726 1
41727 4
41728 10
41729 14
41730 6
41731 3
41732 4
41733 3
41734 2
41735 6
41736 2
41737 11
41738 3
41739 2
41740 4
41741 8
41742 5
41743 8
41744 4
41745 18
41746 11
41747 6
41748 11
41749 8
41750 2
41751 2
41752 5
41753 2
41754 6
41755 7
41756 6
41757 6
41758 4
41759 14
41760 9
41761 27
41762 11
41763 3
41764 2
41765 5
41766 2
41767 2
41768 9
41769 14
41770 3
41771 8
41772 9
41773 2
41774 3
41775 2
41776 6
41777 8
41778 8
41779 5
41780 6
41781 2
41782 4
41783 4
41784 3
41785 3
41786 3
41787 4
41788 3
41789 6
41790 10
41791 6
41792 2
41793 5
41794 0
41795 0
41796 5
41797 3
41798 3
41799 2
41800 10
41801 10
41802 4
41803 2
41804 2
41805 4
41806 7
41807 7
41808 10
41809 5
41810 12
41811 5
41812 2
41813 8
41814 13
41815 6
41816 7
41817 6
41818 5
41819 2
41820 12
41821 6
41822 4
41823 12
41824 26
41825 10
41826 2
41827 3
41828 2
41829 2
41830 2
41831 3
41832 11
41833 8
41834 5
41835 27
41836 3
41837 7
41838 5
41839 8
41840 3
41841 9
41842 3
41843 8
41844 9
41845 3
41846 3
41847 7
41848 1
41849 6
41850 13
41851 10
41852 5
41853 1
41854 2
41855 4
41856 5
41857 8
41858 1
41859 4
41860 9
41861 4
41862 2
41863 9
41864 2
41865 1
41866 7
41867 8
41868 3
41869 4
41870 3
41871 1
41872 6
41873 2
41874 4
41875 5
41876 6
41877 3
41878 3
41879 6
41880 5
41881 7
41882 2
41883 2
41884 1
41885 2
41886 2
41887 8
41888 12
41889 3
41890 7
41891 3
41892 3
41893 11
41894 4
41895 16
41896 3
41897 4
41898 1
41899 2
41900 7
41901 6
41902 1
41903 8
41904 5
41905 25
41906 5
41907 3
41908 6
41909 2
41910 6
41911 8
41912 10
41913 3
41914 10
41915 5
41916 7
41917 6
41918 4
41919 9
41920 2
41921 6
41922 3
41923 3
41924 2
41925 5
41926 10
41927 9
41928 2
41929 2
41930 5
41931 7
41932 9
41933 7
41934 4
41935 3
41936 4
41937 8
41938 9
41939 3
41940 7
41941 14
41942 2
41943 14
41944 12
41945 11
41946 3
41947 8
41948 2
41949 4
41950 4
41951 6
41952 17
41953 13
41954 4
41955 6
41956 12
41957 11
41958 16
41959 10
41960 3
41961 3
41962 2
41963 3
41964 2
41965 5
41966 6
41967 1
41968 0
41969 6
41970 6
41971 4
41972 6
41973 9
41974 0
41975 3
41976 9
41977 2
41978 0
41979 7
41980 9
41981 12
41982 0
41983 5
41984 29
41985 3
41986 3
41987 4
41988 3
41989 7
41990 42
41991 2
41992 3
41993 5
41994 2
41995 3
41996 4
41997 0
41998 10
41999 11
42000 46
42001 10
42002 2
42003 3
42004 4
42005 3
42006 3
42007 2
42008 3
42009 4
42010 0
42011 6
42012 8
42013 17
42014 1
42015 0
42016 4
42017 9
42018 7
42019 7
42020 11
42021 10
42022 2
42023 9
42024 27
42025 74
42026 4
42027 1
42028 1
42029 6
42030 4
42031 6
42032 10
42033 3
42034 0
42035 5
42036 4
42037 4
42038 3
42039 5
42040 3
42041 6
42042 41
42043 19
42044 4
42045 1
42046 7
42047 1
42048 20
42049 15
42050 8
42051 5
42052 1
42053 2
42054 4
42055 3
42056 6
42057 4
42058 4
42059 2
42060 8
42061 11
42062 2
42063 2
42064 3
42065 6
42066 8
42067 1
42068 3
42069 4
42070 10
42071 8
42072 4
42073 7
42074 2
42075 11
42076 2
42077 1
42078 1
42079 6
42080 9
42081 9
42082 3
42083 7
42084 4
42085 5
42086 3
42087 0
42088 2
42089 7
42090 9
42091 1
42092 0
42093 1
42094 9
42095 3
42096 8
42097 3
42098 5
42099 8
42100 9
42101 9
42102 3
42103 0
42104 7
42105 2
42106 4
42107 3
42108 3
42109 12
42110 7
42111 11
42112 22
42113 3
42114 2
42115 5
42116 5
42117 0
42118 3
42119 3
42120 36
42121 9
42122 3
42123 0
42124 8
42125 5
42126 1
42127 19
42128 5
42129 5
42130 11
42131 11
42132 9
42133 3
42134 3
42135 5
42136 8
42137 3
42138 0
42139 9
42140 9
42141 3
42142 3
42143 10
42144 7
42145 4
42146 3
42147 4
42148 4
42149 1
42150 12
42151 2
42152 2
42153 2
42154 2
42155 2
42156 4
42157 4
42158 2
42159 4
42160 7
42161 7
42162 1
42163 4
42164 9
42165 0
42166 2
42167 5
42168 12
42169 7
42170 5
42171 0
42172 2
42173 3
42174 6
42175 8
42176 20
42177 2
42178 3
42179 8
42180 8
42181 12
42182 12
42183 4
42184 3
42185 6
42186 1
42187 26
42188 4
42189 6
42190 3
42191 2
42192 4
42193 11
42194 2
42195 16
42196 5
42197 6
42198 6
42199 2
42200 4
42201 2
42202 4
42203 1
42204 0
42205 7
42206 3
42207 3
42208 7
42209 15
42210 12
42211 7
42212 2
42213 5
42214 10
42215 2
42216 3
42217 5
42218 3
42219 2
42220 5
42221 12
42222 4
42223 10
42224 17
42225 5
42226 2
42227 13
42228 8
42229 11
42230 7
42231 9
42232 4
42233 1
42234 4
42235 3
42236 4
42237 8
42238 5
42239 6
42240 58
42241 10
42242 8
42243 7
42244 1
42245 9
42246 5
42247 2
42248 4
42249 2
42250 8
42251 8
42252 10
42253 6
42254 2
42255 2
42256 9
42257 3
42258 3
42259 3
42260 3
42261 3
42262 7
42263 3
42264 4
42265 1
42266 1
42267 3
42268 4
42269 4
42270 0
42271 10
42272 15
42273 10
42274 7
42275 2
42276 8
42277 3
42278 1
42279 5
42280 8
42281 8
42282 9
42283 6
42284 8
42285 8
42286 7
42287 5
42288 12
42289 5
42290 0
42291 5
42292 5
42293 12
42294 22
42295 7
42296 6
42297 3
42298 1
42299 15
42300 26
42301 9
42302 7
42303 3
42304 2
42305 10
42306 3
42307 5
42308 11
42309 3
42310 6
42311 6
42312 8
42313 10
42314 4
42315 28
42316 2
42317 6
42318 2
42319 3
42320 3
42321 7
42322 3
42323 2
42324 7
42325 4
42326 3
42327 2
42328 9
42329 2
42330 9
42331 12
42332 4
42333 6
42334 3
42335 8
42336 60
42337 15
42338 7
42339 1
42340 6
42341 0
42342 4
42343 1
42344 3
42345 5
42346 5
42347 6
42348 6
42349 9
42350 2
42351 7
42352 4
42353 0
42354 3
42355 7
42356 5
42357 6
42358 3
42359 12
42360 5
42361 2
42362 5
42363 5
42364 5
42365 4
42366 5
42367 8
42368 9
42369 1
42370 1
42371 3
42372 11
42373 5
42374 2
42375 9
42376 7
42377 3
42378 7
42379 5
42380 3
42381 4
42382 1
42383 1
42384 5
42385 3
42386 3
42387 3
42388 0
42389 3
42390 3
42391 7
42392 6
42393 2
42394 4
42395 3
42396 8
42397 10
42398 4
42399 6
42400 9
42401 6
42402 5
42403 5
42404 5
42405 15
42406 3
42407 9
42408 12
42409 6
42410 8
42411 6
42412 5
42413 2
42414 2
42415 3
42416 5
42417 3
42418 1
42419 4
42420 14
42421 6
42422 10
42423 6
42424 7
42425 3
42426 5
42427 7
42428 3
42429 1
42430 3
42431 2
42432 20
42433 12
42434 0
42435 7
42436 35
42437 31
42438 9
42439 13
42440 8
42441 9
42442 4
42443 13
42444 8
42445 3
42446 3
42447 5
42448 4
42449 9
42450 7
42451 16
42452 1
42453 1
42454 4
42455 0
42456 6
42457 10
42458 5
42459 8
42460 1
42461 13
42462 6
42463 10
42464 1
42465 4
42466 2
42467 5
42468 7
42469 5
42470 6
42471 9
42472 1
42473 6
42474 7
42475 2
42476 10
42477 1
42478 1
42479 5
42480 14
42481 4
42482 2
42483 5
42484 11
42485 6
42486 12
42487 8
42488 2
42489 5
42490 4
42491 6
42492 9
42493 1
42494 5
42495 3
42496 10
42497 2
42498 8
42499 9
42500 17
42501 2
42502 3
42503 1
42504 68
42505 3
42506 3
42507 2
42508 6
42509 10
42510 9
42511 2
42512 7
42513 5
42514 5
42515 6
42516 2
42517 8
42518 2
42519 4
42520 10
42521 1
42522 3
42523 4
42524 13
42525 70
42526 10
42527 7
42528 15
42529 2
42530 3
42531 4
42532 7
42533 17
42534 1
42535 1
42536 5
42537 1
42538 3
42539 1
42540 9
42541 4
42542 3
42543 3
42544 9
42545 3
42546 5
42547 4
42548 4
42549 4
42550 7
42551 1
42552 5
42553 1
42554 2
42555 2
42556 1
42557 12
42558 1
42559 1
42560 20
42561 5
42562 2
42563 5
42564 3
42565 8
42566 1
42567 3
42568 4
42569 9
42570 9
42571 15
42572 1
42573 3
42574 2
42575 2
42576 7
42577 6
42578 3
42579 5
42580 1
42581 2
42582 1
42583 3
42584 2
42585 9
42586 1
42587 2
42588 19
42589 9
42590 4
42591 2
42592 40
42593 7
42594 1
42595 2
42596 4
42597 4
42598 3
42599 7
42600 6
42601 8
42602 10
42603 2
42604 6
42605 2
42606 5
42607 5
42608 2
42609 7
42610 6
42611 10
42612 2
42613 11
42614 10
42615 6
42616 3
42617 2
42618 4
42619 8
42620 2
42621 2
42622 6
42623 7
42624 24
42625 7
42626 4
42627 9
42628 2
42629 1
42630 14
42631 4
42632 1
42633 5
42634 4
42635 2
42636 20
42637 7
42638 2
42639 2
42640 8
42641 19
42642 4
42643 10
42644 2
42645 3
42646 8
42647 9
42648 9
42649 8
42650 4
42651 6
42652 7
42653 10
42654 4
42655 4
42656 5
42657 3
42658 10
42659 4
42660 13
42661 7
42662 2
42663 5
42664 9
42665 8
42666 4
42667 12
42668 1
42669 13
42670 4
42671 8
42672 8
42673 7
42674 0
42675 1
42676 12
42677 10
42678 3
42679 5
42680 13
42681 3
42682 6
42683 8
42684 3
42685 3
42686 3
42687 10
42688 4
42689 17
42690 4
42691 2
42692 5
42693 3
42694 3
42695 2
42696 7
42697 6
42698 6
42699 1
42700 7
42701 9
42702 7
42703 12
42704 5
42705 8
42706 4
42707 4
42708 3
42709 6
42710 5
42711 5
42712 8
42713 3
42714 9
42715 3
42716 3
42717 4
42718 5
42719 10
42720 5
42721 4
42722 4
42723 4
42724 10
42725 1
42726 5
42727 2
42728 4
42729 3
42730 3
42731 2
42732 10
42733 1
42734 3
42735 29
42736 8
42737 13
42738 3
42739 3
42740 3
42741 2
42742 1
42743 7
42744 14
42745 6
42746 2
42747 3
42748 2
42749 3
42750 12
42751 7
42752 5
42753 3
42754 3
42755 3
42756 19
42757 9
42758 2
42759 3
42760 5
42761 6
42762 14
42763 7
42764 2
42765 2
42766 1
42767 7
42768 22
42769 5
42770 10
42771 9
42772 5
42773 8
42774 5
42775 4
42776 8
42777 6
42778 11
42779 3
42780 10
42781 1
42782 1
42783 10
42784 6
42785 6
42786 2
42787 11
42788 2
42789 2
42790 5
42791 2
42792 2
42793 10
42794 3
42795 10
42796 1
42797 12
42798 8
42799 44
42800 7
42801 3
42802 4
42803 2
42804 9
42805 9
42806 5
42807 3
42808 7
42809 4
42810 6
42811 7
42812 5
42813 7
42814 4
42815 1
42816 6
42817 5
42818 32
42819 5
42820 1
42821 7
42822 2
42823 4
42824 5
42825 4
42826 4
42827 1
42828 6
42829 6
42830 2
42831 3
42832 6
42833 7
42834 1
42835 2
42836 5
42837 17
42838 0
42839 20
42840 71
42841 32
42842 9
42843 3
42844 5
42845 7
42846 4
42847 1
42848 4
42849 41
42850 11
42851 3
42852 11
42853 12
42854 2
42855 3
42856 2
42857 5
42858 4
42859 12
42860 1
42861 3
42862 3
42863 17
42864 4
42865 10
42866 3
42867 6
42868 1
42869 7
42870 0
42871 3
42872 6
42873 5
42874 14
42875 165
42876 12
42877 8
42878 5
42879 3
42880 8
42881 5
42882 1
42883 9
42884 2
42885 1
42886 2
42887 4
42888 2
42889 2
42890 12
42891 4
42892 7
42893 4
42894 2
42895 4
42896 6
42897 2
42898 4
42899 8
42900 17
42901 15
42902 3
42903 4
42904 3
42905 0
42906 7
42907 4
42908 3
42909 2
42910 5
42911 7
42912 3
42913 2
42914 0
42915 2
42916 4
42917 3
42918 1
42919 3
42920 7
42921 2
42922 5
42923 9
42924 18
42925 14
42926 6
42927 0
42928 4
42929 15
42930 9
42931 3
42932 4
42933 4
42934 1
42935 1
42936 9
42937 10
42938 7
42939 2
42940 4
42941 3
42942 8
42943 6
42944 10
42945 4
42946 3
42947 2
42948 3
42949 3
42950 5
42951 3
42952 4
42953 10
42954 3
42955 9
42956 2
42957 2
42958 6
42959 5
42960 12
42961 13
42962 6
42963 4
42964 2
42965 3
42966 19
42967 10
42968 3
42969 5
42970 2
42971 3
42972 8
42973 3
42974 5
42975 4
42976 8
42977 0
42978 3
42979 9
42980 15
42981 4
42982 3
42983 5
42984 5
42985 10
42986 4
42987 4
42988 2
42989 2
42990 3
42991 5
42992 3
42993 4
42994 4
42995 1
42996 1
42997 5
42998 1
42999 6
43000 9
43001 0
43002 5
43003 12
43004 5
43005 7
43006 3
43007 5
43008 86
43009 4
43010 10
43011 9
43012 5
43013 16
43014 3
43015 3
43016 3
43017 1
43018 2
43019 9
43020 6
43021 3
43022 2
43023 4
43024 6
43025 8
43026 4
43027 6
43028 0
43029 2
43030 4
43031 3
43032 10
43033 3
43034 8
43035 7
43036 5
43037 9
43038 5
43039 1
43040 3
43041 2
43042 0
43043 14
43044 6
43045 4
43046 2
43047 3
43048 2
43049 7
43050 9
43051 9
43052 7
43053 5
43054 7
43055 5
43056 10
43057 4
43058 3
43059 3
43060 4
43061 8
43062 4
43063 11
43064 6
43065 23
43066 5
43067 11
43068 11
43069 6
43070 2
43071 13
43072 9
43073 4
43074 2
43075 2
43076 8
43077 5
43078 2
43079 6
43080 6
43081 5
43082 2
43083 5
43084 1
43085 4
43086 10
43087 3
43088 1
43089 3
43090 4
43091 8
43092 18
43093 11
43094 6
43095 3
43096 5
43097 3
43098 3
43099 3
43100 5
43101 1
43102 2
43103 16
43104 1
43105 5
43106 5
43107 1
43108 8
43109 2
43110 8
43111 7
43112 4
43113 1
43114 1
43115 0
43116 1
43117 7
43118 4
43119 3
43120 15
43121 1
43122 3
43123 2
43124 1
43125 12
43126 1
43127 4
43128 15
43129 6
43130 1
43131 6
43132 2
43133 6
43134 8
43135 4
43136 11
43137 3
43138 3
43139 3
43140 3
43141 6
43142 0
43143 1
43144 4
43145 0
43146 6
43147 1
43148 3
43149 3
43150 4
43151 13
43152 6
43153 2
43154 4
43155 17
43156 1
43157 2
43158 2
43159 2
43160 4
43161 2
43162 2
43163 5
43164 5
43165 6
43166 3
43167 2
43168 4
43169 4
43170 5
43171 1
43172 1
43173 2
43174 5
43175 3
43176 6
43177 6
43178 0
43179 3
43180 12
43181 2
43182 1
43183 2
43184 11
43185 9
43186 3
43187 4
43188 8
43189 4
43190 5
43191 3
43192 8
43193 7
43194 7
43195 1
43196 4
43197 4
43198 2
43199 8
43200 143
43201 25
43202 11
43203 2
43204 4
43205 0
43206 6
43207 8
43208 6
43209 7
43210 17
43211 15
43212 8
43213 12
43214 5
43215 8
43216 5
43217 4
43218 21
43219 9
43220 8
43221 3
43222 5
43223 7
43224 4
43225 27
43226 2
43227 2
43228 2
43229 2
43230 6
43231 2
43232 10
43233 3
43234 9
43235 5
43236 3
43237 7
43238 9
43239 8
43240 9
43241 3
43242 3
43243 8
43244 3
43245 6
43246 6
43247 2
43248 10
43249 4
43250 5
43251 10
43252 8
43253 0
43254 5
43255 7
43256 9
43257 3
43258 4
43259 6
43260 12
43261 25
43262 10
43263 89
43264 79
43265 6
43266 0
43267 2
43268 3
43269 2
43270 3
43271 3
43272 9
43273 6
43274 5
43275 4
43276 3
43277 10
43278 1
43279 6
43280 14
43281 6
43282 3
43283 8
43284 7
43285 2
43286 3
43287 4
43288 4
43289 2
43290 14
43291 6
43292 0
43293 4
43294 1
43295 5
43296 14
43297 5
43298 0
43299 1
43300 7
43301 2
43302 2
43303 3
43304 2
43305 1
43306 6
43307 5
43308 12
43309 4
43310 4
43311 4
43312 1
43313 6
43314 3
43315 6
43316 13
43317 2
43318 3
43319 6
43320 18
43321 13
43322 4
43323 4
43324 1
43325 3
43326 0
43327 1
43328 4
43329 3
43330 5
43331 45
43332 9
43333 7
43334 13
43335 10
43336 2
43337 7
43338 4
43339 5
43340 4
43341 4
43342 2
43343 4
43344 40
43345 9
43346 2
43347 7
43348 2
43349 5
43350 11
43351 1
43352 6
43353 4
43354 3
43355 10
43356 6
43357 5
43358 6
43359 6
43360 5
43361 9
43362 5
43363 5
43364 5
43365 10
43366 2
43367 2
43368 4
43369 5
43370 5
43371 13
43372 6
43373 2
43374 3
43375 7
43376 0
43377 1
43378 1
43379 0
43380 4
43381 6
43382 3
43383 3
43384 6
43385 5
43386 3
43387 22
43388 3
43389 5
43390 15
43391 25
43392 17
43393 9
43394 6
43395 5
43396 4
43397 15
43398 10
43399 11
43400 20
43401 11
43402 4
43403 13
43404 5
43405 5
43406 6
43407 10
43408 4
43409 3
43410 2
43411 7
43412 4
43413 2
43414 3
43415 3
43416 9
43417 3
43418 5
43419 0
43420 5
43421 3
43422 2
43423 5
43424 10
43425 7
43426 0
43427 6
43428 9
43429 3
43430 5
43431 4
43432 4
43433 1
43434 12
43435 24
43436 3
43437 1
43438 4
43439 1
43440 13
43441 11
43442 1
43443 4
43444 5
43445 2
43446 0
43447 7
43448 6
43449 3
43450 7
43451 15
43452 7
43453 7
43454 1
43455 3
43456 11
43457 2
43458 0
43459 0
43460 5
43461 3
43462 3
43463 3
43464 5
43465 6
43466 2
43467 0
43468 2
43469 6
43470 21
43471 4
43472 7
43473 3
43474 2
43475 6
43476 5
43477 1
43478 8
43479 2
43480 6
43481 6
43482 1
43483 5
43484 0
43485 3
43486 5
43487 7
43488 16
43489 9
43490 7
43491 2
43492 2
43493 3
43494 2
43495 3
43496 4
43497 5
43498 6
43499 5
43500 13
43501 8
43502 2
43503 2
43504 4
43505 5
43506 3
43507 3
43508 3
43509 4
43510 5
43511 3
43512 12
43513 6
43514 3
43515 2
43516 4
43517 5
43518 4
43519 7
43520 32
43521 6
43522 5
43523 4
43524 7
43525 6
43526 4
43527 2
43528 1
43529 1
43530 1
43531 17
43532 8
43533 0
43534 4
43535 3
43536 1
43537 2
43538 2
43539 2
43540 13
43541 10
43542 1
43543 14
43544 5
43545 3
43546 1
43547 4
43548 1
43549 3
43550 4
43551 3
43552 3
43553 3
43554 5
43555 1
43556 3
43557 4
43558 2
43559 3
43560 22
43561 14
43562 1
43563 1
43564 5
43565 1
43566 5
43567 4
43568 11
43569 5
43570 2
43571 5
43572 12
43573 13
43574 0
43575 4
43576 1
43577 7
43578 4
43579 7
43580 10
43581 3
43582 2
43583 2
43584 3
43585 2
43586 3
43587 2
43588 9
43589 4
43590 6
43591 5
43592 2
43593 2
43594 5
43595 5
43596 8
43597 5
43598 0
43599 1
43600 6
43601 5
43602 6
43603 5
43604 5
43605 17
43606 2
43607 10
43608 8
43609 11
43610 4
43611 2
43612 4
43613 6
43614 5
43615 13
43616 2
43617 6
43618 9
43619 1
43620 8
43621 8
43622 2
43623 2
43624 4
43625 3
43626 8
43627 6
43628 4
43629 3
43630 5
43631 3
43632 12
43633 9
43634 3
43635 3
43636 1
43637 2
43638 5
43639 0
43640 7
43641 4
43642 4
43643 3
43644 5
43645 7
43646 2
43647 1
43648 17
43649 18
43650 5
43651 9
43652 1
43653 7
43654 4
43655 6
43656 8
43657 5
43658 1
43659 19
43660 11
43661 10
43662 10
43663 3
43664 6
43665 5
43666 2
43667 4
43668 8
43669 14
43670 6
43671 2
43672 5
43673 4
43674 4
43675 6
43676 7
43677 6
43678 1
43679 4
43680 138
43681 79
43682 13
43683 6
43684 4
43685 3
43686 10
43687 13
43688 17
43689 11
43690 111
43691 179
43692 32
43693 12
43694 6
43695 5
43696 10
43697 4
43698 12
43699 2
43700 10
43701 5
43702 1
43703 5
43704 2
43705 5
43706 4
43707 5
43708 8
43709 2
43710 11
43711 4
43712 16
43713 5
43714 4
43715 2
43716 4
43717 9
43718 2
43719 17
43720 5
43721 12
43722 5
43723 6
43724 5
43725 10
43726 0
43727 6
43728 1
43729 1
43730 4
43731 3
43732 5
43733 11
43734 14
43735 3
43736 9
43737 4
43738 7
43739 14
43740 36
43741 8
43742 2
43743 5
43744 2
43745 5
43746 9
43747 3
43748 3
43749 4
43750 19
43751 2
43752 7
43753 2
43754 1
43755 4
43756 2
43757 13
43758 99
43759 19
43760 5
43761 3
43762 3
43763 2
43764 7
43765 2
43766 2
43767 3
43768 4
43769 0
43770 6
43771 9
43772 4
43773 2
43774 7
43775 13
43776 43
43777 28
43778 7
43779 5
43780 12
43781 21
43782 5
43783 18
43784 12
43785 9
43786 4
43787 13
43788 2
43789 15
43790 3
43791 4
43792 8
43793 14
43794 4
43795 7
43796 3
43797 5
43798 6
43799 3
43800 22
43801 22
43802 6
43803 3
43804 9
43805 5
43806 8
43807 3
43808 14
43809 4
43810 7
43811 4
43812 4
43813 4
43814 1
43815 4
43816 4
43817 9
43818 7
43819 5
43820 6
43821 3
43822 5
43823 5
43824 5
43825 4
43826 3
43827 1
43828 3
43829 4
43830 4
43831 4
43832 3
43833 14
43834 9
43835 3
43836 5
43837 3
43838 6
43839 3
43840 4
43841 2
43842 0
43843 0
43844 5
43845 4
43846 3
43847 5
43848 33
43849 3
43850 5
43851 6
43852 4
43853 12
43854 1
43855 1
43856 8
43857 4
43858 1
43859 4
43860 8
43861 10
43862 10
43863 5
43864 1
43865 5
43866 2
43867 127
43868 6
43869 6
43870 8
43871 4
43872 4
43873 8
43874 1
43875 18
43876 11
43877 4
43878 0
43879 5
43880 7
43881 6
43882 6
43883 3
43884 5
43885 3
43886 5
43887 2
43888 6
43889 13
43890 94
43891 28
43892 3
43893 3
43894 5
43895 3
43896 1
43897 6
43898 1
43899 4
43900 2
43901 6
43902 9
43903 6
43904 32
43905 5
43906 4
43907 5
43908 2
43909 7
43910 8
43911 8
43912 8
43913 9
43914 3
43915 1
43916 5
43917 3
43918 6
43919 5
43920 11
43921 2
43922 4
43923 23
43924 5
43925 3
43926 1
43927 4
43928 5
43929 10
43930 3
43931 7
43932 4
43933 6
43934 10
43935 3
43936 5
43937 0
43938 1
43939 5
43940 16
43941 5
43942 0
43943 8
43944 1
43945 5
43946 11
43947 19
43948 1
43949 5
43950 6
43951 5
43952 3
43953 4
43954 6
43955 5
43956 34
43957 5
43958 7
43959 5
43960 12
43961 10
43962 8
43963 9
43964 5
43965 1
43966 6
43967 5
43968 14
43969 8
43970 4
43971 2
43972 4
43973 4
43974 3
43975 5
43976 1
43977 5
43978 4
43979 2
43980 7
43981 5
43982 4
43983 10
43984 4
43985 1
43986 9
43987 10
43988 6
43989 4
43990 5
43991 8
43992 6
43993 4
43994 3
43995 5
43996 3
43997 4
43998 3
43999 8
44000 21
44001 2
44002 6
44003 4
44004 8
44005 2
44006 4
44007 5
44008 0
44009 1
44010 3
44011 3
44012 3
44013 4
44014 6
44015 3
44016 18
44017 10
44018 8
44019 5
44020 6
44021 14
44022 9
44023 11
44024 4
44025 5
44026 1
44027 10
44028 7
44029 3
44030 10
44031 15
44032 26
44033 2
44034 3
44035 2
44036 4
44037 4
44038 2
44039 4
44040 6
44041 8
44042 1
44043 3
44044 26
44045 4
44046 8
44047 4
44048 6
44049 6
44050 4
44051 7
44052 1
44053 8
44054 6
44055 5
44056 4
44057 0
44058 4
44059 5
44060 3
44061 6
44062 4
44063 8
44064 17
44065 14
44066 4
44067 6
44068 7
44069 2
44070 10
44071 5
44072 13
44073 3
44074 8
44075 3
44076 8
44077 0
44078 1
44079 3
44080 9
44081 3
44082 1
44083 3
44084 2
44085 6
44086 6
44087 4
44088 9
44089 13
44090 5
44091 3
44092 11
44093 5
44094 3
44095 9
44096 9
44097 1
44098 1
44099 28
44100 328
44101 58
44102 2
44103 3
44104 4
44105 4
44106 6
44107 6
44108 2
44109 6
44110 7
44111 26
44112 4
44113 4
44114 9
44115 14
44116 2
44117 10
44118 4
44119 9
44120 11
44121 17
44122 5
44123 2
44124 3
44125 4
44126 5
44127 7
44128 6
44129 16
44130 13
44131 10
44132 7
44133 3
44134 5
44135 10
44136 10
44137 6
44138 0
44139 2
44140 10
44141 3
44142 4
44143 4
44144 15
44145 3
44146 1
44147 2
44148 10
44149 4
44150 4
44151 2
44152 5
44153 3
44154 0
44155 5
44156 2
44157 2
44158 2
44159 9
44160 15
44161 3
44162 2
44163 7
44164 8
44165 4
44166 3
44167 3
44168 2
44169 5
44170 2
44171 12
44172 4
44173 12
44174 1
44175 2
44176 9
44177 1
44178 6
44179 6
44180 3
44181 5
44182 4
44183 3
44184 3
44185 3
44186 12
44187 5
44188 0
44189 7
44190 2
44191 5
44192 5
44193 4
44194 2
44195 8
44196 8
44197 4
44198 1
44199 4
44200 25
44201 7
44202 8
44203 12
44204 3
44205 14
44206 8
44207 12
44208 3
44209 5
44210 3
44211 4
44212 3
44213 4
44214 0
44215 3
44216 5
44217 29
44218 5
44219 4
44220 16
44221 20
44222 8
44223 0
44224 13
44225 5
44226 37
44227 11
44228 2
44229 0
44230 2
44231 2
44232 7
44233 4
44234 5
44235 2
44236 2
44237 6
44238 1
44239 5
44240 11
44241 1
44242 4
44243 5
44244 11
44245 1
44246 0
44247 3
44248 3
44249 12
44250 15
44251 9
44252 9
44253 9
44254 8
44255 1
44256 12
44257 9
44258 2
44259 3
44260 5
44261 6
44262 1
44263 11
44264 4
44265 7
44266 1
44267 8
44268 12
44269 12
44270 7
44271 3
44272 3
44273 4
44274 7
44275 17
44276 2
44277 4
44278 6
44279 12
44280 19
44281 12
44282 7
44283 6
44284 8
44285 2
44286 20
44287 46
44288 12
44289 9
44290 11
44291 2
44292 4
44293 30
44294 6
44295 5
44296 2
44297 5
44298 4
44299 1
44300 7
44301 1
44302 3
44303 3
44304 9
44305 3
44306 4
44307 3
44308 4
44309 2
44310 25
44311 4
44312 1
44313 3
44314 3
44315 4
44316 3
44317 0
44318 4
44319 1
44320 12
44321 3
44322 10
44323 8
44324 5
44325 6
44326 1
44327 2
44328 5
44329 2
44330 8
44331 3
44332 9
44333 2
44334 3
44335 4
44336 8
44337 6
44338 2
44339 6
44340 6
44341 3
44342 3
44343 3
44344 5
44345 4
44346 4
44347 4
44348 5
44349 3
44350 2
44351 13
44352 54
44353 8
44354 4
44355 4
44356 4
44357 12
44358 5
44359 2
44360 15
44361 11
44362 5
44363 4
44364 4
44365 5
44366 8
44367 2
44368 13
44369 4
44370 15
44371 11
44372 6
44373 5
44374 5
44375 5
44376 3
44377 5
44378 2
44379 7
44380 4
44381 8
44382 7
44383 7
44384 2
44385 3
44386 2
44387 2
44388 13
44389 7
44390 4
44391 7
44392 4
44393 6
44394 3
44395 8
44396 3
44397 2
44398 4
44399 5
44400 12
44401 8
44402 6
44403 7
44404 9
44405 5
44406 3
44407 4
44408 9
44409 5
44410 1
44411 8
44412 2
44413 5
44414 9
44415 6
44416 9
44417 21
44418 4
44419 6
44420 2
44421 5
44422 4
44423 1
44424 12
44425 6
44426 3
44427 4
44428 1
44429 3
44430 2
44431 1
44432 1
44433 5
44434 5
44435 2
44436 4
44437 2
44438 3
44439 4
44440 10
44441 12
44442 6
44443 13
44444 50
44445 8
44446 3
44447 9
44448 9
44449 60
44450 2
44451 1
44452 5
44453 12
44454 4
44455 7
44456 4
44457 5
44458 2
44459 7
44460 12
44461 4
44462 5
44463 5
44464 13
44465 7
44466 5
44467 9
44468 4
44469 20
44470 6
44471 4
44472 11
44473 14
44474 5
44475 7
44476 3
44477 10
44478 3
44479 2
44480 7
44481 2
44482 5
44483 14
44484 6
44485 4
44486 8
44487 8
44488 13
44489 3
44490 1
44491 13
44492 4
44493 2
44494 7
44495 3
44496 10
44497 33
44498 9
44499 14
44500 13
44501 6
44502 2
44503 4
44504 6
44505 9
44506 4
44507 18
44508 5
44509 2
44510 4
44511 6
44512 8
44513 3
44514 2
44515 8
44516 6
44517 13
44518 4
44519 27
44520 31
44521 97
44522 4
44523 7
44524 8
44525 10
44526 4
44527 2
44528 13
44529 2
44530 8
44531 11
44532 9
44533 13
44534 2
44535 5
44536 4
44537 9
44538 10
44539 5
44540 6
44541 10
44542 3
44543 9
44544 27
44545 6
44546 0
44547 7
44548 9
44549 16
44550 18
44551 17
44552 6
44553 4
44554 4
44555 3
44556 15
44557 3
44558 2
44559 6
44560 11
44561 11
44562 8
44563 9
44564 1
44565 1
44566 4
44567 6
44568 4
44569 5
44570 3
44571 4
44572 3
44573 1
44574 17
44575 3
44576 21
44577 3
44578 5
44579 3
44580 7
44581 13
44582 15
44583 43
44584 14
44585 11
44586 1
44587 4
44588 2
44589 3
44590 6
44591 2
44592 4
44593 3
44594 8
44595 6
44596 5
44597 3
44598 3
44599 0
44600 5
44601 5
44602 5
44603 5
44604 11
44605 6
44606 3
44607 3
44608 8
44609 8
44610 2
44611 4
44612 6
44613 1
44614 0
44615 2
44616 9
44617 11
44618 0
44619 4
44620 8
44621 9
44622 3
44623 13
44624 9
44625 6
44626 3
44627 4
44628 2
44629 3
44630 0
44631 16
44632 2
44633 5
44634 6
44635 1
44636 1
44637 3
44638 6
44639 3
44640 22
44641 27
44642 5
44643 2
44644 11
44645 0
44646 2
44647 10
44648 4
44649 6
44650 8
44651 8
44652 19
44653 3
44654 3
44655 3
44656 2
44657 9
44658 1
44659 4
44660 14
44661 2
44662 3
44663 3
44664 7
44665 7
44666 8
44667 2
44668 13
44669 6
44670 3
44671 9
44672 3
44673 3
44674 3
44675 1
44676 9
44677 8
44678 3
44679 2
44680 6
44681 7
44682 1
44683 11
44684 6
44685 8
44686 3
44687 9
44688 9
44689 6
44690 4
44691 5
44692 3
44693 6
44694 8
44695 12
44696 3
44697 4
44698 4
44699 20
44700 3
44701 4
44702 7
44703 3
44704 3
44705 5
44706 3
44707 7
44708 3
44709 3
44710 2
44711 11
44712 16
44713 5
44714 4
44715 2
44716 6
44717 1
44718 2
44719 7
44720 7
44721 6
44722 6
44723 2
44724 3
44725 4
44726 13
44727 3
44728 7
44729 12
44730 17
44731 4
44732 2
44733 7
44734 3
44735 2
44736 9
44737 4
44738 3
44739 5
44740 5
44741 13
44742 5
44743 1
44744 14
44745 9
44746 3
44747 5
44748 8
44749 4
44750 2
44751 3
44752 2
44753 7
44754 2
44755 3
44756 3
44757 4
44758 5
44759 1
44760 7
44761 6
44762 3
44763 1
44764 0
44765 4
44766 9
44767 4
44768 1
44769 4
44770 8
44771 16
44772 27
44773 15
44774 3
44775 5
44776 10
44777 32
44778 6
44779 1
44780 2
44781 6
44782 0
44783 6
44784 4
44785 1
44786 2
44787 4
44788 2
44789 3
44790 10
44791 1
44792 7
44793 6
44794 6
44795 8
44796 4
44797 9
44798 5
44799 5
44800 46
44801 12
44802 6
44803 14
44804 2
44805 5
44806 2
44807 4
44808 4
44809 9
44810 5
44811 1
44812 1
44813 2
44814 6
44815 4
44816 4
44817 5
44818 3
44819 8
44820 3
44821 6
44822 1
44823 2
44824 5
44825 2
44826 4
44827 3
44828 4
44829 2
44830 3
44831 4
44832 5
44833 0
44834 2
44835 9
44836 8
44837 7
44838 4
44839 10
44840 3
44841 1
44842 6
44843 8
44844 8
44845 1
44846 7
44847 2
44848 4
44849 2
44850 24
44851 9
44852 2
44853 1
44854 1
44855 3
44856 9
44857 9
44858 7
44859 0
44860 3
44861 5
44862 5
44863 10
44864 6
44865 3
44866 0
44867 8
44868 6
44869 9
44870 5
44871 0
44872 3
44873 4
44874 4
44875 2
44876 1
44877 1
44878 1
44879 12
44880 19
44881 4
44882 0
44883 2
44884 5
44885 9
44886 6
44887 10
44888 7
44889 3
44890 2
44891 4
44892 3
44893 9
44894 1
44895 6
44896 7
44897 2
44898 4
44899 4
44900 7
44901 6
44902 6
44903 5
44904 4
44905 2
44906 2
44907 3
44908 1
44909 10
44910 5
44911 0
44912 4
44913 2
44914 6
44915 4
44916 15
44917 10
44918 2
44919 8
44920 6
44921 3
44922 2
44923 2
44924 8
44925 3
44926 2
44927 8
44928 31
44929 8
44930 5
44931 0
44932 2
44933 4
44934 4
44935 4
44936 9
44937 3
44938 0
44939 14
44940 5
44941 4
44942 4
44943 4
44944 107
44945 3
44946 6
44947 6
44948 8
44949 4
44950 6
44951 9
44952 10
44953 2
44954 6
44955 10
44956 4
44957 1
44958 5
44959 13
44960 8
44961 7
44962 8
44963 2
44964 2
44965 3
44966 5
44967 1
44968 5
44969 4
44970 4
44971 7
44972 4
44973 0
44974 0
44975 6
44976 11
44977 5
44978 4
44979 6
44980 5
44981 2
44982 7
44983 6
44984 0
44985 1
44986 0
44987 6
44988 2
44989 1
44990 5
44991 3
44992 3
44993 2
44994 9
44995 6
44996 5
44997 4
44998 9
44999 14
45000 45
45001 7
45002 10
45003 1
45004 3
45005 7
45006 3
45007 9
45008 2
45009 7
45010 8
45011 5
45012 8
45013 8
45014 1
45015 4
45016 14
45017 3
45018 8
45019 1
45020 1
45021 6
45022 1
45023 7
45024 10
45025 5
45026 3
45027 1
45028 3
45029 2
45030 6
45031 8
45032 1
45033 5
45034 4
45035 4
45036 7
45037 2
45038 2
45039 2
45040 5
45041 3
45042 4
45043 5
45044 4
45045 223
45046 8
45047 2
45048 4
45049 5
45050 8
45051 4
45052 5
45053 12
45054 6
45055 15
45056 74
45057 19
45058 4
45059 3
45060 4
45061 14
45062 3
45063 1
45064 5
45065 6
45066 10
45067 7
45068 5
45069 3
45070 3
45071 7
45072 5
45073 1
45074 1
45075 4
45076 4
45077 5
45078 2
45079 3
45080 10
45081 2
45082 2
45083 5
45084 8
45085 2
45086 5
45087 1
45088 3
45089 3
45090 3
45091 2
45092 2
45093 5
45094 9
45095 4
45096 5
45097 3
45098 4
45099 4
45100 8
45101 6
45102 3
45103 1
45104 3
45105 1
45106 3
45107 5
45108 5
45109 3
45110 2
45111 3
45112 5
45113 4
45114 7
45115 6
45116 3
45117 0
45118 4
45119 12
45120 6
45121 10
45122 1
45123 8
45124 8
45125 7
45126 6
45127 12
45128 10
45129 3
45130 5
45131 6
45132 6
45133 3
45134 1
45135 5
45136 19
45137 7
45138 2
45139 9
45140 2
45141 8
45142 7
45143 5
45144 23
45145 3
45146 3
45147 5
45148 3
45149 3
45150 17
45151 10
45152 6
45153 10
45154 10
45155 9
45156 13
45157 2
45158 1
45159 1
45160 0
45161 4
45162 10
45163 3
45164 7
45165 0
45166 6
45167 4
45168 3
45169 4
45170 0
45171 8
45172 1
45173 4
45174 5
45175 4
45176 4
45177 4
45178 4
45179 7
45180 5
45181 12
45182 3
45183 5
45184 9
45185 4
45186 2
45187 3
45188 6
45189 6
45190 3
45191 4
45192 6
45193 5
45194 0
45195 3
45196 2
45197 10
45198 4
45199 6
45200 3
45201 5
45202 0
45203 3
45204 3
45205 2
45206 3
45207 11
45208 3
45209 0
45210 4
45211 3
45212 3
45213 4
45214 2
45215 1
45216 8
45217 2
45218 6
45219 2
45220 15
45221 6
45222 2
45223 3
45224 3
45225 6
45226 1
45227 2
45228 4
45229 1
45230 2
45231 3
45232 6
45233 12
45234 3
45235 2
45236 3
45237 5
45238 2
45239 2
45240 10
45241 8
45242 3
45243 4
45244 7
45245 3
45246 4
45247 1
45248 10
45249 2
45250 1
45251 4
45252 2
45253 3
45254 8
45255 3
45256 4
45257 3
45258 1
45259 7
45260 4
45261 3
45262 3
45263 5
45264 1
45265 4
45266 2
45267 2
45268 1
45269 1
45270 6
45271 1
45272 2
45273 2
45274 0
45275 5
45276 15
45277 7
45278 1
45279 2
45280 7
45281 10
45282 3
45283 3
45284 5
45285 4
45286 0
45287 6
45288 12
45289 11
45290 3
45291 3
45292 1
45293 9
45294 1
45295 1
45296 9
45297 2
45298 4
45299 5
45300 3
45301 5
45302 0
45303 2
45304 4
45305 15
45306 2
45307 8
45308 1
45309 3
45310 2
45311 2
45312 9
45313 1
45314 1
45315 4
45316 9
45317 2
45318 11
45319 12
45320 6
45321 4
45322 1
45323 3
45324 9
45325 13
45326 3
45327 2
45328 4
45329 8
45330 1
45331 4
45332 4
45333 4
45334 5
45335 1
45336 3
45337 1
45338 3
45339 4
45340 5
45341 5
45342 3
45343 6
45344 5
45345 2
45346 3
45347 6
45348 1
45349 6
45350 3
45351 6
45352 2
45353 11
45354 5
45355 5
45356 27
45357 7
45358 2
45359 13
45360 325
45361 46
45362 6
45363 3
45364 2
45365 5
45366 3
45367 1
45368 14
45369 56
45370 4
45371 9
45372 3
45373 8
45374 9
45375 14
45376 3
45377 15
45378 2
45379 1
45380 6
45381 10
45382 2
45383 4
45384 5
45385 8
45386 4
45387 13
45388 2
45389 5
45390 7
45391 5
45392 5
45393 2
45394 3
45395 3
45396 5
45397 7
45398 4
45399 2
45400 6
45401 1
45402 6
45403 4
45404 6
45405 4
45406 3
45407 5
45408 10
45409 2
45410 6
45411 6
45412 1
45413 6
45414 6
45415 8
45416 15
45417 5
45418 2
45419 6
45420 8
45421 8
45422 4
45423 6
45424 8
45425 18
45426 5
45427 2
45428 5
45429 3
45430 6
45431 7
45432 8
45433 9
45434 1
45435 8
45436 6
45437 2
45438 0
45439 7
45440 11
45441 9
45442 2
45443 5
45444 12
45445 7
45446 1
45447 3
45448 7
45449 2
45450 8
45451 22
45452 5
45453 8
45454 10
45455 6
45456 3
45457 6
45458 4
45459 2
45460 3
45461 3
45462 2
45463 4
45464 6
45465 12
45466 2
45467 2
45468 4
45469 2
45470 5
45471 4
45472 10
45473 3
45474 10
45475 8
45476 4
45477 1
45478 2
45479 2
45480 4
45481 7
45482 2
45483 1
45484 1
45485 1
45486 7
45487 3
45488 3
45489 1
45490 1
45491 10
45492 1
45493 4
45494 2
45495 6
45496 6
45497 6
45498 2
45499 1
45500 14
45501 6
45502 2
45503 4
45504 15
45505 2
45506 4
45507 6
45508 3
45509 1
45510 5
45511 2
45512 5
45513 1
45514 6
45515 3
45516 5
45517 5
45518 2
45519 4
45520 10
45521 5
45522 2
45523 11
45524 2
45525 5
45526 7
45527 1
45528 6
45529 6
45530 2
45531 8
45532 7
45533 6
45534 4
45535 3
45536 3
45537 4
45538 2
45539 5
45540 15
45541 11
45542 13
45543 7
45544 2
45545 1
45546 1
45547 1
45548 3
45549 3
45550 5
45551 8
45552 1
45553 14
45554 7
45555 6
45556 4
45557 10
45558 4
45559 4
45560 7
45561 5
45562 4
45563 6
45564 5
45565 6
45566 3
45567 6
45568 13
45569 13
45570 10
45571 3
45572 4
45573 0
45574 0
45575 1
45576 5
45577 6
45578 2
45579 2
45580 5
45581 3
45582 5
45583 2
45584 4
45585 11
45586 3
45587 2
45588 5
45589 5
45590 5
45591 6
45592 2
45593 2
45594 8
45595 4
45596 6
45597 3
45598 1
45599 11
45600 12
45601 18
45602 9
45603 5
45604 4
45605 2
45606 10
45607 3
45608 3
45609 4
45610 1
45611 2
45612 7
45613 10
45614 7
45615 6
45616 7
45617 2
45618 2
45619 11
45620 3
45621 6
45622 3
45623 1
45624 7
45625 14
45626 3
45627 3
45628 6
45629 10
45630 12
45631 13
45632 12
45633 6
45634 1
45635 0
45636 4
45637 4
45638 2
45639 6
45640 10
45641 8
45642 4
45643 7
45644 2
45645 8
45646 2
45647 4
45648 11
45649 5
45650 1
45651 6
45652 7
45653 2
45654 11
45655 4
45656 3
45657 1
45658 4
45659 8
45660 4
45661 2
45662 3
45663 3
45664 3
45665 6
45666 6
45667 6
45668 0
45669 2
45670 3
45671 10
45672 5
45673 7
45674 2
45675 8
45676 5
45677 9
45678 20
45679 4
45680 3
45681 4
45682 9
45683 2
45684 9
45685 0
45686 0
45687 2
45688 4
45689 3
45690 2
45691 6
45692 2
45693 3
45694 2
45695 14
45696 42
45697 15
45698 0
45699 1
45700 4
45701 0
45702 4
45703 5
45704 4
45705 7
45706 3
45707 9
45708 3
45709 5
45710 3
45711 2
45712 8
45713 6
45714 3
45715 3
45716 12
45717 8
45718 5
45719 6
45720 10
45721 1
45722 5
45723 5
45724 8
45725 0
45726 0
45727 4
45728 4
45729 1
45730 5
45731 2
45732 3
45733 6
45734 1
45735 3
45736 4
45737 7
45738 14
45739 7
45740 6
45741 5
45742 2
45743 3
45744 5
45745 3
45746 3
45747 4
45748 2
45749 2
45750 13
45751 14
45752 7
45753 8
45754 6
45755 5
45756 7
45757 13
45758 3
45759 3
45760 43
45761 18
45762 4
45763 6
45764 1
45765 5
45766 1
45767 7
45768 6
45769 5
45770 5
45771 8
45772 6
45773 3
45774 4
45775 2
45776 10
45777 1
45778 0
45779 8
45780 4
45781 3
45782 3
45783 2
45784 1
45785 2
45786 5
45787 7
45788 2
45789 2
45790 8
45791 6
45792 15
45793 2
45794 1
45795 7
45796 43
45797 4
45798 4
45799 3
45800 4
45801 11
45802 3
45803 6
45804 6
45805 2
45806 3
45807 9
45808 1
45809 2
45810 8
45811 4
45812 2
45813 4
45814 1
45815 13
45816 3
45817 9
45818 0
45819 1
45820 5
45821 16
45822 4
45823 4
45824 7
45825 8
45826 4
45827 9
45828 1
45829 4
45830 2
45831 2
45832 7
45833 6
45834 5
45835 1
45836 2
45837 5
45838 5
45839 3
45840 12
45841 5
45842 7
45843 6
45844 8
45845 4
45846 3
45847 7
45848 4
45849 5
45850 10
45851 0
45852 6
45853 11
45854 5
45855 1
45856 6
45857 1
45858 5
45859 3
45860 5
45861 2
45862 0
45863 14
45864 34
45865 5
45866 8
45867 4
45868 3
45869 4
45870 8
45871 4
45872 2
45873 3
45874 2
45875 4
45876 3
45877 3
45878 5
45879 3
45880 7
45881 6
45882 7
45883 2
45884 6
45885 25
45886 3
45887 12
45888 7
45889 2
45890 11
45891 10
45892 15
45893 11
45894 4
45895 3
45896 0
45897 5
45898 3
45899 3
45900 21
45901 8
45902 2
45903 4
45904 9
45905 6
45906 6
45907 9
45908 0
45909 3
45910 2
45911 7
45912 5
45913 2
45914 8
45915 3
45916 1
45917 5
45918 0
45919 3
45920 19
45921 6
45922 1
45923 1
45924 2
45925 9
45926 7
45927 60
45928 7
45929 4
45930 2
45931 2
45932 3
45933 2
45934 3
45935 3
45936 13
45937 9
45938 6
45939 1
45940 2
45941 3
45942 3
45943 6
45944 2
45945 7
45946 9
45947 7
45948 3
45949 10
45950 2
45951 3
45952 9
45953 3
45954 4
45955 7
45956 4
45957 3
45958 3
45959 13
45960 12
45961 13
45962 2
45963 4
45964 2
45965 1
45966 5
45967 4
45968 7
45969 3
45970 6
45971 9
45972 2
45973 4
45974 1
45975 0
45976 2
45977 8
45978 3
45979 10
45980 7
45981 8
45982 5
45983 2
45984 6
45985 4
45986 4
45987 3
45988 9
45989 14
45990 19
45991 7
45992 5
45993 3
45994 5
45995 5
45996 12
45997 2
45998 2
45999 8
46000 8
46001 7
46002 7
46003 10
46004 6
46005 2
46006 10
46007 2
46008 3
46009 5
46010 2
46011 3
46012 7
46013 3
46014 2
46015 3
46016 4
46017 1
46018 3
46019 4
46020 8
46021 17
46022 10
46023 10
46024 2
46025 8
46026 11
46027 8
46028 1
46029 6
46030 4
46031 2
46032 6
46033 3
46034 6
46035 26
46036 6
46037 5
46038 3
46039 2
46040 4
46041 3
46042 2
46043 2
46044 6
46045 4
46046 9
46047 1
46048 2
46049 8
46050 3
46051 10
46052 5
46053 1
46054 4
46055 3
46056 18
46057 6
46058 2
46059 3
46060 11
46061 9
46062 3
46063 4
46064 5
46065 2
46066 8
46067 3
46068 6
46069 3
46070 7
46071 6
46072 8
46073 8
46074 5
46075 13
46076 2
46077 4
46078 3
46079 20
46080 205
46081 13
46082 4
46083 9
46084 2
46085 5
46086 2
46087 0
46088 2
46089 8
46090 6
46091 12
46092 6
46093 7
46094 1
46095 7
46096 6
46097 8
46098 3
46099 10
46100 0
46101 4
46102 1
46103 7
46104 3
46105 4
46106 1
46107 3
46108 2
46109 1
46110 1
46111 3
46112 10
46113 3
46114 2
46115 2
46116 11
46117 6
46118 3
46119 5
46120 5
46121 5
46122 9
46123 3
46124 4
46125 6
46126 13
46127 5
46128 12
46129 1
46130 5
46131 8
46132 0
46133 9
46134 3
46135 7
46136 6
46137 6
46138 5
46139 4
46140 4
46141 7
46142 3
46143 2
46144 11
46145 4
46146 1
46147 7
46148 5
46149 2
46150 2
46151 3
46152 7
46153 2
46154 7
46155 9
46156 3
46157 5
46158 2
46159 6
46160 6
46161 3
46162 5
46163 2
46164 2
46165 8
46166 2
46167 4
46168 2
46169 4
46170 7
46171 4
46172 2
46173 2
46174 3
46175 2
46176 5
46177 3
46178 1
46179 3
46180 3
46181 2
46182 4
46183 5
46184 2
46185 6
46186 3
46187 8
46188 6
46189 109
46190 4
46191 4
46192 3
46193 0
46194 7
46195 6
46196 0
46197 1
46198 4
46199 12
46200 60
46201 2
46202 2
46203 1
46204 2
46205 4
46206 5
46207 7
46208 15
46209 6
46210 5
46211 5
46212 6
46213 2
46214 2
46215 5
46216 7
46217 5
46218 2
46219 4
46220 3
46221 10
46222 1
46223 5
46224 22
46225 42
46226 8
46227 3
46228 5
46229 5
46230 9
46231 2
46232 6
46233 19
46234 18
46235 8
46236 13
46237 8
46238 2
46239 4
46240 11
46241 6
46242 7
46243 6
46244 6
46245 5
46246 10
46247 2
46248 3
46249 4
46250 12
46251 6
46252 10
46253 2
46254 8
46255 3
46256 6
46257 4
46258 3
46259 3
46260 17
46261 9
46262 6
46263 5
46264 9
46265 3
46266 4
46267 2
46268 2
46269 4
46270 9
46271 8
46272 7
46273 11
46274 2
46275 2
46276 4
46277 2
46278 4
46279 11
46280 4
46281 5
46282 3
46283 2
46284 8
46285 3
46286 3
46287 2
46288 12
46289 6
46290 3
46291 4
46292 3
46293 0
46294 2
46295 3
46296 5
46297 5
46298 5
46299 9
46300 3
46301 12
46302 6
46303 6
46304 2
46305 24
46306 6
46307 5
46308 4
46309 12
46310 8
46311 2
46312 14
46313 6
46314 5
46315 3
46316 3
46317 1
46318 3
46319 3
46320 10
46321 4
46322 3
46323 0
46324 1
46325 7
46326 3
46327 5
46328 2
46329 6
46330 1
46331 1
46332 17
46333 2
46334 1
46335 2
46336 11
46337 7
46338 5
46339 4
46340 11
46341 15
46342 3
46343 6
46344 3
46345 15
46346 7
46347 12
46348 4
46349 9
46350 2
46351 4
46352 3
46353 3
46354 1
46355 10
46356 10
46357 6
46358 0
46359 4
46360 12
46361 2
46362 2
46363 3
46364 9
46365 13
46366 19
46367 44
46368 242
46369 31
46370 15
46371 6
46372 7
46373 4
46374 9
46375 11
46376 46
46377 19
46378 1
46379 3
46380 5
46381 10
46382 3
46383 5
46384 4
46385 3
46386 5
46387 1
46388 7
46389 9
46390 2
46391 3
46392 3
46393 4
46394 3
46395 9
46396 8
46397 3
46398 7
46399 6
46400 15
46401 6
46402 3
46403 6
46404 0
46405 8
46406 5
46407 6
46408 7
46409 8
46410 93
46411 16
46412 2
46413 1
46414 3
46415 8
46416 13
46417 3
46418 4
46419 3
46420 7
46421 9
46422 3
46423 4
46424 6
46425 3
46426 5
46427 1
46428 3
46429 3
46430 0
46431 6
46432 11
46433 4
46434 2
46435 5
46436 3
46437 1
46438 2
46439 15
46440 23
46441 31
46442 5
46443 3
46444 5
46445 7
46446 5
46447 13
46448 5
46449 1
46450 1
46451 8
46452 8
46453 5
46454 3
46455 2
46456 9
46457 17
46458 7
46459 0
46460 6
46461 5
46462 1
46463 6
46464 39
46465 4
46466 10
46467 8
46468 0
46469 4
46470 10
46471 10
46472 4
46473 4
46474 2
46475 10
46476 8
46477 10
46478 0
46479 3
46480 5
46481 4
46482 1
46483 2
46484 3
46485 2
46486 1
46487 6
46488 8
46489 9
46490 4
46491 1
46492 1
46493 1
46494 4
46495 3
46496 6
46497 5
46498 5
46499 16
46500 11
46501 8
46502 3
46503 1
46504 1
46505 1
46506 4
46507 3
46508 5
46509 2
46510 1
46511 5
46512 38
46513 8
46514 9
46515 9
46516 11
46517 4
46518 1
46519 2
46520 3
46521 5
46522 5
46523 3
46524 4
46525 3
46526 0
46527 2
46528 1
46529 7
46530 9
46531 4
46532 4
46533 4
46534 3
46535 7
46536 5
46537 2
46538 1
46539 0
46540 3
46541 6
46542 2
46543 2
46544 4
46545 4
46546 5
46547 3
46548 10
46549 10
46550 11
46551 7
46552 15
46553 0
46554 7
46555 0
46556 3
46557 8
46558 3
46559 7
46560 4
46561 8
46562 2
46563 0
46564 11
46565 5
46566 7
46567 5
46568 1
46569 6
46570 2
46571 4
46572 2
46573 7
46574 3
46575 12
46576 10
46577 2
46578 6
46579 3
46580 3
46581 2
46582 5
46583 7
46584 10
46585 11
46586 4
46587 4
46588 1
46589 4
46590 1
46591 5
46592 29
46593 15
46594 3
46595 5
46596 5
46597 4
46598 4
46599 1
46600 4
46601 9
46602 6
46603 0
46604 1
46605 4
46606 6
46607 2
46608 7
46609 6
46610 9
46611 5
46612 3
46613 4
46614 6
46615 0
46616 2
46617 4
46618 0
46619 18
46620 49
46621 5
46622 4
46623 5
46624 12
46625 8
46626 7
46627 2
46628 4
46629 11
46630 3
46631 3
46632 13
46633 7
46634 1
46635 3
46636 1
46637 3
46638 7
46639 6
46640 9
46641 6
46642 2
46643 11
46644 7
46645 3
46646 7
46647 6
46648 10
46649 30
46650 11
46651 5
46652 10
46653 2
46654 4
46655 48
46656 786
46657 136
46658 9
46659 3
46660 18
46661 9
46662 27
46663 41
46664 24
46665 26
46666 13
46667 2
46668 4
46669 8
46670 5
46671 3
46672 13
46673 2
46674 7
46675 2
46676 2
46677 2
46678 2
46679 7
46680 9
46681 10
46682 2
46683 42
46684 11
46685 1
46686 3
46687 17
46688 13
46689 4
46690 5
46691 11
46692 21
46693 4
46694 4
46695 3
46696 4
46697 1
46698 6
46699 5
46700 1
46701 5
46702 6
46703 8
46704 7
46705 12
46706 4
46707 1
46708 4
46709 15
46710 5
46711 3
46712 1
46713 8
46714 4
46715 3
46716 2
46717 5
46718 1
46719 5
46720 20
46721 8
46722 2
46723 3
46724 2
46725 3
46726 3
46727 5
46728 9
46729 5
46730 6
46731 5
46732 9
46733 3
46734 1
46735 0
46736 8
46737 10
46738 1
46739 5
46740 4
46741 5
46742 0
46743 1
46744 4
46745 6
46746 11
46747 9
46748 3
46749 3
46750 3
46751 7
46752 8
46753 4
46754 13
46755 0
46756 2
46757 3
46758 3
46759 2
46760 11
46761 7
46762 6
46763 2
46764 20
46765 5
46766 7
46767 6
46768 3
46769 7
46770 4
46771 10
46772 0
46773 6
46774 2
46775 4
46776 5
46777 5
46778 2
46779 4
46780 3
46781 6
46782 4
46783 4
46784 7
46785 1
46786 6
46787 3
46788 5
46789 3
46790 0
46791 5
46792 4
46793 6
46794 3
46795 5
46796 4
46797 5
46798 3
46799 7
46800 62
46801 4
46802 6
46803 3
46804 7
46805 6
46806 7
46807 8
46808 5
46809 1
46810 6
46811 13
46812 6
46813 2
46814 10
46815 2
46816 18
46817 26
46818 14
46819 12
46820 12
46821 6
46822 1
46823 4
46824 4
46825 4
46826 7
46827 6
46828 16
46829 9
46830 9
46831 4
46832 6
46833 3
46834 3
46835 0
46836 8
46837 3
46838 5
46839 2
46840 4
46841 6
46842 1
46843 4
46844 2
46845 3
46846 1
46847 8
46848 15
46849 5
46850 1
46851 3
46852 6
46853 9
46854 2
46855 0
46856 0
46857 3
46858 2
46859 4
46860 8
46861 3
46862 1
46863 3
46864 8
46865 6
46866 5
46867 10
46868 3
46869 2
46870 4
46871 5
46872 43
46873 19
46874 5
46875 52
46876 2
46877 9
46878 8
46879 5
46880 10
46881 4
46882 6
46883 5
46884 5
46885 2
46886 2
46887 1
46888 2
46889 18
46890 3
46891 1
46892 2
46893 6
46894 2
46895 5
46896 2
46897 5
46898 6
46899 6
46900 9
46901 6
46902 2
46903 1
46904 5
46905 17
46906 0
46907 3
46908 6
46909 5
46910 1
46911 8
46912 12
46913 1
46914 9
46915 2
46916 9
46917 4
46918 3
46919 9
46920 11
46921 6
46922 3
46923 5
46924 1
46925 1
46926 2
46927 4
46928 19
46929 1
46930 6
46931 6
46932 4
46933 7
46934 2
46935 6
46936 5
46937 2
46938 2
46939 1
46940 6
46941 5
46942 2
46943 3
46944 15
46945 4
46946 5
46947 2
46948 6
46949 4
46950 7
46951 0
46952 3
46953 3
46954 4
46955 11
46956 15
46957 13
46958 2
46959 6
46960 9
46961 3
46962 3
46963 0
46964 4
46965 7
46966 0
46967 1
46968 4
46969 6
46970 8
46971 19
46972 7
46973 0
46974 4
46975 2
46976 3
46977 3
46978 4
46979 6
46980 7
46981 4
46982 2
46983 6
46984 5
46985 1
46986 4
46987 2
46988 9
46989 1
46990 5
46991 0
46992 8
46993 6
46994 3
46995 4
46996 6
46997 6
46998 0
46999 9
47000 5
47001 0
47002 5
47003 5
47004 6
47005 5
47006 5
47007 0
47008 5
47009 3
47010 4
47011 0
47012 10
47013 6
47014 3
47015 1
47016 7
47017 10
47018 2
47019 1
47020 6
47021 2
47022 5
47023 0
47024 3
47025 18
47026 6
47027 14
47028 1
47029 3
47030 1
47031 3
47032 3
47033 3
47034 11
47035 1
47036 4
47037 3
47038 2
47039 5
47040 51
47041 13
47042 4
47043 3
47044 3
47045 5
47046 4
47047 7
47048 1
47049 6
47050 6
47051 14
47052 4
47053 6
47054 3
47055 1
47056 2
47057 11
47058 20
47059 24
47060 9
47061 9
47062 3
47063 2
47064 6
47065 2
47066 5
47067 5
47068 3
47069 4
47070 4
47071 3
47072 2
47073 1
47074 5
47075 4
47076 2
47077 3
47078 2
47079 3
47080 3
47081 13
47082 8
47083 5
47084 4
47085 2
47086 2
47087 5
47088 10
47089 59
47090 5
47091 3
47092 1
47093 13
47094 10
47095 4
47096 9
47097 3
47098 5
47099 1
47100 9
47101 4
47102 0
47103 16
47104 39
47105 3
47106 6
47107 9
47108 1
47109 1
47110 5
47111 7
47112 4
47113 0
47114 0
47115 1
47116 0
47117 3
47118 1
47119 3
47120 8
47121 2
47122 6
47123 7
47124 25
47125 25
47126 2
47127 4
47128 2
47129 9
47130 3
47131 2
47132 0
47133 8
47134 3
47135 5
47136 9
47137 6
47138 3
47139 5
47140 9
47141 6
47142 3
47143 4
47144 2
47145 3
47146 6
47147 6
47148 4
47149 6
47150 5
47151 9
47152 8
47153 2
47154 2
47155 1
47156 10
47157 1
47158 3
47159 2
47160 15
47161 9
47162 2
47163 2
47164 2
47165 3
47166 5
47167 3
47168 6
47169 5
47170 3
47171 3
47172 5
47173 1
47174 8
47175 6
47176 3
47177 2
47178 3
47179 1
47180 8
47181 1
47182 2
47183 2
47184 5
47185 5
47186 4
47187 2
47188 9
47189 8
47190 12
47191 5
47192 5
47193 1
47194 2
47195 1
47196 3
47197 23
47198 3
47199 3
47200 6
47201 7
47202 8
47203 4
47204 2
47205 1
47206 4
47207 5
47208 5
47209 1
47210 3
47211 3
47212 4
47213 2
47214 4
47215 5
47216 8
47217 2
47218 2
47219 2
47220 3
47221 2
47222 3
47223 3
47224 2
47225 2
47226 4
47227 0
47228 3
47229 4
47230 1
47231 4
47232 20
47233 1
47234 5
47235 3
47236 4
47237 2
47238 1
47239 10
47240 2
47241 5
47242 1
47243 2
47244 7
47245 4
47246 2
47247 0
47248 2
47249 2
47250 53
47251 4
47252 3
47253 6
47254 0
47255 3
47256 1
47257 2
47258 0
47259 1
47260 1
47261 3
47262 3
47263 6
47264 5
47265 9
47266 3
47267 3
47268 5
47269 11
47270 5
47271 3
47272 2
47273 3
47274 9
47275 3
47276 1
47277 5
47278 17
47279 14
47280 7
47281 1
47282 3
47283 5
47284 2
47285 5
47286 6
47287 14
47288 2
47289 3
47290 3
47291 4
47292 10
47293 86
47294 6
47295 2
47296 3
47297 4
47298 1
47299 3
47300 8
47301 1
47302 2
47303 13
47304 13
47305 6
47306 12
47307 3
47308 8
47309 4
47310 3
47311 6
47312 4
47313 5
47314 7
47315 3
47316 1
47317 4
47318 3
47319 11
47320 23
47321 57
47322 6
47323 2
47324 7
47325 3
47326 2
47327 6
47328 15
47329 3
47330 5
47331 9
47332 4
47333 0
47334 13
47335 1
47336 4
47337 6
47338 5
47339 2
47340 1
47341 4
47342 1
47343 0
47344 9
47345 5
47346 2
47347 3
47348 3
47349 8
47350 3
47351 4
47352 5
47353 6
47354 5
47355 25
47356 3
47357 3
47358 3
47359 3
47360 14
47361 1
47362 2
47363 5
47364 6
47365 2
47366 3
47367 2
47368 5
47369 4
47370 6
47371 5
47372 3
47373 1
47374 6
47375 6
47376 16
47377 5
47378 4
47379 4
47380 5
47381 5
47382 7
47383 3
47384 12
47385 20
47386 12
47387 6
47388 4
47389 4
47390 5
47391 2
47392 9
47393 2
47394 3
47395 1
47396 1
47397 1
47398 4
47399 4
47400 8
47401 5
47402 6
47403 5
47404 5
47405 3
47406 3
47407 10
47408 3
47409 1
47410 2
47411 4
47412 5
47413 2
47414 4
47415 9
47416 3
47417 7
47418 3
47419 2
47420 4
47421 1
47422 1
47423 2
47424 16
47425 2
47426 4
47427 5
47428 3
47429 2
47430 6
47431 11
47432 11
47433 5
47434 2
47435 4
47436 3
47437 3
47438 3
47439 4
47440 8
47441 11
47442 2
47443 2
47444 9
47445 0
47446 1
47447 8
47448 6
47449 12
47450 29
47451 1
47452 7
47453 1
47454 2
47455 1
47456 2
47457 3
47458 4
47459 6
47460 4
47461 9
47462 3
47463 4
47464 2
47465 3
47466 10
47467 1
47468 5
47469 2
47470 2
47471 5
47472 3
47473 1
47474 11
47475 7
47476 8
47477 8
47478 2
47479 5
47480 3
47481 3
47482 0
47483 2
47484 4
47485 3
47486 2
47487 5
47488 4
47489 3
47490 1
47491 12
47492 8
47493 3
47494 3
47495 2
47496 5
47497 5
47498 6
47499 4
47500 14
47501 20
47502 17
47503 3
47504 6
47505 0
47506 2
47507 2
47508 3
47509 6
47510 2
47511 3
47512 1
47513 4
47514 1
47515 9
47516 2
47517 2
47518 6
47519 23
47520 57
47521 26
47522 3
47523 8
47524 30
47525 22
47526 12
47527 15
47528 7
47529 6
47530 1
47531 6
47532 6
47533 10
47534 2
47535 4
47536 5
47537 1
47538 2
47539 2
47540 1
47541 2
47542 4
47543 4
47544 10
47545 6
47546 3
47547 4
47548 2
47549 2
47550 2
47551 6
47552 4
47553 4
47554 2
47555 2
47556 2
47557 3
47558 3
47559 3
47560 3
47561 0
47562 1
47563 6
47564 10
47565 5
47566 1
47567 3
47568 3
47569 7
47570 10
47571 7
47572 0
47573 3
47574 1
47575 8
47576 7
47577 6
47578 5
47579 7
47580 10
47581 7
47582 2
47583 2
47584 1
47585 1
47586 12
47587 2
47588 3
47589 1
47590 4
47591 4
47592 5
47593 2
47594 6
47595 1
47596 2
47597 2
47598 8
47599 6
47600 17
47601 5
47602 6
47603 0
47604 6
47605 2
47606 4
47607 4
47608 3
47609 2
47610 14
47611 7
47612 7
47613 3
47614 3
47615 4
47616 34
47617 7
47618 3
47619 19
47620 4
47621 6
47622 14
47623 6
47624 5
47625 2
47626 2
47627 4
47628 22
47629 9
47630 1
47631 2
47632 1
47633 2
47634 2
47635 3
47636 2
47637 2
47638 1
47639 4
47640 5
47641 12
47642 5
47643 5
47644 4
47645 5
47646 2
47647 4
47648 9
47649 4
47650 7
47651 6
47652 12
47653 9
47654 2
47655 3
47656 6
47657 9
47658 6
47659 8
47660 1
47661 2
47662 6
47663 4
47664 4
47665 3
47666 4
47667 6
47668 4
47669 6
47670 3
47671 2
47672 11
47673 7
47674 3
47675 5
47676 2
47677 7
47678 3
47679 2
47680 9
47681 4
47682 4
47683 5
47684 9
47685 9
47686 6
47687 4
47688 7
47689 2
47690 4
47691 2
47692 2
47693 3
47694 1
47695 2
47696 11
47697 2
47698 7
47699 8
47700 14
47701 10
47702 3
47703 0
47704 6
47705 5
47706 2
47707 0
47708 2
47709 3
47710 4
47711 9
47712 10
47713 4
47714 2
47715 7
47716 0
47717 6
47718 3
47719 7
47720 4
47721 3
47722 0
47723 4
47724 5
47725 4
47726 5
47727 2
47728 4
47729 1
47730 4
47731 3
47732 14
47733 5
47734 1
47735 3
47736 8
47737 22
47738 5
47739 2
47740 9
47741 18
47742 5
47743 13
47744 5
47745 4
47746 4
47747 2
47748 3
47749 5
47750 7
47751 4
47752 4
47753 5
47754 4
47755 1
47756 1
47757 2
47758 0
47759 2
47760 5
47761 6
47762 1
47763 2
47764 3
47765 0
47766 6
47767 3
47768 3
47769 1
47770 3
47771 5
47772 5
47773 5
47774 9
47775 14
47776 16
47777 37
47778 2
47779 10
47780 2
47781 4
47782 2
47783 3
47784 2
47785 7
47786 1
47787 8
47788 0
47789 7
47790 4
47791 10
47792 1
47793 2
47794 2
47795 12
47796 8
47797 7
47798 1
47799 4
47800 6
47801 4
47802 6
47803 3
47804 10
47805 2
47806 6
47807 4
47808 3
47809 6
47810 3
47811 3
47812 2
47813 7
47814 3
47815 3
47816 12
47817 10
47818 1
47819 3
47820 8
47821 1
47822 0
47823 2
47824 10
47825 4
47826 2
47827 6
47828 0
47829 3
47830 1
47831 5
47832 2
47833 4
47834 3
47835 6
47836 2
47837 3
47838 6
47839 1
47840 31
47841 1
47842 2
47843 4
47844 15
47845 6
47846 3
47847 3
47848 1
47849 5
47850 6
47851 3
47852 5
47853 4
47854 2
47855 1
47856 1
47857 5
47858 0
47859 10
47860 3
47861 3
47862 3
47863 3
47864 5
47865 2
47866 0
47867 3
47868 5
47869 8
47870 4
47871 8
47872 21
47873 7
47874 12
47875 4
47876 3
47877 4
47878 5
47879 10
47880 39
47881 31
47882 4
47883 7
47884 1
47885 3
47886 0
47887 6
47888 6
47889 4
47890 2
47891 4
47892 2
47893 7
47894 8
47895 13
47896 1
47897 2
47898 1
47899 7
47900 8
47901 2
47902 0
47903 6
47904 9
47905 26
47906 1
47907 1
47908 13
47909 6
47910 5
47911 6
47912 3
47913 3
47914 9
47915 18
47916 33
47917 7
47918 3
47919 2
47920 9
47921 3
47922 2
47923 3
47924 0
47925 4
47926 1
47927 4
47928 4
47929 3
47930 5
47931 3
47932 6
47933 10
47934 0
47935 2
47936 17
47937 8
47938 5
47939 6
47940 8
47941 3
47942 7
47943 3
47944 4
47945 4
47946 3
47947 7
47948 2
47949 2
47950 5
47951 7
47952 78
47953 14
47954 5
47955 6
47956 13
47957 12
47958 2
47959 12
47960 5
47961 38
47962 6
47963 12
47964 4
47965 7
47966 3
47967 3
47968 11
47969 10
47970 7
47971 5
47972 8
47973 2
47974 7
47975 2
47976 11
47977 10
47978 4
47979 0
47980 7
47981 6
47982 3
47983 2
47984 5
47985 4
47986 2
47987 3
47988 9
47989 20
47990 6
47991 4
47992 1
47993 1
47994 6
47995 7
47996 6
47997 0
47998 8
47999 4
48000 38
48001 9
48002 10
48003 3
48004 4
48005 3
48006 13
48007 11
48008 6
48009 0
48010 3
48011 2
48012 4
48013 7
48014 6
48015 7
48016 4
48017 9
48018 8
48019 2
48020 17
48021 5
48022 3
48023 6
48024 10
48025 6
48026 3
48027 3
48028 6
48029 8
48030 3
48031 6
48032 10
48033 6
48034 9
48035 4
48036 6
48037 6
48038 2
48039 2
48040 3
48041 4
48042 4
48043 3
48044 4
48045 2
48046 16
48047 7
48048 65
48049 13
48050 3
48051 2
48052 6
48053 3
48054 1
48055 5
48056 5
48057 2
48058 4
48059 9
48060 10
48061 8
48062 6
48063 4
48064 3
48065 1
48066 3
48067 0
48068 4
48069 7
48070 12
48071 1
48072 4
48073 6
48074 2
48075 2
48076 9
48077 1
48078 1
48079 4
48080 7
48081 6
48082 5
48083 3
48084 2
48085 1
48086 2
48087 0
48088 2
48089 3
48090 6
48091 13
48092 3
48093 2
48094 3
48095 1
48096 10
48097 4
48098 4
48099 1
48100 12
48101 4
48102 3
48103 7
48104 1
48105 0
48106 2
48107 7
48108 7
48109 11
48110 1
48111 3
48112 4
48113 6
48114 19
48115 3
48116 2
48117 2
48118 2
48119 7
48120 9
48121 9
48122 6
48123 2
48124 0
48125 13
48126 5
48127 6
48128 13
48129 2
48130 3
48131 5
48132 7
48133 24
48134 2
48135 2
48136 4
48137 5
48138 2
48139 5
48140 3
48141 7
48142 5
48143 4
48144 4
48145 4
48146 6
48147 2
48148 8
48149 5
48150 8
48151 4
48152 4
48153 0
48154 3
48155 2
48156 5
48157 3
48158 4
48159 3
48160 6
48161 4
48162 2
48163 6
48164 7
48165 2
48166 2
48167 2
48168 10
48169 3
48170 8
48171 3
48172 1
48173 0
48174 6
48175 7
48176 5
48177 2
48178 4
48179 6
48180 10
48181 4
48182 4
48183 3
48184 10
48185 1
48186 0
48187 9
48188 6
48189 6
48190 3
48191 1
48192 4
48193 3
48194 0
48195 9
48196 3
48197 4
48198 3
48199 1
48200 1
48201 4
48202 3
48203 3
48204 12
48205 11
48206 3
48207 3
48208 1
48209 2
48210 1
48211 0
48212 7
48213 8
48214 1
48215 2
48216 6
48217 2
48218 2
48219 2
48220 6
48221 9
48222 0
48223 2
48224 8
48225 3
48226 4
48227 1
48228 5
48229 3
48230 11
48231 6
48232 2
48233 2
48234 3
48235 1
48236 3
48237 0
48238 4
48239 1
48240 7
48241 3
48242 3
48243 4
48244 6
48245 4
48246 4
48247 5
48248 10
48249 4
48250 3
48251 1
48252 1
48253 2
48254 5
48255 2
48256 10
48257 6
48258 3
48259 7
48260 9
48261 1
48262 2
48263 1
48264 1
48265 4
48266 3
48267 2
48268 1
48269 4
48270 1
48271 3
48272 7
48273 4
48274 2
48275 4
48276 5
48277 1
48278 3
48279 18
48280 6
48281 9
48282 4
48283 7
48284 2
48285 6
48286 6
48287 4
48288 7
48289 3
48290 4
48291 2
48292 5
48293 8
48294 3
48295 1
48296 2
48297 2
48298 3
48299 3
48300 14
48301 3
48302 4
48303 5
48304 6
48305 1
48306 3
48307 4
48308 6
48309 3
48310 4
48311 7
48312 12
48313 5
48314 2
48315 5
48316 11
48317 1
48318 4
48319 3
48320 15
48321 15
48322 4
48323 2
48324 1
48325 3
48326 3
48327 7
48328 8
48329 5
48330 3
48331 2
48332 1
48333 1
48334 5
48335 8
48336 3
48337 6
48338 0
48339 1
48340 2
48341 9
48342 4
48343 2
48344 5
48345 1
48346 2
48347 2
48348 7
48349 3
48350 1
48351 1
48352 5
48353 7
48354 2
48355 5
48356 3
48357 6
48358 1
48359 2
48360 17
48361 11
48362 4
48363 6
48364 11
48365 1
48366 1
48367 2
48368 4
48369 3
48370 1
48371 3
48372 4
48373 6
48374 2
48375 1
48376 4
48377 1
48378 8
48379 4
48380 8
48381 3
48382 4
48383 11
48384 125
48385 5
48386 1
48387 8
48388 2
48389 4
48390 2
48391 6
48392 4
48393 7
48394 2
48395 4
48396 10
48397 5
48398 2
48399 6
48400 70
48401 10
48402 1
48403 3
48404 3
48405 6
48406 5
48407 9
48408 9
48409 10
48410 8
48411 4
48412 10
48413 9
48414 4
48415 1
48416 5
48417 9
48418 2
48419 2
48420 8
48421 2
48422 5
48423 2
48424 4
48425 2
48426 5
48427 8
48428 0
48429 4
48430 1
48431 2
48432 3
48433 3
48434 0
48435 3
48436 5
48437 6
48438 9
48439 11
48440 10
48441 1
48442 6
48443 6
48444 13
48445 2
48446 3
48447 5
48448 15
48449 10
48450 21
48451 5
48452 3
48453 2
48454 3
48455 2
48456 5
48457 1
48458 3
48459 4
48460 10
48461 5
48462 7
48463 2
48464 11
48465 3
48466 4
48467 5
48468 9
48469 5
48470 7
48471 2
48472 1
48473 8
48474 5
48475 0
48476 3
48477 8
48478 2
48479 13
48480 5
48481 10
48482 1
48483 1
48484 10
48485 8
48486 7
48487 9
48488 7
48489 4
48490 8
48491 5
48492 1
48493 2
48494 4
48495 6
48496 2
48497 5
48498 4
48499 2
48500 0
48501 6
48502 2
48503 5
48504 13
48505 7
48506 3
48507 5
48508 6
48509 5
48510 33
48511 4
48512 5
48513 5
48514 1
48515 3
48516 7
48517 5
48518 3
48519 2
48520 5
48521 6
48522 5
48523 2
48524 2
48525 6
48526 7
48527 8
48528 5
48529 5
48530 3
48531 1
48532 6
48533 7
48534 2
48535 2
48536 3
48537 3
48538 7
48539 1
48540 1
48541 4
48542 3
48543 1
48544 3
48545 11
48546 10
48547 3
48548 3
48549 4
48550 4
48551 2
48552 11
48553 6
48554 9
48555 6
48556 2
48557 3
48558 6
48559 10
48560 7
48561 5
48562 2
48563 3
48564 4
48565 3
48566 0
48567 7
48568 3
48569 4
48570 2
48571 2
48572 3
48573 3
48574 3
48575 1
48576 24
48577 10
48578 3
48579 5
48580 1
48581 1
48582 1
48583 1
48584 3
48585 5
48586 2
48587 0
48588 6
48589 6
48590 2
48591 1
48592 7
48593 5
48594 5
48595 3
48596 2
48597 4
48598 2
48599 14
48600 65
48601 8
48602 3
48603 4
48604 6
48605 5
48606 3
48607 6
48608 6
48609 2
48610 7
48611 6
48612 5
48613 3
48614 9
48615 4
48616 3
48617 3
48618 17
48619 26
48620 204
48621 26
48622 10
48623 2
48624 7
48625 7
48626 0
48627 5
48628 6
48629 7
48630 7
48631 1
48632 3
48633 6
48634 3
48635 7
48636 10
48637 5
48638 5
48639 28
48640 17
48641 4
48642 2
48643 3
48644 2
48645 6
48646 3
48647 6
48648 4
48649 8
48650 4
48651 5
48652 5
48653 1
48654 3
48655 4
48656 2
48657 5
48658 7
48659 6
48660 1
48661 5
48662 0
48663 2
48664 7
48665 2
48666 3
48667 3
48668 18
48669 1
48670 10
48671 5
48672 28
48673 15
48674 4
48675 2
48676 4
48677 18
48678 7
48679 12
48680 8
48681 2
48682 2
48683 1
48684 6
48685 6
48686 4
48687 1
48688 4
48689 6
48690 2
48691 5
48692 9
48693 4
48694 7
48695 0
48696 1
48697 4
48698 5
48699 4
48700 6
48701 9
48702 2
48703 3
48704 11
48705 3
48706 1
48707 8
48708 4
48709 3
48710 4
48711 4
48712 5
48713 6
48714 2
48715 1
48716 1
48717 1
48718 0
48719 5
48720 36
48721 5
48722 4
48723 1
48724 1
48725 5
48726 8
48727 8
48728 5
48729 7
48730 5
48731 16
48732 3
48733 7
48734 9
48735 2
48736 14
48737 5
48738 1
48739 1
48740 0
48741 5
48742 4
48743 2
48744 5
48745 5
48746 0
48747 1
48748 5
48749 4
48750 20
48751 8
48752 1
48753 5
48754 3
48755 3
48756 13
48757 10
48758 2
48759 1
48760 7
48761 10
48762 5
48763 8
48764 4
48765 5
48766 5
48767 3
48768 15
48769 6
48770 6
48771 8
48772 5
48773 5
48774 2
48775 6
48776 7
48777 5
48778 16
48779 14
48780 8
48781 11
48782 4
48783 5
48784 8
48785 1
48786 3
48787 19
48788 5
48789 3
48790 9
48791 1
48792 7
48793 3
48794 0
48795 3
48796 3
48797 2
48798 0
48799 15
48800 12
48801 4
48802 6
48803 1
48804 9
48805 1
48806 5
48807 3
48808 4
48809 12
48810 2
48811 3
48812 0
48813 3
48814 0
48815 3
48816 18
48817 14
48818 2
48819 8
48820 0
48821 12
48822 3
48823 5
48824 9
48825 13
48826 5
48827 7
48828 25
48829 5
48830 7
48831 3
48832 9
48833 9
48834 3
48835 3
48836 3
48837 4
48838 8
48839 5
48840 15
48841 76
48842 17
48843 5
48844 10
48845 1
48846 5
48847 12
48848 12
48849 9
48850 3
48851 3
48852 14
48853 2
48854 6
48855 2
48856 5
48857 8
48858 9
48859 7
48860 14
48861 4
48862 2
48863 7
48864 6
48865 5
48866 2
48867 5
48868 2
48869 7
48870 2
48871 10
48872 8
48873 2
48874 3
48875 13
48876 4
48877 6
48878 2
48879 6
48880 2
48881 3
48882 1
48883 7
48884 12
48885 2
48886 4
48887 4
48888 10
48889 26
48890 2
48891 11
48892 0
48893 1
48894 1
48895 11
48896 19
48897 6
48898 1
48899 2
48900 0
48901 2
48902 3
48903 4
48904 3
48905 2
48906 1
48907 8
48908 7
48909 2
48910 9
48911 1
48912 8
48913 6
48914 5
48915 8
48916 6
48917 2
48918 3
48919 14
48920 6
48921 5
48922 8
48923 4
48924 12
48925 7
48926 4
48927 8
48928 4
48929 6
48930 9
48931 2
48932 4
48933 1
48934 9
48935 2
48936 1
48937 1
48938 0
48939 1
48940 5
48941 4
48942 4
48943 4
48944 6
48945 7
48946 0
48947 7
48948 6
48949 2
48950 16
48951 14
48952 10
48953 10
48954 1
48955 3
48956 3
48957 3
48958 5
48959 7
48960 24
48961 6
48962 8
48963 0
48964 3
48965 4
48966 2
48967 3
48968 1
48969 2
48970 4
48971 6
48972 3
48973 0
48974 2
48975 3
48976 12
48977 4
48978 3
48979 5
48980 11
48981 0
48982 2
48983 5
48984 8
48985 9
48986 6
48987 0
48988 0
48989 12
48990 6
48991 7
48992 7
48993 8
48994 3
48995 2
48996 8
48997 2
48998 2
48999 8
49000 30
49001 9
49002 4
49003 5
49004 5
49005 12
49006 2
49007 0
49008 3
49009 15
49010 6
49011 4
49012 3
49013 5
49014 6
49015 3
49016 6
49017 3
49018 0
49019 7
49020 3
49021 4
49022 4
49023 3
49024 25
49025 6
49026 0
49027 4
49028 5
49029 5
49030 2
49031 8
49032 9
49033 12
49034 0
49035 3
49036 6
49037 13
49038 2
49039 3
49040 11
49041 4
49042 9
49043 6
49044 2
49045 1
49046 2
49047 4
49048 1
49049 8
49050 4
49051 19
49052 5
49053 2
49054 1
49055 3
49056 16
49057 6
49058 1
49059 4
49060 6
49061 1
49062 7
49063 6
49064 3
49065 1
49066 2
49067 6
49068 9
49069 12
49070 2
49071 4
49072 5
49073 1
49074 2
49075 8
49076 2
49077 3
49078 2
49079 4
49080 3
49081 12
49082 3
49083 7
49084 4
49085 5
49086 0
49087 4
49088 6
49089 4
49090 1
49091 6
49092 3
49093 6
49094 8
49095 5
49096 10
49097 5
49098 5
49099 2
49100 17
49101 10
49102 0
49103 6
49104 19
49105 14
49106 7
49107 3
49108 7
49109 4
49110 2
49111 3
49112 4
49113 10
49114 3
49115 2
49116 5
49117 9
49118 5
49119 5
49120 5
49121 14
49122 8
49123 9
49124 4
49125 4
49126 4
49127 7
49128 6
49129 1
49130 10
49131 4
49132 2
49133 5
49134 5
49135 10
49136 12
49137 7
49138 3
49139 19
49140 36
49141 95
49142 9
49143 9
49144 5
49145 8
49146 12
49147 9
49148 14
49149 15
49150 20
49151 47
49152 314
49153 24
49154 10
49155 11
49156 7
49157 12
49158 6
49159 4
49160 7
49161 5
49162 8
49163 5
49164 8
49165 3
49166 4
49167 10
49168 3
49169 8
49170 7
49171 20
49172 2
49173 3
49174 3
49175 2
49176 5
49177 5
49178 4
49179 2
49180 3
49181 2
49182 2
49183 7
49184 7
49185 8
49186 1
49187 5
49188 1
49189 1
49190 3
49191 3
49192 4
49193 11
49194 3
49195 2
49196 10
49197 13
49198 4
49199 7
49200 8
49201 15
49202 3
49203 11
49204 10
49205 10
49206 8
49207 15
49208 14
49209 7
49210 17
49211 6
49212 4
49213 3
49214 5
49215 13
49216 7
49217 2
49218 6
49219 6
49220 3
49221 7
49222 3
49223 6
49224 0
49225 10
49226 2
49227 1
49228 3
49229 2
49230 7
49231 9
49232 3
49233 4
49234 2
49235 6
49236 9
49237 3
49238 1
49239 5
49240 8
49241 5
49242 1
49243 2
49244 1
49245 2
49246 7
49247 8
49248 19
49249 3
49250 7
49251 5
49252 0
49253 12
49254 2
49255 6
49256 3
49257 1
49258 1
49259 5
49260 9
49261 8
49262 2
49263 4
49264 3
49265 1
49266 5
49267 5
49268 5
49269 2
49270 4
49271 4
49272 3
49273 3
49274 5
49275 5
49276 2
49277 6
49278 4
49279 13
49280 23
49281 6
49282 2
49283 5
49284 101
49285 9
49286 4
49287 4
49288 5
49289 2
49290 3
49291 3
49292 2
49293 13
49294 11
49295 3
49296 6
49297 24
49298 10
49299 4
49300 7
49301 2
49302 9
49303 9
49304 7
49305 3
49306 2
49307 9
49308 12
49309 3
49310 5
49311 4
49312 4
49313 3
49314 7
49315 3
49316 4
49317 2
49318 1
49319 2
49320 3
49321 31
49322 6
49323 10
49324 4
49325 8
49326 2
49327 2
49328 4
49329 6
49330 2
49331 6
49332 4
49333 9
49334 2
49335 26
49336 5
49337 3
49338 3
49339 3
49340 6
49341 5
49342 12
49343 3
49344 10
49345 5
49346 2
49347 5
49348 5
49349 1
49350 3
49351 4
49352 4
49353 6
49354 4
49355 7
49356 5
49357 5
49358 4
49359 2
49360 4
49361 4
49362 1
49363 4
49364 6
49365 3
49366 0
49367 11
49368 12
49369 5
49370 1
49371 5
49372 3
49373 3
49374 3
49375 9
49376 7
49377 3
49378 3
49379 5
49380 5
49381 8
49382 0
49383 5
49384 3
49385 6
49386 0
49387 5
49388 2
49389 0
49390 1
49391 8
49392 32
49393 12
49394 5
49395 4
49396 4
49397 1
49398 4
49399 3
49400 14
49401 8
49402 1
49403 0
49404 7
49405 4
49406 6
49407 8
49408 6
49409 15
49410 9
49411 6
49412 0
49413 4
49414 11
49415 4
49416 1
49417 3
49418 1
49419 5
49420 4
49421 0
49422 4
49423 4
49424 4
49425 0
49426 2
49427 3
49428 3
49429 7
49430 4
49431 3
49432 3
49433 6
49434 4
49435 2
49436 6
49437 4
49438 2
49439 7
49440 10
49441 5
49442 3
49443 4
49444 5
49445 3
49446 3
49447 3
49448 7
49449 7
49450 5
49451 7
49452 0
49453 2
49454 1
49455 8
49456 5
49457 1
49458 2
49459 9
49460 3
49461 5
49462 5
49463 6
49464 10
49465 3
49466 3
49467 3
49468 10
49469 2
49470 3
49471 13
49472 6
49473 2
49474 7
49475 3
49476 10
49477 15
49478 1
49479 1
49480 6
49481 10
49482 4
49483 2
49484 9
49485 4
49486 2
49487 2
49488 7
49489 2
49490 4
49491 4
49492 3
49493 3
49494 6
49495 4
49496 7
49497 1
49498 4
49499 30
49500 23
49501 6
49502 1
49503 4
49504 25
49505 6
49506 6
49507 6
49508 2
49509 1
49510 3
49511 1
49512 3
49513 2
49514 0
49515 6
49516 5
49517 3
49518 7
49519 0
49520 3
49521 9
49522 1
49523 3
49524 5
49525 3
49526 5
49527 5
49528 1
49529 11
49530 5
49531 5
49532 6
49533 3
49534 7
49535 2
49536 15
49537 14
49538 4
49539 7
49540 4
49541 7
49542 1
49543 1
49544 6
49545 1
49546 1
49547 5
49548 3
49549 9
49550 2
49551 1
49552 5
49553 4
49554 3
49555 5
49556 7
49557 3
49558 2
49559 11
49560 10
49561 6
49562 3
49563 7
49564 3
49565 3
49566 5
49567 4
49568 4
49569 3
49570 3
49571 6
49572 12
49573 3
49574 4
49575 9
49576 4
49577 5
49578 6
49579 4
49580 2
49581 5
49582 1
49583 5
49584 1
49585 2
49586 3
49587 1
49588 13
49589 5
49590 12
49591 4
49592 2
49593 2
49594 2
49595 8
49596 5
49597 6
49598 2
49599 9
49600 16
49601 9
49602 5
49603 4
49604 3
49605 2
49606 3
49607 2
49608 5
49609 3
49610 5
49611 5
49612 5
49613 10
49614 2
49615 2
49616 4
49617 4
49618 2
49619 3
49620 5
49621 2
49622 3
49623 4
49624 8
49625 4
49626 5
49627 6
49628 0
49629 1
49630 2
49631 7
49632 7
49633 3
49634 4
49635 8
49636 2
49637 4
49638 5
49639 6
49640 4
49641 2
49642 3
49643 2
49644 11
49645 2
49646 7
49647 2
49648 0
49649 5
49650 2
49651 4
49652 2
49653 3
49654 1
49655 1
49656 5
49657 4
49658 4
49659 2
49660 1
49661 7
49662 7
49663 12
49664 12
49665 27
49666 4
49667 10
49668 6
49669 9
49670 5
49671 7
49672 6
49673 2
49674 1
49675 1
49676 1
49677 1
49678 3
49679 4
49680 22
49681 23
49682 13
49683 2
49684 2
49685 1
49686 10
49687 2
49688 4
49689 9
49690 0
49691 2
49692 2
49693 2
49694 4
49695 2
49696 5
49697 10
49698 3
49699 1
49700 11
49701 3
49702 9
49703 3
49704 6
49705 0
49706 2
49707 1
49708 4
49709 4
49710 1
49711 10
49712 3
49713 3
49714 1
49715 1
49716 2
49717 3
49718 1
49719 1
49720 3
49721 6
49722 4
49723 2
49724 2
49725 24
49726 12
49727 23
49728 12
49729 67
49730 7
49731 2
49732 5
49733 2
49734 1
49735 5
49736 2
49737 4
49738 2
49739 8
49740 10
49741 3
49742 19
49743 5
49744 6
49745 1
49746 6
49747 9
49748 3
49749 2
49750 4
49751 4
49752 6
49753 1
49754 1
49755 3
49756 4
49757 3
49758 4
49759 5
49760 3
49761 7
49762 4
49763 3
49764 12
49765 2
49766 3
49767 3
49768 5
49769 6
49770 15
49771 15
49772 6
49773 2
49774 6
49775 2
49776 11
49777 12
49778 3
49779 2
49780 3
49781 16
49782 9
49783 5
49784 9
49785 2
49786 1
49787 10
49788 3
49789 8
49790 1
49791 8
49792 3
49793 1
49794 6
49795 2
49796 7
49797 2
49798 2
49799 1
49800 6
49801 9
49802 5
49803 1
49804 3
49805 1
49806 5
49807 3
49808 4
49809 1
49810 2
49811 13
49812 2
49813 5
49814 1
49815 5
49816 4
49817 3
49818 4
49819 4
49820 7
49821 2
49822 2
49823 4
49824 10
49825 3
49826 3
49827 6
49828 2
49829 9
49830 6
49831 8
49832 3
49833 2
49834 2
49835 8
49836 4
49837 2
49838 1
49839 4
49840 6
49841 7
49842 5
49843 2
49844 2
49845 1
49846 6
49847 0
49848 9
49849 5
49850 10
49851 3
49852 7
49853 4
49854 4
49855 2
49856 5
49857 2
49858 3
49859 1
49860 11
49861 10
49862 2
49863 5
49864 9
49865 3
49866 1
49867 8
49868 4
49869 6
49870 2
49871 5
49872 10
49873 4
49874 1
49875 15
49876 2
49877 7
49878 7
49879 4
49880 4
49881 0
49882 1
49883 2
49884 4
49885 2
49886 1
49887 3
49888 4
49889 1
49890 1
49891 7
49892 2
49893 3
49894 7
49895 4
49896 23
49897 5
49898 3
49899 2
49900 5
49901 8
49902 4
49903 1
49904 0
49905 5
49906 1
49907 2
49908 3
49909 4
49910 16
49911 9
49912 5
49913 3
49914 5
49915 4
49916 2
49917 3
49918 6
49919 11
49920 44
49921 21
49922 4
49923 11
49924 7
49925 7
49926 3
49927 7
49928 12
49929 12
49930 1
49931 3
49932 19
49933 2
49934 2
49935 4
49936 5
49937 13
49938 15
49939 16
49940 19
49941 3
49942 3
49943 10
49944 8
49945 3
49946 3
49947 3
49948 1
49949 8
49950 6
49951 11
49952 7
49953 3
49954 5
49955 5
49956 9
49957 9
49958 3
49959 9
49960 3
49961 1
49962 1
49963 5
49964 3
49965 5
49966 3
49967 2
49968 9
49969 3
49970 5
49971 5
49972 1
49973 3
49974 6
49975 4
49976 1
49977 2
49978 4
49979 4
49980 14
49981 31
49982 3
49983 4
49984 5
49985 2
49986 9
49987 7
49988 1
49989 6
49990 2
49991 10
49992 3
49993 10
49994 8
49995 19
49996 9
49997 7
49998 13
49999 87
50000 175
50001 26
50002 13
50003 11
50004 3
50005 46
50006 2
50007 7
50008 7
50009 3
50010 7
50011 4
50012 4
50013 4
50014 1
50015 6
50016 7
50017 6
50018 5
50019 1
50020 11
50021 15
50022 6
50023 8
50024 8
50025 6
50026 6
50027 3
50028 7
50029 3
50030 4
50031 2
50032 3
50033 9
50034 5
50035 3
50036 4
50037 3
50038 0
50039 5
50040 10
50041 3
50042 3
50043 2
50044 2
50045 5
50046 1
50047 5
50048 5
50049 10
50050 60
50051 13
50052 10
50053 12
50054 2
50055 13
50056 8
50057 3
50058 6
50059 6
50060 7
50061 1
50062 5
50063 0
50064 9
50065 14
50066 3
50067 1
50068 0
50069 16
50070 2
50071 3
50072 0
50073 4
50074 2
50075 3
50076 5
50077 19
50078 4
50079 1
50080 8
50081 4
50082 3
50083 1
50084 5
50085 13
50086 10
50087 6
50088 9
50089 3
50090 6
50091 0
50092 5
50093 6
50094 9
50095 10
50096 6
50097 0
50098 4
50099 1
50100 10
50101 15
50102 0
50103 1
50104 2
50105 12
50106 1
50107 2
50108 2
50109 1
50110 4
50111 12
50112 16
50113 3
50114 2
50115 6
50116 18
50117 6
50118 0
50119 6
50120 4
50121 1
50122 0
50123 10
50124 6
50125 6
50126 4
50127 9
50128 7
50129 0
50130 5
50131 8
50132 4
50133 1
50134 4
50135 2
50136 8
50137 4
50138 4
50139 6
50140 3
50141 6
50142 6
50143 1
50144 11
50145 3
50146 2
50147 5
50148 5
50149 3
50150 6
50151 3
50152 2
50153 2
50154 6
50155 2
50156 1
50157 8
50158 2
50159 6
50160 23
50161 4
50162 8
50163 4
50164 2
50165 2
50166 5
50167 4
50168 2
50169 4
50170 2
50171 3
50172 7
50173 7
50174 5
50175 11
50176 87
50177 30
50178 2
50179 1
50180 7
50181 2
50182 1
50183 8
50184 12
50185 1
50186 5
50187 10
50188 0
50189 1
50190 17
50191 9
50192 6
50193 8
50194 3
50195 2
50196 3
50197 3
50198 6
50199 4
50200 4
50201 3
50202 3
50203 6
50204 4
50205 10
50206 2
50207 14
50208 9
50209 2
50210 2
50211 2
50212 6
50213 6
50214 5
50215 4
50216 5
50217 5
50218 5
50219 7
50220 4
50221 9
50222 5
50223 1
50224 4
50225 9
50226 4
50227 10
50228 7
50229 2
50230 1
50231 5
50232 13
50233 8
50234 4
50235 11
50236 5
50237 5
50238 1
50239 2
50240 3
50241 1
50242 1
50243 2
50244 4
50245 4
50246 3
50247 1
50248 8
50249 1
50250 4
50251 5
50252 7
50253 6
50254 3
50255 8
50256 4
50257 2
50258 3
50259 1
50260 7
50261 5
50262 4
50263 3
50264 3
50265 4
50266 2
50267 5
50268 6
50269 0
50270 4
50271 3
50272 1
50273 6
50274 9
50275 3
50276 3
50277 0
50278 9
50279 7
50280 3
50281 9
50282 3
50283 3
50284 3
50285 0
50286 2
50287 5
50288 7
50289 2
50290 2
50291 6
50292 5
50293 1
50294 4
50295 5
50296 6
50297 2
50298 2
50299 3
50300 6
50301 12
50302 3
50303 0
50304 9
50305 15
50306 6
50307 0
50308 1
50309 2
50310 13
50311 5
50312 5
50313 1
50314 1
50315 7
50316 12
50317 5
50318 0
50319 1
50320 11
50321 15
50322 5
50323 6
50324 0
50325 2
50326 2
50327 2
50328 3
50329 3
50330 4
50331 3
50332 0
50333 8
50334 6
50335 2
50336 10
50337 2
50338 3
50339 2
50340 3
50341 6
50342 2
50343 3
50344 8
50345 2
50346 5
50347 3
50348 4
50349 5
50350 4
50351 2
50352 1
50353 6
50354 8
50355 3
50356 2
50357 4
50358 8
50359 4
50360 3
50361 3
50362 2
50363 8
50364 3
50365 2
50366 1
50367 2
50368 4
50369 7
50370 4
50371 8
50372 7
50373 5
50374 6
50375 6
50376 5
50377 3
50378 4
50379 4
50380 8
50381 4
50382 5
50383 14
50384 6
50385 1
50386 9
50387 8
50388 79
50389 7
50390 1
50391 8
50392 3
50393 3
50394 2
50395 2
50396 2
50397 10
50398 2
50399 10
50400 224
50401 13
50402 2
50403 10
50404 7
50405 15
50406 1
50407 7
50408 4
50409 2
50410 1
50411 10
50412 7
50413 4
50414 8
50415 5
50416 1
50417 13
50418 4
50419 7
50420 9
50421 35
50422 4
50423 6
50424 7
50425 2
50426 3
50427 5
50428 6
50429 6
50430 6
50431 13
50432 13
50433 1
50434 1
50435 8
50436 8
50437 4
50438 2
50439 9
50440 6
50441 9
50442 7
50443 3
50444 3
50445 4
50446 5
50447 2
50448 4
50449 4
50450 9
50451 5
50452 3
50453 3
50454 7
50455 3
50456 7
50457 0
50458 2
50459 7
50460 13
50461 10
50462 5
50463 6
50464 11
50465 2
50466 2
50467 2
50468 4
50469 4
50470 3
50471 2
50472 4
50473 1
50474 2
50475 1
50476 2
50477 3
50478 9
50479 4
50480 1
50481 7
50482 3
50483 1
50484 1
50485 5
50486 2
50487 3
50488 1
50489 6
50490 11
50491 5
50492 2
50493 2
50494 5
50495 4
50496 5
50497 2
50498 2
50499 3
50500 28
50501 4
50502 7
50503 14
50504 5
50505 42
50506 3
50507 7
50508 5
50509 2
50510 5
50511 0
50512 5
50513 2
50514 2
50515 1
50516 6
50517 7
50518 3
50519 5
50520 17
50521 142
50522 10
50523 11
50524 2
50525 6
50526 4
50527 8
50528 3
50529 9
50530 1
50531 2
50532 6
50533 6
50534 2
50535 7
50536 5
50537 1
50538 1
50539 4
50540 5
50541 6
50542 3
50543 5
50544 18
50545 8
50546 3
50547 3
50548 4
50549 18
50550 5
50551 8
50552 2
50553 6
50554 1
50555 10
50556 3
50557 7
50558 2
50559 12
50560 13
50561 9
50562 4
50563 1
50564 1
50565 4
50566 3
50567 1
50568 10
50569 1
50570 6
50571 9
50572 4
50573 5
50574 1
50575 11
50576 9
50577 0
50578 4
50579 9
50580 9
50581 7
50582 1
50583 4
50584 0
50585 3
50586 4
50587 9
50588 0
50589 5
50590 3
50591 7
50592 11
50593 10
50594 0
50595 8
50596 8
50597 4
50598 1
50599 16
50600 10
50601 2
50602 5
50603 7
50604 3
50605 9
50606 1
50607 3
50608 4
50609 12
50610 14
50611 2
50612 1
50613 3
50614 0
50615 5
50616 24
50617 5
50618 6
50619 3
50620 3
50621 12
50622 3
50623 2
50624 20
50625 261
50626 12
50627 15
50628 3
50629 2
50630 8
50631 3
50632 3
50633 1
50634 6
50635 3
50636 0
50637 0
50638 2
50639 3
50640 10
50641 3
50642 2
50643 10
50644 3
50645 7
50646 3
50647 5
50648 2
50649 7
50650 4
50651 15
50652 19
50653 178
50654 38
50655 11
50656 4
50657 2
50658 2
50659 5
50660 7
50661 3
50662 4
50663 2
50664 3
50665 2
50666 2
50667 2
50668 1
50669 2
50670 10
50671 3
50672 3
50673 5
50674 4
50675 9
50676 4
50677 2
50678 3
50679 2
50680 16
50681 3
50682 6
50683 2
50684 3
50685 5
50686 2
50687 5
50688 48
50689 8
50690 8
50691 6
50692 11
50693 3
50694 3
50695 0
50696 3
50697 6
50698 5
50699 4
50700 18
50701 2
50702 6
50703 2
50704 3
50705 8
50706 11
50707 13
50708 0
50709 1
50710 2
50711 4
50712 2
50713 1
50714 5
50715 6
50716 3
50717 3
50718 3
50719 3
50720 9
50721 10
50722 5
50723 2
50724 2
50725 4
50726 7
50727 4
50728 4
50729 9
50730 6
50731 2
50732 0
50733 5
50734 2
50735 2
50736 3
50737 10
50738 4
50739 5
50740 3
50741 7
50742 2
50743 5
50744 2
50745 4
50746 5
50747 3
50748 4
50749 0
50750 6
50751 5
50752 16
50753 9
50754 5
50755 6
50756 5
50757 2
50758 4
50759 3
50760 11
50761 3
50762 4
50763 1
50764 9
50765 7
50766 4
50767 7
50768 2
50769 2
50770 4
50771 2
50772 2
50773 1
50774 3
50775 10
50776 2
50777 14
50778 7
50779 10
50780 2
50781 2
50782 5
50783 1
50784 4
50785 4
50786 4
50787 4
50788 8
50789 7
50790 3
50791 5
50792 3
50793 4
50794 4
50795 1
50796 6
50797 2
50798 0
50799 2
50800 11
50801 5
50802 5
50803 6
50804 0
50805 11
50806 8
50807 9
50808 8
50809 4
50810 2
50811 5
50812 2
50813 8
50814 8
50815 1
50816 6
50817 2
50818 4
50819 5
50820 18
50821 9
50822 3
50823 2
50824 3
50825 3
50826 4
50827 2
50828 2
50829 2
50830 9
50831 16
50832 11
50833 13
50834 2
50835 3
50836 1
50837 3
50838 6
50839 4
50840 8
50841 4
50842 2
50843 2
50844 6
50845 4
50846 3
50847 0
50848 4
50849 9
50850 13
50851 16
50852 9
50853 5
50854 6
50855 3
50856 4
50857 13
50858 4
50859 3
50860 3
50861 4
50862 3
50863 5
50864 13
50865 3
50866 7
50867 5
50868 3
50869 4
50870 3
50871 3
50872 3
50873 4
50874 4
50875 6
50876 9
50877 6
50878 3
50879 7
50880 12
50881 16
50882 5
50883 6
50884 5
50885 5
50886 5
50887 10
50888 4
50889 4
50890 2
50891 6
50892 7
50893 5
50894 3
50895 7
50896 3
50897 8
50898 4
50899 2
50900 2
50901 1
50902 5
50903 2
50904 6
50905 5
50906 1
50907 2
50908 8
50909 19
50910 3
50911 1
50912 10
50913 4
50914 2
50915 2
50916 1
50917 5
50918 1
50919 2
50920 9
50921 1
50922 2
50923 10
50924 2
50925 11
50926 1
50927 2
50928 4
50929 9
50930 3
50931 4
50932 3
50933 5
50934 2
50935 1
50936 2
50937 1
50938 4
50939 1
50940 2
50941 3
50942 2
50943 3
50944 8
50945 0
50946 3
50947 2
50948 1
50949 8
50950 5
50951 16
50952 3
50953 5
50954 6
50955 8
50956 3
50957 6
50958 4
50959 6
50960 19
50961 3
50962 7
50963 7
50964 6
50965 9
50966 1
50967 5
50968 1
50969 7
50970 2
50971 3
50972 6
50973 6
50974 2
50975 4
50976 7
50977 1
50978 3
50979 0
50980 6
50981 1
50982 3
50983 1
50984 3
50985 6
50986 3
50987 6
50988 5
50989 6
50990 0
50991 2
50992 5
50993 10
50994 4
50995 7
50996 5
50997 6
50998 6
50999 2
51000 19
51001 14
51002 3
51003 0
51004 8
51005 10
51006 7
51007 3
51008 3
51009 2
51010 1
51011 5
51012 10
51013 1
51014 1
51015 12
51016 5
51017 0
51018 4
51019 2
51020 3
51021 3
51022 3
51023 5
51024 5
51025 6
51026 5
51027 4
51028 1
51029 2
51030 29
51031 14
51032 4
51033 6
51034 2
51035 1
51036 1
51037 2
51038 3
51039 8
51040 13
51041 4
51042 1
51043 6
51044 4
51045 2
51046 1
51047 2
51048 2
51049 2
51050 4
51051 39
51052 2
51053 6
51054 5
51055 7
51056 0
51057 2
51058 3
51059 6
51060 10
51061 12
51062 4
51063 3
51064 8
51065 7
51066 6
51067 11
51068 9
51069 2
51070 3
51071 8
51072 16
51073 5
51074 6
51075 7
51076 35
51077 5
51078 1
51079 3
51080 1
51081 2
51082 1
51083 4
51084 4
51085 5
51086 2
51087 2
51088 3
51089 4
51090 5
51091 3
51092 5
51093 3
51094 3
51095 2
51096 3
51097 3
51098 2
51099 3
51100 4
51101 7
51102 7
51103 4
51104 4
51105 7
51106 3
51107 3
51108 0
51109 14
51110 1
51111 15
51112 6
51113 3
51114 6
51115 7
51116 4
51117 4
51118 1
51119 3
51120 11
51121 6
51122 3
51123 2
51124 1
51125 3
51126 6
51127 4
51128 10
51129 5
51130 4
51131 17
51132 3
51133 9
51134 2
51135 4
51136 11
51137 11
51138 2
51139 6
51140 0
51141 5
51142 5
51143 3
51144 11
51145 6
51146 3
51147 1
51148 11
51149 7
51150 14
51151 25
51152 4
51153 4
51154 2
51155 2
51156 17
51157 12
51158 5
51159 6
51160 3
51161 4
51162 3
51163 2
51164 3
51165 4
51166 4
51167 7
51168 5
51169 17
51170 4
51171 2
51172 3
51173 2
51174 4
51175 5
51176 3
51177 4
51178 1
51179 3
51180 4
51181 6
51182 8
51183 5
51184 11
51185 2
51186 1
51187 4
51188 5
51189 1
51190 3
51191 2
51192 3
51193 10
51194 3
51195 3
51196 13
51197 11
51198 5
51199 18
51200 65
51201 6
51202 1
51203 6
51204 9
51205 11
51206 4
51207 3
51208 3
51209 2
51210 3
51211 10
51212 6
51213 8
51214 3
51215 5
51216 8
51217 6
51218 3
51219 3
51220 7
51221 9
51222 4
51223 1
51224 5
51225 4
51226 0
51227 3
51228 4
51229 9
51230 2
51231 2
51232 4
51233 3
51234 10
51235 2
51236 2
51237 2
51238 5
51239 8
51240 19
51241 9
51242 1
51243 6
51244 2
51245 0
51246 3
51247 2
51248 4
51249 0
51250 11
51251 3
51252 2
51253 6
51254 3
51255 8
51256 10
51257 6
51258 3
51259 3
51260 2
51261 13
51262 1
51263 5
51264 12
51265 4
51266 3
51267 3
51268 3
51269 3
51270 2
51271 4
51272 13
51273 4
51274 4
51275 2
51276 1
51277 3
51278 0
51279 0
51280 4
51281 2
51282 10
51283 8
51284 6
51285 1
51286 6
51287 4
51288 0
51289 0
51290 2
51291 5
51292 3
51293 7
51294 0
51295 4
51296 6
51297 1
51298 6
51299 2
51300 21
51301 16
51302 6
51303 4
51304 3
51305 4
51306 7
51307 2
51308 2
51309 3
51310 1
51311 3
51312 5
51313 3
51314 2
51315 8
51316 0
51317 1
51318 4
51319 22
51320 8
51321 1
51322 3
51323 2
51324 11
51325 5
51326 1
51327 1
51328 1
51329 6
51330 8
51331 5
51332 18
51333 1
51334 3
51335 0
51336 7
51337 5
51338 6
51339 2
51340 9
51341 11
51342 2
51343 8
51344 6
51345 2
51346 4
51347 13
51348 4
51349 4
51350 6
51351 1
51352 2
51353 3
51354 3
51355 1
51356 4
51357 7
51358 4
51359 13
51360 19
51361 14
51362 1
51363 3
51364 5
51365 3
51366 3
51367 6
51368 6
51369 2
51370 2
51371 3
51372 4
51373 3
51374 2
51375 5
51376 8
51377 2
51378 2
51379 1
51380 1
51381 4
51382 2
51383 6
51384 12
51385 4
51386 4
51387 3
51388 2
51389 4
51390 2
51391 3
51392 1
51393 5
51394 4
51395 2
51396 4
51397 3
51398 4
51399 4
51400 3
51401 5
51402 0
51403 2
51404 6
51405 4
51406 0
51407 4
51408 25
51409 15
51410 5
51411 1
51412 9
51413 8
51414 7
51415 12
51416 2
51417 2
51418 3
51419 7
51420 8
51421 8
51422 2
51423 6
51424 11
51425 10
51426 2
51427 8
51428 5
51429 3
51430 1
51431 5
51432 4
51433 4
51434 2
51435 4
51436 4
51437 9
51438 1
51439 2
51440 8
51441 1
51442 2
51443 0
51444 2
51445 6
51446 3
51447 4
51448 4
51449 3
51450 14
51451 5
51452 2
51453 4
51454 1
51455 4
51456 5
51457 7
51458 7
51459 3
51460 1
51461 3
51462 4
51463 5
51464 7
51465 5
51466 1
51467 0
51468 3
51469 6
51470 4
51471 11
51472 9
51473 10
51474 1
51475 7
51476 8
51477 8
51478 7
51479 10
51480 134
51481 18
51482 4
51483 5
51484 0
51485 2
51486 1
51487 6
51488 15
51489 3
51490 3
51491 5
51492 5
51493 4
51494 3
51495 3
51496 3
51497 2
51498 0
51499 6
51500 2
51501 2
51502 1
51503 2
51504 11
51505 7
51506 6
51507 2
51508 9
51509 6
51510 12
51511 17
51512 2
51513 7
51514 2
51515 6
51516 4
51517 9
51518 0
51519 5
51520 21
51521 9
51522 2
51523 1
51524 4
51525 4
51526 3
51527 6
51528 10
51529 55
51530 4
51531 3
51532 3
51533 4
51534 1
51535 4
51536 5
51537 4
51538 1
51539 4
51540 0
51541 5
51542 2
51543 5
51544 2
51545 1
51546 2
51547 1
51548 2
51549 1
51550 2
51551 20
51552 13
51553 1
51554 0
51555 5
51556 0
51557 2
51558 5
51559 2
51560 3
51561 3
51562 10
51563 8
51564 3
51565 1
51566 0
51567 2
51568 8
51569 1
51570 9
51571 1
51572 2
51573 1
51574 2
51575 0
51576 4
51577 7
51578 3
51579 2
51580 4
51581 5
51582 3
51583 4
51584 6
51585 2
51586 6
51587 1
51588 11
51589 2
51590 4
51591 3
51592 6
51593 1
51594 2
51595 3
51596 2
51597 15
51598 2
51599 10
51600 6
51601 2
51602 3
51603 1
51604 5
51605 1
51606 1
51607 6
51608 5
51609 6
51610 2
51611 1
51612 4
51613 11
51614 4
51615 5
51616 3
51617 4
51618 5
51619 4
51620 1
51621 2
51622 4
51623 5
51624 7
51625 4
51626 1
51627 3
51628 4
51629 2
51630 0
51631 7
51632 2
51633 4
51634 1
51635 3
51636 4
51637 4
51638 0
51639 1
51640 7
51641 12
51642 2
51643 0
51644 4
51645 4
51646 2
51647 7
51648 5
51649 8
51650 3
51651 5
51652 4
51653 3
51654 4
51655 2
51656 2
51657 1
51658 3
51659 5
51660 14
51661 8
51662 5
51663 3
51664 5
51665 3
51666 2
51667 5
51668 9
51669 4
51670 2
51671 3
51672 2
51673 4
51674 4
51675 1
51676 4
51677 3
51678 4
51679 14
51680 10
51681 19
51682 3
51683 8
51684 4
51685 2
51686 4
51687 2
51688 16
51689 2
51690 2
51691 5
51692 2
51693 1
51694 1
51695 3
51696 8
51697 1
51698 3
51699 2
51700 5
51701 4
51702 8
51703 5
51704 2
51705 1
51706 5
51707 0
51708 4
51709 3
51710 0
51711 4
51712 11
51713 7
51714 5
51715 5
51716 5
51717 1
51718 2
51719 5
51720 5
51721 7
51722 4
51723 2
51724 4
51725 1
51726 0
51727 3
51728 5
51729 1
51730 2
51731 5
51732 3
51733 3
51734 2
51735 1
51736 4
51737 2
51738 0
51739 3
51740 1
51741 4
51742 1
51743 2
51744 11
51745 1
51746 0
51747 0
51748 5
51749 9
51750 11
51751 6
51752 8
51753 6
51754 6
51755 3
51756 10
51757 3
51758 2
51759 8
51760 4
51761 1
51762 4
51763 1
51764 2
51765 30
51766 4
51767 5
51768 10
51769 13
51770 2
51771 2
51772 1
51773 0
51774 3
51775 5
51776 3
51777 5
51778 3
51779 5
51780 2
51781 2
51782 2
51783 2
51784 0
51785 5
51786 9
51787 6
51788 1
51789 3
51790 13
51791 2
51792 5
51793 2
51794 5
51795 4
51796 5
51797 7
51798 1
51799 3
51800 11
51801 2
51802 2
51803 1
51804 6
51805 4
51806 2
51807 0
51808 2
51809 3
51810 7
51811 5
51812 0
51813 3
51814 3
51815 5
51816 7
51817 3
51818 2
51819 10
51820 4
51821 10
51822 20
51823 0
51824 1
51825 3
51826 2
51827 9
51828 5
51829 3
51830 2
51831 2
51832 4
51833 1
51834 6
51835 4
51836 5
51837 1
51838 3
51839 18
51840 133
51841 58
51842 12
51843 3
51844 3
51845 3
51846 3
51847 5
51848 2
51849 2
51850 14
51851 2
51852 2
51853 6
51854 1
51855 0
51856 17
51857 2
51858 1
51859 3
51860 2
51861 1
51862 8
51863 3
51864 8
51865 4
51866 3
51867 3
51868 3
51869 18
51870 51
51871 8
51872 3
51873 3
51874 2
51875 8
51876 5
51877 3
51878 1
51879 1
51880 2
51881 1
51882 4
51883 2
51884 6
51885 9
51886 10
51887 3
51888 25
51889 4
51890 2
51891 7
51892 6
51893 7
51894 5
51895 5
51896 3
51897 2
51898 1
51899 3
51900 3
51901 6
51902 2
51903 2
51904 7
51905 2
51906 4
51907 3
51908 2
51909 5
51910 5
51911 4
51912 15
51913 8
51914 2
51915 2
51916 2
51917 8
51918 1
51919 0
51920 3
51921 0
51922 1
51923 1
51924 5
51925 4
51926 3
51927 1
51928 4
51929 4
51930 2
51931 3
51932 3
51933 2
51934 5
51935 6
51936 4
51937 0
51938 3
51939 10
51940 8
51941 11
51942 4
51943 3
51944 1
51945 6
51946 4
51947 6
51948 7
51949 10
51950 8
51951 1
51952 3
51953 4
51954 2
51955 5
51956 3
51957 0
51958 2
51959 1
51960 10
51961 5
51962 5
51963 4
51964 7
51965 2
51966 4
51967 5
51968 8
51969 2
51970 3
51971 7
51972 3
51973 7
51974 2
51975 72
51976 7
51977 9
51978 5
51979 4
51980 1
51981 4
51982 4
51983 43
51984 59
51985 14
51986 4
51987 2
51988 4
51989 0
51990 6
51991 4
51992 5
51993 1
51994 0
51995 4
51996 6
51997 6
51998 6
51999 0
52000 16
52001 4
52002 10
52003 34
52004 1
52005 3
52006 3
52007 2
52008 5
52009 11
52010 5
52011 1
52012 11
52013 3
52014 5
52015 5
52016 12
52017 4
52018 4
52019 3
52020 16
52021 19
52022 65
52023 6
52024 5
52025 2
52026 8
52027 7
52028 1
52029 6
52030 7
52031 1
52032 5
52033 3
52034 1
52035 2
52036 3
52037 2
52038 2
52039 4
52040 6
52041 6
52042 2
52043 4
52044 1
52045 3
52046 2
52047 2
52048 3
52049 6
52050 4
52051 2
52052 7
52053 2
52054 2
52055 1
52056 8
52057 18
52058 2
52059 6
52060 22
52061 6
52062 4
52063 3
52064 4
52065 7
52066 1
52067 0
52068 2
52069 4
52070 0
52071 5
52072 8
52073 5
52074 4
52075 2
52076 1
52077 5
52078 7
52079 5
52080 32
52081 2
52082 6
52083 6
52084 6
52085 3
52086 3
52087 3
52088 7
52089 1
52090 2
52091 1
52092 6
52093 3
52094 2
52095 2
52096 7
52097 1
52098 4
52099 3
52100 9
52101 4
52102 3
52103 5
52104 3
52105 2
52106 3
52107 0
52108 3
52109 1
52110 5
52111 11
52112 7
52113 8
52114 2
52115 1
52116 2
52117 9
52118 3
52119 3
52120 6
52121 7
52122 4
52123 2
52124 6
52125 9
52126 9
52127 4
52128 6
52129 3
52130 6
52131 2
52132 7
52133 4
52134 6
52135 1
52136 8
52137 2
52138 1
52139 3
52140 3
52141 3
52142 1
52143 7
52144 0
52145 3
52146 4
52147 3
52148 3
52149 4
52150 1
52151 2
52152 4
52153 7
52154 3
52155 8
52156 3
52157 4
52158 1
52159 0
52160 6
52161 5
52162 5
52163 13
52164 12
52165 4
52166 2
52167 1
52168 2
52169 2
52170 7
52171 4
52172 3
52173 6
52174 15
52175 2
52176 3
52177 8
52178 1
52179 0
52180 2
52181 3
52182 4
52183 3
52184 9
52185 9
52186 4
52187 7
52188 3
52189 8
52190 3
52191 4
52192 5
52193 14
52194 0
52195 8
52196 4
52197 3
52198 1
52199 9
52200 14
52201 12
52202 0
52203 4
52204 3
52205 1
52206 12
52207 2
52208 8
52209 0
52210 4
52211 9
52212 3
52213 3
52214 6
52215 7
52216 2
52217 4
52218 0
52219 6
52220 4
52221 4
52222 6
52223 11
52224 22
52225 12
52226 8
52227 6
52228 1
52229 1
52230 6
52231 2
52232 3
52233 4
52234 3
52235 6
52236 5
52237 6
52238 0
52239 4
52240 3
52241 5
52242 4
52243 3
52244 2
52245 4
52246 4
52247 2
52248 7
52249 1
52250 6
52251 1
52252 4
52253 10
52254 0
52255 3
52256 7
52257 0
52258 4
52259 5
52260 4
52261 1
52262 5
52263 0
52264 5
52265 4
52266 0
52267 9
52268 4
52269 4
52270 2
52271 3
52272 31
52273 5
52274 6
52275 10
52276 1
52277 2
52278 3
52279 4
52280 5
52281 2
52282 1
52283 3
52284 2
52285 2
52286 1
52287 1
52288 5
52289 12
52290 14
52291 5
52292 0
52293 0
52294 2
52295 2
52296 4
52297 7
52298 2
52299 9
52300 3
52301 8
52302 1
52303 3
52304 0
52305 4
52306 1
52307 3
52308 5
52309 0
52310 7
52311 3
52312 1
52313 8
52314 4
52315 0
52316 3
52317 2
52318 2
52319 3
52320 10
52321 11
52322 2
52323 6
52324 4
52325 20
52326 29
52327 10
52328 9
52329 2
52330 1
52331 4
52332 4
52333 4
52334 4
52335 2
52336 4
52337 1
52338 4
52339 5
52340 2
52341 5
52342 1
52343 1
52344 5
52345 8
52346 2
52347 3
52348 8
52349 2
52350 4
52351 3
52352 15
52353 6
52354 0
52355 0
52356 3
52357 4
52358 2
52359 4
52360 42
52361 12
52362 5
52363 1
52364 5
52365 2
52366 3
52367 3
52368 5
52369 4
52370 4
52371 2
52372 7
52373 2
52374 5
52375 5
52376 4
52377 12
52378 6
52379 7
52380 4
52381 4
52382 6
52383 2
52384 5
52385 1
52386 1
52387 6
52388 3
52389 3
52390 10
52391 11
52392 4
52393 6
52394 17
52395 4
52396 4
52397 2
52398 2
52399 0
52400 7
52401 6
52402 3
52403 3
52404 8
52405 1
52406 0
52407 4
52408 2
52409 2
52410 1
52411 3
52412 4
52413 2
52414 3
52415 2
52416 45
52417 13
52418 7
52419 3
52420 4
52421 4
52422 4
52423 3
52424 2
52425 17
52426 6
52427 5
52428 35
52429 49
52430 10
52431 5
52432 13
52433 5
52434 3
52435 2
52436 4
52437 4
52438 1
52439 3
52440 12
52441 60
52442 3
52443 1
52444 2
52445 1
52446 4
52447 3
52448 5
52449 3
52450 8
52451 2
52452 1
52453 5
52454 5
52455 3
52456 2
52457 5
52458 1
52459 2
52460 2
52461 3
52462 2
52463 4
52464 9
52465 4
52466 5
52467 1
52468 6
52469 3
52470 6
52471 1
52472 3
52473 5
52474 10
52475 2
52476 4
52477 2
52478 3
52479 11
52480 21
52481 7
52482 3
52483 0
52484 9
52485 1
52486 8
52487 14
52488 115
52489 30
52490 6
52491 4
52492 6
52493 0
52494 1
52495 2
52496 8
52497 8
52498 0
52499 4
52500 24
52501 10
52502 0
52503 1
52504 4
52505 3
52506 3
52507 7
52508 1
52509 1
52510 1
52511 4
52512 7
52513 2
52514 4
52515 2
52516 1
52517 9
52518 6
52519 5
52520 5
52521 5
52522 4
52523 3
52524 6
52525 16
52526 8
52527 8
52528 8
52529 19
52530 11
52531 3
52532 6
52533 6
52534 2
52535 3
52536 5
52537 5
52538 4
52539 2
52540 3
52541 8
52542 5
52543 5
52544 3
52545 3
52546 1
52547 5
52548 3
52549 3
52550 0
52551 2
52552 10
52553 6
52554 7
52555 7
52556 8
52557 1
52558 4
52559 2
52560 10
52561 6
52562 3
52563 0
52564 1
52565 3
52566 3
52567 3
52568 5
52569 4
52570 4
52571 4
52572 1
52573 2
52574 2
52575 0
52576 6
52577 4
52578 6
52579 20
52580 2
52581 4
52582 2
52583 4
52584 1
52585 1
52586 4
52587 1
52588 4
52589 2
52590 4
52591 10
52592 2
52593 1
52594 1
52595 4
52596 5
52597 3
52598 6
52599 6
52600 5
52601 3
52602 2
52603 2
52604 2
52605 2
52606 2
52607 3
52608 8
52609 6
52610 4
52611 3
52612 4
52613 1
52614 4
52615 1
52616 1
52617 4
52618 1
52619 1
52620 6
52621 2
52622 2
52623 4
52624 10
52625 5
52626 3
52627 4
52628 6
52629 3
52630 5
52631 19
52632 10
52633 66
52634 2
52635 3
52636 1
52637 2
52638 1
52639 9
52640 11
52641 4
52642 7
52643 3
52644 9
52645 3
52646 7
52647 2
52648 6
52649 4
52650 21
52651 11
52652 1
52653 3
52654 0
52655 2
52656 9
52657 2
52658 7
52659 1
52660 5
52661 4
52662 9
52663 1
52664 6
52665 5
52666 10
52667 9
52668 18
52669 4
52670 8
52671 2
52672 1
52673 8
52674 1
52675 9
52676 5
52677 1
52678 0
52679 4
52680 7
52681 0
52682 3
52683 1
52684 1
52685 3
52686 1
52687 5
52688 1
52689 3
52690 1
52691 9
52692 3
52693 2
52694 1
52695 4
52696 3
52697 5
52698 4
52699 2
52700 9
52701 7
52702 1
52703 2
52704 9
52705 5
52706 1
52707 2
52708 1
52709 1
52710 9
52711 35
52712 5
52713 5
52714 3
52715 3
52716 6
52717 4
52718 1
52719 1
52720 2
52721 4
52722 3
52723 1
52724 3
52725 5
52726 1
52727 16
52728 11
52729 3
52730 5
52731 6
52732 2
52733 8
52734 2
52735 4
52736 21
52737 6
52738 1
52739 3
52740 8
52741 2
52742 1
52743 6
52744 8
52745 3
52746 1
52747 7
52748 6
52749 4
52750 2
52751 1
52752 11
52753 7
52754 2
52755 4
52756 3
52757 6
52758 2
52759 2
52760 3
52761 2
52762 5
52763 3
52764 2
52765 1
52766 2
52767 8
52768 4
52769 7
52770 2
52771 5
52772 0
52773 5
52774 1
52775 1
52776 6
52777 2
52778 6
52779 9
52780 9
52781 3
52782 3
52783 8
52784 7
52785 14
52786 3
52787 3
52788 5
52789 3
52790 1
52791 2
52792 7
52793 5
52794 5
52795 4
52796 3
52797 2
52798 2
52799 1
52800 29
52801 12
52802 1
52803 2
52804 3
52805 2
52806 6
52807 1
52808 10
52809 3
52810 1
52811 1
52812 15
52813 10
52814 2
52815 6
52816 5
52817 6
52818 6
52819 3
52820 3
52821 4
52822 2
52823 5
52824 3
52825 8
52826 3
52827 6
52828 7
52829 2
52830 3
52831 3
52832 2
52833 5
52834 6
52835 5
52836 9
52837 2
52838 1
52839 0
52840 4
52841 7
52842 2
52843 0
52844 7
52845 1
52846 1
52847 2
52848 3
52849 4
52850 5
52851 3
52852 0
52853 1
52854 5
52855 7
52856 5
52857 1
52858 7
52859 6
52860 4
52861 3
52862 5
52863 3
52864 8
52865 4
52866 2
52867 1
52868 5
52869 2
52870 1
52871 10
52872 2
52873 6
52874 4
52875 4
52876 4
52877 10
52878 5
52879 5
52880 12
52881 0
52882 5
52883 2
52884 5
52885 2
52886 1
52887 4
52888 6
52889 13
52890 2
52891 8
52892 5
52893 1
52894 0
52895 3
52896 7
52897 7
52898 1
52899 4
52900 45
52901 20
52902 4
52903 7
52904 3
52905 7
52906 2
52907 3
52908 0
52909 1
52910 6
52911 4
52912 6
52913 2
52914 1
52915 3
52916 4
52917 2
52918 1
52919 11
52920 107
52921 11
52922 13
52923 14
52924 1
52925 11
52926 4
52927 3
52928 2
52929 1
52930 2
52931 3
52932 3
52933 2
52934 8
52935 1
52936 2
52937 2
52938 5
52939 3
52940 3
52941 5
52942 4
52943 3
52944 8
52945 0
52946 3
52947 2
52948 4
52949 0
52950 4
52951 5
52952 3
52953 5
52954 1
52955 8
52956 11
52957 5
52958 2
52959 0
52960 1
52961 6
52962 8
52963 6
52964 1
52965 3
52966 6
52967 3
52968 9
52969 2
52970 2
52971 0
52972 3
52973 6
52974 3
52975 12
52976 6
52977 2
52978 1
52979 1
52980 2
52981 7
52982 2
52983 3
52984 3
52985 4
52986 5
52987 0
52988 5
52989 4
52990 4
52991 1
52992 12
52993 6
52994 2
52995 1
52996 3
52997 2
52998 3
52999 12
53000 9
53001 6
53002 3
53003 3
53004 9
53005 1
53006 4
53007 1
53008 8
53009 2
53010 10
53011 4
53012 4
53013 7
53014 3
53015 5
53016 10
53017 9
53018 1
53019 8
53020 3
53021 3
53022 2
53023 2
53024 11
53025 3
53026 5
53027 4
53028 4
53029 2
53030 1
53031 1
53032 10
53033 6
53034 1
53035 4
53036 3
53037 2
53038 9
53039 2
53040 20
53041 4
53042 0
53043 4
53044 2
53045 3
53046 4
53047 4
53048 4
53049 3
53050 0
53051 5
53052 4
53053 9
53054 2
53055 3
53056 4
53057 3
53058 2
53059 2
53060 6
53061 3
53062 12
53063 4
53064 3
53065 5
53066 5
53067 8
53068 2
53069 9
53070 4
53071 4
53072 3
53073 2
53074 4
53075 3
53076 2
53077 7
53078 5
53079 4
53080 4
53081 2
53082 6
53083 4
53084 2
53085 2
53086 1
53087 10
53088 10
53089 12
53090 3
53091 5
53092 5
53093 8
53094 6
53095 1
53096 2
53097 4
53098 5
53099 1
53100 13
53101 12
53102 4
53103 3
53104 4
53105 7
53106 3
53107 3
53108 10
53109 6
53110 8
53111 6
53112 5
53113 8
53114 3
53115 5
53116 4
53117 2
53118 1
53119 2
53120 6
53121 4
53122 6
53123 2
53124 9
53125 18
53126 1
53127 1
53128 8
53129 10
53130 113
53131 9
53132 9
53133 15
53134 12
53135 9
53136 20
53137 10
53138 8
53139 6
53140 2
53141 3
53142 5
53143 10
53144 21
53145 7
53146 2
53147 9
53148 2
53149 6
53150 3
53151 4
53152 10
53153 5
53154 7
53155 6
53156 4
53157 1
53158 2
53159 6
53160 8
53161 4
53162 1
53163 2
53164 2
53165 4
53166 5
53167 8
53168 2
53169 6
53170 5
53171 5
53172 6
53173 21
53174 26
53175 9
53176 10
53177 3
53178 1
53179 1
53180 1
53181 3
53182 2
53183 4
53184 11
53185 2
53186 4
53187 1
53188 3
53189 8
53190 2
53191 2
53192 5
53193 3
53194 3
53195 3
53196 4
53197 7
53198 5
53199 2
53200 21
53201 5
53202 1
53203 3
53204 2
53205 2
53206 2
53207 1
53208 2
53209 4
53210 3
53211 8
53212 3
53213 2
53214 3
53215 4
53216 9
53217 13
53218 7
53219 5
53220 5
53221 2
53222 13
53223 2
53224 3
53225 4
53226 6
53227 5
53228 7
53229 2
53230 3
53231 13
53232 5
53233 14
53234 4
53235 26
53236 2
53237 3
53238 2
53239 5
53240 16
53241 3
53242 8
53243 8
53244 6
53245 4
53246 1
53247 20
53248 96
53249 13
53250 6
53251 4
53252 4
53253 1
53254 1
53255 2
53256 3
53257 4
53258 2
53259 4
53260 1
53261 8
53262 8
53263 5
53264 2
53265 2
53266 5
53267 3
53268 6
53269 5
53270 3
53271 2
53272 4
53273 2
53274 4
53275 2
53276 0
53277 4
53278 4
53279 7
53280 15
53281 11
53282 3
53283 5
53284 3
53285 5
53286 3
53287 3
53288 2
53289 4
53290 4
53291 6
53292 7
53293 5
53294 3
53295 16
53296 12
53297 3
53298 7
53299 14
53300 5
53301 10
53302 7
53303 4
53304 3
53305 4
53306 4
53307 3
53308 3
53309 5
53310 1
53311 6
53312 10
53313 3
53314 3
53315 7
53316 3
53317 0
53318 3
53319 3
53320 4
53321 3
53322 0
53323 7
53324 7
53325 7
53326 7
53327 15
53328 9
53329 1
53330 2
53331 1
53332 4
53333 6
53334 3
53335 2
53336 5
53337 7
53338 3
53339 4
53340 12
53341 3
53342 3
53343 3
53344 12
53345 2
53346 6
53347 6
53348 4
53349 1
53350 8
53351 4
53352 13
53353 39
53354 8
53355 6
53356 1
53357 9
53358 2
53359 9
53360 11
53361 100
53362 4
53363 1
53364 2
53365 7
53366 3
53367 9
53368 4
53369 2
53370 4
53371 4
53372 4
53373 1
53374 2
53375 5
53376 11
53377 12
53378 3
53379 2
53380 1
53381 10
53382 13
53383 9
53384 7
53385 3
53386 3
53387 3
53388 3
53389 7
53390 3
53391 4
53392 1
53393 3
53394 5
53395 4
53396 2
53397 3
53398 2
53399 2
53400 5
53401 5
53402 6
53403 3
53404 3
53405 2
53406 3
53407 6
53408 5
53409 3
53410 5
53411 9
53412 4
53413 6
53414 0
53415 0
53416 6
53417 3
53418 8
53419 5
53420 0
53421 2
53422 1
53423 0
53424 8
53425 0
53426 3
53427 2
53428 8
53429 3
53430 6
53431 10
53432 0
53433 2
53434 3
53435 3
53436 1
53437 2
53438 4
53439 3
53440 9
53441 5
53442 9
53443 1
53444 3
53445 3
53446 2
53447 3
53448 3
53449 4
53450 2
53451 1
53452 0
53453 6
53454 1
53455 1
53456 3
53457 2
53458 0
53459 2
53460 17
53461 1
53462 5
53463 6
53464 3
53465 5
53466 11
53467 4
53468 3
53469 0
53470 2
53471 7
53472 3
53473 6
53474 2
53475 6
53476 5
53477 2
53478 4
53479 7
53480 5
53481 4
53482 7
53483 4
53484 5
53485 1
53486 1
53487 2
53488 1
53489 1
53490 2
53491 5
53492 3
53493 4
53494 2
53495 1
53496 5
53497 2
53498 2
53499 0
53500 5
53501 1
53502 3
53503 10
53504 6
53505 14
53506 3
53507 2
53508 6
53509 3
53510 5
53511 0
53512 7
53513 0
53514 1
53515 0
53516 6
53517 6
53518 2
53519 3
53520 3
53521 1
53522 0
53523 2
53524 3
53525 1
53526 4
53527 6
53528 4
53529 5
53530 4
53531 3
53532 1
53533 5
53534 1
53535 8
53536 2
53537 3
53538 10
53539 4
53540 4
53541 4
53542 2
53543 2
53544 7
53545 9
53546 3
53547 3
53548 4
53549 11
53550 27
53551 10
53552 2
53553 8
53554 2
53555 5
53556 4
53557 3
53558 3
53559 3
53560 1
53561 0
53562 1
53563 0
53564 6
53565 5
53566 3
53567 3
53568 8
53569 7
53570 4
53571 3
53572 3
53573 1
53574 0
53575 6
53576 3
53577 3
53578 2
53579 2
53580 2
53581 2
53582 2
53583 4
53584 9
53585 6
53586 4
53587 2
53588 7
53589 6
53590 5
53591 7
53592 10
53593 21
53594 3
53595 0
53596 5
53597 5
53598 2
53599 19
53600 10
53601 5
53602 2
53603 2
53604 3
53605 2
53606 1
53607 2
53608 4
53609 9
53610 2
53611 11
53612 4
53613 5
53614 3
53615 6
53616 1
53617 13
53618 3
53619 3
53620 11
53621 6
53622 6
53623 10
53624 4
53625 8
53626 0
53627 3
53628 11
53629 5
53630 6
53631 4
53632 3
53633 9
53634 1
53635 6
53636 3
53637 2
53638 2
53639 12
53640 4
53641 3
53642 0
53643 3
53644 6
53645 3
53646 0
53647 5
53648 3
53649 3
53650 2
53651 0
53652 2
53653 5
53654 4
53655 6
53656 2
53657 2
53658 2
53659 0
53660 1
53661 3
53662 5
53663 14
53664 5
53665 1
53666 3
53667 2
53668 1
53669 6
53670 2
53671 1
53672 3
53673 3
53674 5
53675 2
53676 9
53677 7
53678 1
53679 4
53680 9
53681 6
53682 3
53683 4
53684 5
53685 1
53686 1
53687 2
53688 5
53689 0
53690 5
53691 1
53692 3
53693 5
53694 1
53695 0
53696 4
53697 2
53698 0
53699 3
53700 4
53701 4
53702 1
53703 8
53704 2
53705 1
53706 0
53707 3
53708 8
53709 3
53710 1
53711 5
53712 12
53713 3
53714 0
53715 2
53716 3
53717 5
53718 2
53719 9
53720 4
53721 4
53722 2
53723 2
53724 5
53725 6
53726 2
53727 6
53728 11
53729 3
53730 6
53731 15
53732 2
53733 2
53734 3
53735 3
53736 6
53737 3
53738 2
53739 4
53740 2
53741 1
53742 5
53743 4
53744 5
53745 3
53746 2
53747 3
53748 4
53749 0
53750 4
53751 7
53752 1
53753 2
53754 6
53755 2
53756 0
53757 2
53758 2
53759 12
53760 88
53761 4
53762 2
53763 0
53764 10
53765 1
53766 5
53767 6
53768 9
53769 10
53770 3
53771 3
53772 3
53773 6
53774 1
53775 4
53776 10
53777 10
53778 0
53779 0
53780 3
53781 1
53782 7
53783 2
53784 6
53785 1
53786 3
53787 3
53788 5
53789 3
53790 2
53791 16
53792 15
53793 9
53794 1
53795 6
53796 3
53797 4
53798 3
53799 2
53800 2
53801 0
53802 5
53803 1
53804 2
53805 2
53806 1
53807 1
53808 22
53809 0
53810 3
53811 5
53812 1
53813 5
53814 1
53815 5
53816 3
53817 3
53818 4
53819 6
53820 31
53821 3
53822 4
53823 10
53824 80
53825 3
53826 1
53827 1
53828 7
53829 2
53830 5
53831 8
53832 4
53833 6
53834 5
53835 7
53836 5
53837 1
53838 2
53839 3
53840 5
53841 0
53842 1
53843 1
53844 4
53845 3
53846 4
53847 7
53848 1
53849 13
53850 2
53851 4
53852 3
53853 7
53854 1
53855 5
53856 12
53857 2
53858 2
53859 4
53860 0
53861 5
53862 3
53863 5
53864 4
53865 9
53866 4
53867 3
53868 0
53869 0
53870 2
53871 2
53872 12
53873 1
53874 2
53875 2
53876 2
53877 3
53878 3
53879 0
53880 12
53881 25
53882 5
53883 0
53884 4
53885 1
53886 1
53887 7
53888 5
53889 4
53890 3
53891 7
53892 5
53893 3
53894 0
53895 0
53896 4
53897 5
53898 1
53899 4
53900 14
53901 4
53902 1
53903 1
53904 2
53905 2
53906 2
53907 0
53908 2
53909 1
53910 3
53911 5
53912 8
53913 1
53914 1
53915 3
53916 6
53917 4
53918 3
53919 2
53920 3
53921 5
53922 8
53923 4
53924 4
53925 2
53926 3
53927 4
53928 6
53929 6
53930 1
53931 3
53932 4
53933 1
53934 2
53935 6
53936 0
53937 2
53938 5
53939 7
53940 11
53941 2
53942 4
53943 3
53944 4
53945 5
53946 5
53947 4
53948 4
53949 4
53950 5
53951 5
53952 7
53953 4
53954 6
53955 16
53956 6
53957 2
53958 4
53959 4
53960 2
53961 4
53962 2
53963 6
53964 7
53965 3
53966 6
53967 2
53968 4
53969 2
53970 6
53971 14
53972 4
53973 3
53974 2
53975 3
53976 9
53977 3
53978 1
53979 3
53980 1
53981 3
53982 1
53983 3
53984 5
53985 8
53986 0
53987 3
53988 4
53989 4
53990 2
53991 5
53992 2
53993 7
53994 0
53995 5
53996 4
53997 0
53998 10
53999 7
54000 133
54001 24
54002 2
54003 2
54004 4
54005 3
54006 2
54007 5
54008 9
54009 1
54010 4
54011 9
54012 2
54013 9
54014 3
54015 4
54016 14
54017 2
54018 4
54019 5
54020 5
54021 2
54022 4
54023 5
54024 4
54025 2
54026 1
54027 5
54028 0
54029 1
54030 1
54031 2
54032 2
54033 8
54034 4
54035 1
54036 5
54037 3
54038 2
54039 0
54040 11
54041 0
54042 4
54043 7
54044 3
54045 6
54046 4
54047 2
54048 4
54049 9
54050 3
54051 6
54052 1
54053 2
54054 20
54055 6
54056 5
54057 2
54058 0
54059 5
54060 9
54061 2
54062 2
54063 2
54064 3
54065 2
54066 2
54067 4
54068 3
54069 0
54070 6
54071 4
54072 4
54073 4
54074 1
54075 8
54076 2
54077 4
54078 0
54079 3
54080 5
54081 11
54082 1
54083 4
54084 3
54085 11
54086 7
54087 0
54088 0
54089 0
54090 4
54091 10
54092 1
54093 3
54094 6
54095 3
54096 12
54097 3
54098 3
54099 2
54100 4
54101 12
54102 5
54103 2
54104 2
54105 1
54106 9
54107 5
54108 2
54109 5
54110 4
54111 4
54112 3
54113 4
54114 3
54115 1
54116 5
54117 3
54118 2
54119 2
54120 17
54121 9
54122 0
54123 5
54124 0
54125 1
54126 6
54127 5
54128 6
54129 2
54130 1
54131 12
54132 9
54133 11
54134 2
54135 1
54136 0
54137 2
54138 5
54139 6
54140 1
54141 1
54142 2
54143 2
54144 12
54145 16
54146 3
54147 2
54148 0
54149 1
54150 10
54151 5
54152 7
54153 4
54154 2
54155 2
54156 2
54157 1
54158 1
54159 2
54160 4
54161 2
54162 3
54163 7
54164 6
54165 2
54166 2
54167 6
54168 3
54169 5
54170 3
54171 0
54172 4
54173 3
54174 0
54175 1
54176 0
54177 7
54178 3
54179 4
54180 14
54181 9
54182 7
54183 2
54184 6
54185 2
54186 5
54187 4
54188 3
54189 6
54190 2
54191 2
54192 4
54193 8
54194 0
54195 3
54196 3
54197 2
54198 4
54199 7
54200 2
54201 1
54202 3
54203 3
54204 1
54205 2
54206 3
54207 3
54208 10
54209 9
54210 2
54211 5
54212 5
54213 9
54214 3
54215 2
54216 10
54217 9
54218 4
54219 6
54220 0
54221 9
54222 3
54223 11
54224 6
54225 6
54226 3
54227 4
54228 2
54229 5
54230 3
54231 2
54232 4
54233 3
54234 0
54235 0
54236 9
54237 4
54238 1
54239 3
54240 7
54241 15
54242 3
54243 6
54244 6
54245 5
54246 1
54247 0
54248 8
54249 3
54250 11
54251 13
54252 4
54253 4
54254 3
54255 2
54256 5
54257 8
54258 1
54259 1
54260 4
54261 3
54262 4
54263 5
54264 80
54265 9
54266 3
54267 7
54268 4
54269 1
54270 3
54271 6
54272 13
54273 4
54274 3
54275 2
54276 0
54277 2
54278 1
54279 5
54280 7
54281 2
54282 4
54283 1
54284 3
54285 32
54286 7
54287 21
54288 35
54289 89
54290 12
54291 3
54292 8
54293 15
54294 2
54295 4
54296 1
54297 4
54298 8
54299 1
54300 4
54301 3
54302 2
54303 1
54304 4
54305 5
54306 2
54307 1
54308 6
54309 2
54310 1
54311 4
54312 5
54313 1
54314 1
54315 2
54316 3
54317 2
54318 2
54319 6
54320 8
54321 28
54322 4
54323 11
54324 6
54325 4
54326 2
54327 3
54328 1
54329 4
54330 2
54331 7
54332 7
54333 2
54334 1
54335 8
54336 5
54337 2
54338 3
54339 2
54340 10
54341 1
54342 0
54343 0
54344 7
54345 7
54346 3
54347 3
54348 3
54349 4
54350 3
54351 11
54352 3
54353 7
54354 1
54355 1
54356 2
54357 6
54358 2
54359 1
54360 7
54361 4
54362 1
54363 4
54364 1
54365 4
54366 2
54367 7
54368 1
54369 0
54370 3
54371 1
54372 3
54373 3
54374 0
54375 3
54376 5
54377 4
54378 1
54379 3
54380 1
54381 0
54382 1
54383 3
54384 5
54385 3
54386 3
54387 4
54388 1
54389 3
54390 3
54391 0
54392 3
54393 3
54394 2
54395 3
54396 1
54397 0
54398 1
54399 2
54400 11
54401 13
54402 2
54403 2
54404 0
54405 11
54406 3
54407 4
54408 4
54409 3
54410 3
54411 5
54412 4
54413 6
54414 3
54415 2
54416 6
54417 5
54418 4
54419 1
54420 2
54421 11
54422 1
54423 1
54424 4
54425 5
54426 6
54427 1
54428 0
54429 6
54430 7
54431 7
54432 114
54433 5
54434 2
54435 7
54436 5
54437 7
54438 5
54439 6
54440 3
54441 7
54442 4
54443 11
54444 2
54445 6
54446 0
54447 0
54448 2
54449 17
54450 27
54451 5
54452 0
54453 4
54454 4
54455 2
54456 2
54457 2
54458 4
54459 4
54460 2
54461 3
54462 1
54463 1
54464 5
54465 6
54466 3
54467 2
54468 10
54469 4
54470 3
54471 1
54472 3
54473 3
54474 2
54475 6
54476 3
54477 7
54478 0
54479 3
54480 4
54481 2
54482 3
54483 8
54484 7
54485 5
54486 4
54487 2
54488 5
54489 4
54490 2
54491 1
54492 1
54493 9
54494 2
54495 6
54496 6
54497 7
54498 1
54499 9
54500 6
54501 0
54502 1
54503 2
54504 7
54505 3
54506 0
54507 2
54508 3
54509 4
54510 6
54511 7
54512 7
54513 1
54514 6
54515 2
54516 6
54517 5
54518 4
54519 7
54520 4
54521 7
54522 8
54523 6
54524 0
54525 5
54526 4
54527 2
54528 9
54529 3
54530 7
54531 6
54532 3
54533 4
54534 0
54535 2
54536 3
54537 2
54538 3
54539 3
54540 11
54541 7
54542 2
54543 4
54544 4
54545 8
54546 5
54547 11
54548 4
54549 1
54550 2
54551 5
54552 3
54553 2
54554 0
54555 2
54556 4
54557 0
54558 3
54559 10
54560 11
54561 5
54562 1
54563 2
54564 2
54565 1
54566 2
54567 3
54568 8
54569 2
54570 3
54571 4
54572 3
54573 6
54574 2
54575 2
54576 5
54577 4
54578 5
54579 0
54580 2
54581 2
54582 10
54583 6
54584 4
54585 11
54586 1
54587 2
54588 5
54589 7
54590 1
54591 1
54592 5
54593 2
54594 7
54595 4
54596 5
54597 3
54598 4
54599 1
54600 44
54601 13
54602 4
54603 0
54604 2
54605 1
54606 7
54607 4
54608 3
54609 2
54610 5
54611 17
54612 15
54613 35
54614 12
54615 12
54616 6
54617 4
54618 6
54619 2
54620 6
54621 6
54622 1
54623 11
54624 5
54625 2
54626 8
54627 4
54628 1
54629 3
54630 2
54631 6
54632 1
54633 1
54634 6
54635 0
54636 3
54637 0
54638 2
54639 1
54640 3
54641 2
54642 0
54643 1
54644 3
54645 3
54646 3
54647 4
54648 7
54649 11
54650 2
54651 3
54652 2
54653 7
54654 6
54655 3
54656 9
54657 3
54658 2
54659 1
54660 1
54661 1
54662 2
54663 6
54664 0
54665 2
54666 1
54667 6
54668 2
54669 0
54670 2
54671 2
54672 1
54673 6
54674 6
54675 19
54676 0
54677 3
54678 2
54679 9
54680 2
54681 1
54682 1
54683 4
54684 14
54685 5
54686 0
54687 6
54688 7
54689 2
54690 2
54691 5
54692 6
54693 4
54694 4
54695 2
54696 4
54697 0
54698 3
54699 0
54700 2
54701 1
54702 0
54703 2
54704 5
54705 3
54706 3
54707 3
54708 0
54709 5
54710 2
54711 2
54712 1
54713 7
54714 0
54715 1
54716 2
54717 6
54718 3
54719 4
54720 18
54721 14
54722 12
54723 5
54724 6
54725 4
54726 8
54727 7
54728 4
54729 3
54730 14
54731 3
54732 4
54733 3
54734 7
54735 2
54736 0
54737 2
54738 12
54739 4
54740 27
54741 3
54742 3
54743 3
54744 2
54745 3
54746 7
54747 5
54748 8
54749 0
54750 5
54751 5
54752 3
54753 1
54754 3
54755 2
54756 43
54757 7
54758 14
54759 5
54760 5
54761 9
54762 7
54763 3
54764 0
54765 4
54766 3
54767 7
54768 11
54769 7
54770 2
54771 2
54772 2
54773 19
54774 10
54775 3
54776 3
54777 2
54778 3
54779 3
54780 4
54781 2
54782 7
54783 3
54784 8
54785 8
54786 3
54787 6
54788 2
54789 3
54790 2
54791 1
54792 11
54793 6
54794 3
54795 5
54796 11
54797 3
54798 4
54799 2
54800 8
54801 5
54802 0
54803 1
54804 4
54805 1
54806 2
54807 0
54808 8
54809 6
54810 9
54811 3
54812 2
54813 4
54814 6
54815 3
54816 4
54817 1
54818 5
54819 4
54820 1
54821 2
54822 4
54823 1
54824 8
54825 3
54826 1
54827 0
54828 1
54829 5
54830 0
54831 1
54832 5
54833 7
54834 26
54835 4
54836 1
54837 2
54838 5
54839 8
54840 5
54841 3
54842 5
54843 1
54844 1
54845 6
54846 8
54847 0
54848 3
54849 3
54850 5
54851 6
54852 6
54853 3
54854 4
54855 2
54856 4
54857 3
54858 0
54859 3
54860 2
54861 2
54862 1
54863 5
54864 7
54865 9
54866 1
54867 4
54868 8
54869 6
54870 5
54871 16
54872 101
54873 18
54874 8
54875 1
54876 5
54877 6
54878 4
54879 6
54880 22
54881 9
54882 3
54883 2
54884 1
54885 1
54886 2
54887 2
54888 13
54889 2
54890 2
54891 3
54892 3
54893 1
54894 6
54895 2
54896 2
54897 2
54898 1
54899 2
54900 19
54901 10
54902 1
54903 1
54904 4
54905 4
54906 1
54907 2
54908 2
54909 6
54910 8
54911 4
54912 35
54913 10
54914 4
54915 3
54916 3
54917 7
54918 5
54919 6
54920 6
54921 0
54922 4
54923 3
54924 11
54925 12
54926 1
54927 5
54928 3
54929 4
54930 2
54931 1
54932 1
54933 0
54934 2
54935 3
54936 8
54937 7
54938 5
54939 2
54940 8
54941 9
54942 2
54943 1
54944 4
54945 13
54946 15
54947 4
54948 6
54949 7
54950 2
54951 4
54952 1
54953 10
54954 11
54955 4
54956 11
54957 10
54958 1
54959 10
54960 5
54961 2
54962 1
54963 1
54964 5
54965 2
54966 3
54967 1
54968 1
54969 3
54970 0
54971 5
54972 7
54973 7
54974 5
54975 1
54976 5
54977 8
54978 10
54979 3
54980 1
54981 1
54982 4
54983 2
54984 7
54985 5
54986 3
54987 5
54988 3
54989 2
54990 8
54991 4
54992 4
54993 4
54994 8
54995 1
54996 3
54997 4
54998 9
54999 5
55000 26
55001 16
55002 2
55003 4
55004 11
55005 11
55006 4
55007 1
55008 7
55009 10
55010 1
55011 4
55012 7
55013 1
55014 1
55015 1
55016 1
55017 2
55018 1
55019 0
55020 4
55021 4
55022 1
55023 2
55024 5
55025 2
55026 1
55027 1
55028 1
55029 2
55030 4
55031 1
55032 1
55033 2
55034 8
55035 4
55036 2
55037 0
55038 2
55039 3
55040 10
55041 0
55042 4
55043 4
55044 2
55045 2
55046 2
55047 0
55048 7
55049 7
55050 8
55051 6
55052 1
55053 3
55054 3
55055 23
55056 9
55057 9
55058 5
55059 4
55060 6
55061 2
55062 3
55063 3
55064 1
55065 4
55066 4
55067 5
55068 0
55069 2
55070 2
55071 2
55072 3
55073 1
55074 4
55075 1
55076 6
55077 3
55078 3
55079 4
55080 16
55081 5
55082 2
55083 1
55084 3
55085 0
55086 0
55087 0
55088 10
55089 4
55090 1
55091 2
55092 6
55093 2
55094 3
55095 1
55096 2
55097 2
55098 5
55099 2
55100 5
55101 4
55102 0
55103 5
55104 7
55105 7
55106 2
55107 4
55108 5
55109 7
55110 3
55111 3
55112 12
55113 3
55114 1
55115 3
55116 1
55117 10
55118 4
55119 1
55120 3
55121 3
55122 1
55123 3
55124 4
55125 31
55126 1
55127 4
55128 0
55129 5
55130 5
55131 7
55132 2
55133 2
55134 1
55135 5
55136 6
55137 3
55138 4
55139 3
55140 4
55141 3
55142 0
55143 1
55144 4
55145 0
55146 10
55147 5
55148 4
55149 6
55150 3
55151 2
55152 13
55153 5
55154 16
55155 6
55156 3
55157 2
55158 2
55159 2
55160 7
55161 1
55162 4
55163 3
55164 1
55165 5
55166 1
55167 5
55168 5
55169 1
55170 4
55171 6
55172 1
55173 1
55174 4
55175 4
55176 2
55177 5
55178 1
55179 2
55180 1
55181 4
55182 4
55183 5
55184 5
55185 2
55186 1
55187 3
55188 10
55189 9
55190 2
55191 0
55192 4
55193 0
55194 6
55195 4
55196 7
55197 1
55198 9
55199 6
55200 23
55201 15
55202 0
55203 1
55204 1
55205 3
55206 1
55207 6
55208 1
55209 4
55210 1
55211 1
55212 2
55213 8
55214 3
55215 2
55216 5
55217 11
55218 2
55219 5
55220 4
55221 4
55222 8
55223 5
55224 12
55225 65
55226 4
55227 1
55228 2
55229 9
55230 8
55231 5
55232 4
55233 6
55234 1
55235 2
55236 3
55237 4
55238 3
55239 0
55240 3
55241 3
55242 4
55243 4
55244 2
55245 16
55246 1
55247 4
55248 4
55249 3
55250 20
55251 8
55252 10
55253 3
55254 4
55255 9
55256 1
55257 1
55258 0
55259 11
55260 3
55261 11
55262 1
55263 0
55264 2
55265 2
55266 0
55267 1
55268 2
55269 3
55270 1
55271 3
55272 7
55273 1
55274 2
55275 3
55276 5
55277 5
55278 14
55279 5
55280 3
55281 4
55282 4
55283 3
55284 1
55285 4
55286 6
55287 5
55288 3
55289 4
55290 4
55291 13
55292 4
55293 3
55294 5
55295 7
55296 128
55297 9
55298 10
55299 6
55300 5
55301 4
55302 3
55303 3
55304 1
55305 3
55306 2
55307 6
55308 9
55309 5
55310 3
55311 4
55312 6
55313 13
55314 5
55315 4
55316 1
55317 2
55318 9
55319 2
55320 10
55321 6
55322 3
55323 3
55324 5
55325 2
55326 1
55327 1
55328 11
55329 3
55330 5
55331 13
55332 3
55333 22
55334 1
55335 14
55336 5
55337 11
55338 2
55339 10
55340 6
55341 2
55342 2
55343 11
55344 5
55345 1
55346 3
55347 1
55348 1
55349 3
55350 5
55351 6
55352 4
55353 1
55354 2
55355 6
55356 3
55357 0
55358 2
55359 2
55360 10
55361 8
55362 7
55363 3
55364 2
55365 4
55366 2
55367 1
55368 9
55369 3
55370 2
55371 2
55372 9
55373 8
55374 4
55375 5
55376 6
55377 5
55378 0
55379 5
55380 2
55381 9
55382 5
55383 1
55384 5
55385 8
55386 15
55387 3
55388 0
55389 0
55390 6
55391 3
55392 7
55393 3
55394 0
55395 6
55396 1
55397 1
55398 1
55399 5
55400 5
55401 5
55402 2
55403 13
55404 21
55405 28
55406 6
55407 1
55408 4
55409 0
55410 5
55411 6
55412 4
55413 4
55414 0
55415 1
55416 2
55417 1
55418 4
55419 7
55420 5
55421 5
55422 1
55423 3
55424 3
55425 2
55426 4
55427 4
55428 4
55429 7
55430 2
55431 8
55432 7
55433 2
55434 0
55435 1
55436 5
55437 5
55438 4
55439 36
55440 477
55441 56
55442 3
55443 2
55444 3
55445 6
55446 3
55447 13
55448 2
55449 10
55450 6
55451 7
55452 5
55453 2
55454 3
55455 8
55456 4
55457 12
55458 5
55459 1
55460 2
55461 3
55462 3
55463 0
55464 0
55465 1
55466 1
55467 0
55468 7
55469 5
55470 4
55471 5
55472 3
55473 2
55474 1
55475 1
55476 2
55477 3
55478 1
55479 0
55480 3
55481 1
55482 6
55483 3
55484 3
55485 4
55486 0
55487 7
55488 13
55489 2
55490 2
55491 4
55492 5
55493 1
55494 2
55495 2
55496 5
55497 1
55498 0
55499 4
55500 17
55501 8
55502 2
55503 2
55504 4
55505 7
55506 2
55507 2
55508 1
55509 0
55510 0
55511 22
55512 8
55513 5
55514 3
55515 3
55516 3
55517 5
55518 3
55519 1
55520 4
55521 3
55522 4
55523 6
55524 5
55525 5
55526 0
55527 2
55528 4
55529 6
55530 4
55531 5
55532 3
55533 3
55534 2
55535 4
55536 5
55537 5
55538 0
55539 3
55540 8
55541 6
55542 4
55543 5
55544 4
55545 5
55546 5
55547 9
55548 3
55549 2
55550 9
55551 10
55552 20
55553 16
55554 8
55555 71
55556 21
55557 9
55558 6
55559 8
55560 4
55561 3
55562 1
55563 2
55564 3
55565 8
55566 23
55567 10
55568 4
55569 4
55570 2
55571 3
55572 3
55573 5
55574 5
55575 22
55576 7
55577 4
55578 2
55579 13
55580 4
55581 8
55582 5
55583 6
55584 5
55585 3
55586 2
55587 6
55588 5
55589 15
55590 1
55591 2
55592 4
55593 6
55594 9
55595 3
55596 2
55597 2
55598 1
55599 5
55600 1
55601 3
55602 0
55603 2
55604 4
55605 3
55606 0
55607 4
55608 3
55609 9
55610 5
55611 9
55612 2
55613 2
55614 2
55615 4
55616 0
55617 4
55618 3
55619 1
55620 10
55621 2
55622 0
55623 3
55624 12
55625 7
55626 7
55627 5
55628 3
55629 2
55630 1
55631 3
55632 0
55633 6
55634 4
55635 1
55636 1
55637 4
55638 2
55639 3
55640 4
55641 8
55642 4
55643 4
55644 1
55645 4
55646 4
55647 8
55648 6
55649 2
55650 14
55651 8
55652 1
55653 1
55654 4
55655 4
55656 10
55657 7
55658 1
55659 2
55660 11
55661 16
55662 3
55663 11
55664 2
55665 4
55666 3
55667 18
55668 2
55669 3
55670 1
55671 2
55672 4
55673 3
55674 7
55675 1
55676 5
55677 3
55678 6
55679 4
55680 16
55681 13
55682 3
55683 1
55684 5
55685 3
55686 7
55687 8
55688 5
55689 5
55690 6
55691 11
55692 30
55693 5
55694 2
55695 5
55696 39
55697 7
55698 1
55699 6
55700 6
55701 0
55702 0
55703 8
55704 5
55705 3
55706 6
55707 3
55708 1
55709 8
55710 6
55711 6
55712 2
55713 4
55714 1
55715 5
55716 5
55717 11
55718 4
55719 2
55720 7
55721 5
55722 3
55723 0
55724 3
55725 5
55726 2
55727 6
55728 9
55729 2
55730 6
55731 1
55732 2
55733 9
55734 5
55735 2
55736 3
55737 3
55738 1
55739 2
55740 4
55741 3
55742 3
55743 5
55744 11
55745 4
55746 3
55747 2
55748 8
55749 4
55750 4
55751 3
55752 3
55753 3
55754 1
55755 17
55756 13
55757 3
55758 3
55759 4
55760 8
55761 8
55762 3
55763 9
55764 3
55765 4
55766 5
55767 5
55768 5
55769 5
55770 4
55771 2
55772 5
55773 1
55774 3
55775 2
55776 7
55777 14
55778 16
55779 6
55780 0
55781 1
55782 2
55783 2
55784 2
55785 5
55786 2
55787 12
55788 7
55789 2
55790 5
55791 2
55792 4
55793 4
55794 3
55795 1
55796 7
55797 8
55798 5
55799 13
55800 23
55801 3
55802 3
55803 1
55804 4
55805 4
55806 1
55807 17
55808 10
55809 4
55810 2
55811 1
55812 2
55813 11
55814 1
55815 1
55816 8
55817 11
55818 6
55819 5
55820 2
55821 0
55822 5
55823 2
55824 2
55825 15
55826 1
55827 2
55828 3
55829 4
55830 10
55831 7
55832 4
55833 3
55834 1
55835 0
55836 9
55837 4
55838 1
55839 1
55840 6
55841 4
55842 1
55843 4
55844 3
55845 2
55846 4
55847 2
55848 14
55849 7
55850 2
55851 2
55852 2
55853 2
55854 5
55855 6
55856 3
55857 6
55858 6
55859 3
55860 33
55861 5
55862 6
55863 0
55864 5
55865 1
55866 4
55867 3
55868 3
55869 2
55870 0
55871 9
55872 5
55873 2
55874 3
55875 4
55876 3
55877 3
55878 0
55879 0
55880 3
55881 1
55882 4
55883 1
55884 2
55885 4
55886 0
55887 5
55888 8
55889 14
55890 6
55891 1
55892 0
55893 3
55894 2
55895 10
55896 9
55897 11
55898 1
55899 2
55900 9
55901 7
55902 3
55903 3
55904 12
55905 5
55906 6
55907 2
55908 4
55909 1
55910 0
55911 4
55912 6
55913 11
55914 5
55915 4
55916 3
55917 5
55918 4
55919 2
55920 3
55921 10
55922 5
55923 1
55924 6
55925 1
55926 4
55927 2
55928 2
55929 9
55930 2
55931 7
55932 3
55933 16
55934 2
55935 3
55936 5
55937 4
55938 1
55939 2
55940 4
55941 5
55942 1
55943 3
55944 11
55945 10
55946 1
55947 0
55948 1
55949 2
55950 1
55951 0
55952 2
55953 2
55954 2
55955 6
55956 9
55957 5
55958 2
55959 1
55960 4
55961 4
55962 2
55963 6
55964 6
55965 18
55966 4
55967 2
55968 6
55969 25
55970 2
55971 7
55972 2
55973 3
55974 6
55975 1
55976 3
55977 1
55978 4
55979 7
55980 18
55981 8
55982 4
55983 4
55984 4
55985 0
55986 9
55987 57
55988 2
55989 6
55990 3
55991 13
55992 3
55993 0
55994 0
55995 4
55996 2
55997 10
55998 2
55999 2
56000 23
56001 2
56002 5
56003 16
56004 0
56005 0
56006 1
56007 5
56008 2
56009 9
56010 13
56011 5
56012 3
56013 0
56014 8
56015 8
56016 6
56017 4
56018 4
56019 1
56020 6
56021 5
56022 5
56023 3
56024 5
56025 3
56026 6
56027 3
56028 4
56029 3
56030 2
56031 1
56032 2
56033 19
56034 0
56035 1
56036 4
56037 1
56038 3
56039 7
56040 11
56041 10
56042 2
56043 4
56044 3
56045 3
56046 4
56047 4
56048 7
56049 2
56050 1
56051 3
56052 8
56053 8
56054 2
56055 1
56056 7
56057 5
56058 0
56059 3
56060 1
56061 1
56062 1
56063 5
56064 9
56065 4
56066 6
56067 3
56068 1
56069 4
56070 14
56071 5
56072 3
56073 3
56074 1
56075 2
56076 5
56077 2
56078 2
56079 5
56080 5
56081 12
56082 5
56083 5
56084 0
56085 1
56086 1
56087 6
56088 4
56089 0
56090 1
56091 3
56092 12
56093 4
56094 4
56095 3
56096 6
56097 1
56098 1
56099 12
56100 19
56101 8
56102 3
56103 4
56104 7
56105 1
56106 6
56107 4
56108 3
56109 1
56110 2
56111 1
56112 6
56113 3
56114 2
56115 1
56116 2
56117 3
56118 1
56119 1
56120 0
56121 0
56122 2
56123 9
56124 3
56125 2
56126 0
56127 6
56128 4
56129 6
56130 7
56131 9
56132 2
56133 15
56134 10
56135 8
56136 0
56137 10
56138 3
56139 2
56140 1
56141 1
56142 1
56143 12
56144 2
56145 5
56146 2
56147 1
56148 1
56149 5
56150 1
56151 1
56152 1
56153 4
56154 4
56155 1
56156 3
56157 2
56158 3
56159 2
56160 31
56161 5
56162 4
56163 5
56164 6
56165 6
56166 5
56167 12
56168 3
56169 41
56170 2
56171 7
56172 2
56173 24
56174 5
56175 4
56176 5
56177 2
56178 3
56179 13
56180 3
56181 1
56182 1
56183 3
56184 2
56185 3
56186 1
56187 3
56188 0
56189 3
56190 3
56191 3
56192 2
56193 1
56194 2
56195 3
56196 10
56197 10
56198 0
56199 3
56200 2
56201 5
56202 8
56203 2
56204 7
56205 4
56206 1
56207 4
56208 2
56209 6
56210 6
56211 2
56212 5
56213 4
56214 1
56215 0
56216 3
56217 3
56218 1
56219 4
56220 1
56221 4
56222 5
56223 3
56224 7
56225 1
56226 1
56227 0
56228 2
56229 2
56230 1
56231 5
56232 8
56233 2
56234 5
56235 4
56236 1
56237 10
56238 7
56239 9
56240 7
56241 4
56242 4
56243 3
56244 3
56245 3
56246 1
56247 2
56248 3
56249 14
56250 25
56251 7
56252 6
56253 2
56254 2
56255 2
56256 8
56257 2
56258 0
56259 6
56260 6
56261 0
56262 0
56263 5
56264 2
56265 7
56266 3
56267 6
56268 9
56269 9
56270 4
56271 3
56272 2
56273 2
56274 3
56275 2
56276 6
56277 11
56278 4
56279 9
56280 17
56281 2
56282 1
56283 2
56284 1
56285 7
56286 2
56287 4
56288 3
56289 1
56290 5
56291 3
56292 9
56293 1
56294 4
56295 0
56296 4
56297 1
56298 2
56299 6
56300 3
56301 2
56302 3
56303 5
56304 4
56305 1
56306 6
56307 10
56308 0
56309 2
56310 2
56311 8
56312 6
56313 2
56314 2
56315 8
56316 53
56317 4
56318 4
56319 4
56320 32
56321 7
56322 1
56323 3
56324 0
56325 0
56326 1
56327 3
56328 2
56329 2
56330 3
56331 4
56332 2
56333 7
56334 1
56335 3
56336 3
56337 1
56338 2
56339 3
56340 3
56341 4
56342 4
56343 0
56344 3
56345 3
56346 1
56347 5
56348 3
56349 3
56350 2
56351 4
56352 9
56353 4
56354 4
56355 12
56356 6
56357 4
56358 5
56359 4
56360 3
56361 0
56362 1
56363 2
56364 6
56365 3
56366 0
56367 2
56368 0
56369 7
56370 2
56371 1
56372 6
56373 3
56374 1
56375 3
56376 5
56377 4
56378 2
56379 4
56380 2
56381 2
56382 2
56383 10
56384 3
56385 4
56386 3
56387 4
56388 4
56389 3
56390 3
56391 1
56392 4
56393 6
56394 3
56395 0
56396 2
56397 0
56398 0
56399 3
56400 12
56401 10
56402 2
56403 6
56404 2
56405 2
56406 5
56407 3
56408 2
56409 0
56410 6
56411 1
56412 4
56413 5
56414 0
56415 4
56416 3
56417 5
56418 4
56419 6
56420 5
56421 3
56422 1
56423 1
56424 4
56425 4
56426 4
56427 3
56428 3
56429 3
56430 8
56431 4
56432 2
56433 1
56434 1
56435 4
56436 1
56437 6
56438 3
56439 1
56440 4
56441 1
56442 0
56443 9
56444 3
56445 2
56446 5
56447 9
56448 53
56449 6
56450 5
56451 6
56452 1
56453 7
56454 6
56455 1
56456 5
56457 6
56458 1
56459 2
56460 1
56461 2
56462 2
56463 2
56464 1
56465 4
56466 1
56467 1
56468 1
56469 0
56470 7
56471 3
56472 11
56473 7
56474 1
56475 5
56476 3
56477 4
56478 3
56479 1
56480 3
56481 2
56482 2
56483 1
56484 2
56485 8
56486 2
56487 1
56488 1
56489 5
56490 4
56491 3
56492 1
56493 1
56494 0
56495 1
56496 5
56497 3
56498 2
56499 4
56500 3
56501 7
56502 4
56503 6
56504 3
56505 6
56506 3
56507 2
56508 6
56509 6
56510 3
56511 9
56512 4
56513 3
56514 1
56515 1
56516 2
56517 2
56518 1
56519 15
56520 7
56521 0
56522 1
56523 2
56524 4
56525 2
56526 6
56527 4
56528 1
56529 2
56530 0
56531 5
56532 5
56533 5
56534 3
56535 0
56536 8
56537 3
56538 4
56539 1
56540 5
56541 6
56542 2
56543 13
56544 7
56545 2
56546 3
56547 2
56548 1
56549 7
56550 4
56551 2
56552 1
56553 1
56554 0
56555 5
56556 2
56557 0
56558 4
56559 0
56560 6
56561 3
56562 0
56563 10
56564 8
56565 8
56566 4
56567 1
56568 5
56569 8
56570 2
56571 3
56572 2
56573 2
56574 0
56575 3
56576 15
56577 2
56578 1
56579 1
56580 3
56581 1
56582 4
56583 2
56584 4
56585 2
56586 5
56587 0
56588 2
56589 6
56590 3
56591 5
56592 6
56593 4
56594 0
56595 11
56596 3
56597 9
56598 5
56599 9
56600 3
56601 5
56602 2
56603 1
56604 7
56605 4
56606 1
56607 4
56608 7
56609 2
56610 13
56611 10
56612 4
56613 1
56614 1
56615 0
56616 17
56617 0
56618 6
56619 3
56620 7
56621 1
56622 3
56623 2
56624 5
56625 1
56626 1
56627 4
56628 23
56629 12
56630 7
56631 2
56632 9
56633 5
56634 8
56635 6
56636 0
56637 8
56638 4
56639 1
56640 6
56641 8
56642 1
56643 10
56644 35
56645 5
56646 5
56647 0
56648 5
56649 2
56650 0
56651 10
56652 2
56653 2
56654 2
56655 1
56656 3
56657 0
56658 4
56659 10
56660 11
56661 9
56662 2
56663 6
56664 4
56665 3
56666 4
56667 2
56668 2
56669 6
56670 2
56671 9
56672 13
56673 1
56674 4
56675 2
56676 5
56677 1
56678 4
56679 3
56680 2
56681 2
56682 11
56683 3
56684 2
56685 2
56686 0
56687 5
56688 2
56689 4
56690 2
56691 0
56692 1
56693 2
56694 0
56695 11
56696 5
56697 7
56698 4
56699 5
56700 66
56701 12
56702 2
56703 1
56704 5
56705 2
56706 1
56707 2
56708 2
56709 0
56710 4
56711 5
56712 9
56713 5
56714 11
56715 1
56716 2
56717 3
56718 3
56719 1
56720 2
56721 2
56722 1
56723 7
56724 5
56725 2
56726 4
56727 2
56728 6
56729 3
56730 13
56731 0
56732 3
56733 0
56734 5
56735 0
56736 6
56737 5
56738 3
56739 0
56740 2
56741 2
56742 2
56743 2
56744 3
56745 6
56746 4
56747 9
56748 7
56749 9
56750 3
56751 6
56752 5
56753 0
56754 9
56755 6
56756 3
56757 4
56758 1
56759 1
56760 14
56761 7
56762 3
56763 6
56764 1
56765 11
56766 2
56767 7
56768 4
56769 2
56770 2
56771 1
56772 3
56773 1
56774 1
56775 1
56776 1
56777 2
56778 7
56779 6
56780 7
56781 5
56782 5
56783 5
56784 11
56785 8
56786 1
56787 1
56788 3
56789 21
56790 3
56791 7
56792 4
56793 1
56794 3
56795 3
56796 1
56797 5
56798 0
56799 2
56800 7
56801 1
56802 1
56803 2
56804 3
56805 4
56806 0
56807 3
56808 6
56809 7
56810 5
56811 2
56812 3
56813 8
56814 3
56815 7
56816 7
56817 3
56818 3
56819 3
56820 1
56821 13
56822 2
56823 4
56824 2
56825 3
56826 5
56827 7
56828 1
56829 3
56830 2
56831 5
56832 10
56833 5
56834 4
56835 0
56836 5
56837 3
56838 2
56839 1
56840 3
56841 3
56842 4
56843 3
56844 1
56845 0
56846 1
56847 1
56848 8
56849 2
56850 4
56851 2
56852 1
56853 6
56854 3
56855 2
56856 4
56857 10
56858 2
56859 1
56860 0
56861 3
56862 6
56863 5
56864 9
56865 5
56866 3
56867 2
56868 4
56869 1
56870 8
56871 3
56872 1
56873 4
56874 3
56875 7
56876 2
56877 1
56878 2
56879 3
56880 14
56881 4
56882 7
56883 4
56884 3
56885 0
56886 3
56887 5
56888 2
56889 8
56890 4
56891 10
56892 2
56893 7
56894 1
56895 2
56896 14
56897 13
56898 4
56899 5
56900 3
56901 2
56902 3
56903 3
56904 3
56905 2
56906 6
56907 0
56908 1
56909 9
56910 6
56911 5
56912 2
56913 1
56914 9
56915 1
56916 6
56917 1
56918 2
56919 1
56920 4
56921 6
56922 2
56923 5
56924 7
56925 10
56926 4
56927 4
56928 6
56929 5
56930 1
56931 5
56932 2
56933 1
56934 4
56935 4
56936 12
56937 3
56938 0
56939 1
56940 3
56941 6
56942 0
56943 3
56944 0
56945 0
56946 4
56947 1
56948 2
56949 0
56950 0
56951 7
56952 8
56953 33
56954 0
56955 4
56956 4
56957 3
56958 3
56959 0
56960 12
56961 5
56962 3
56963 6
56964 1
56965 5
56966 3
56967 7
56968 2
56969 1
56970 10
56971 0
56972 3
56973 0
56974 6
56975 6
56976 3
56977 4
56978 5
56979 3
56980 21
56981 5
56982 2
56983 3
56984 0
56985 2
56986 3
56987 4
56988 4
56989 6
56990 2
56991 0
56992 5
56993 6
56994 3
56995 2
56996 3
56997 1
56998 2
56999 11
57000 14
57001 4
57002 8
57003 8
57004 3
57005 2
57006 2
57007 4
57008 3
57009 4
57010 2
57011 0
57012 3
57013 2
57014 1
57015 4
57016 2
57017 4
57018 1
57019 3
57020 3
57021 1
57022 3
57023 3
57024 23
57025 2
57026 6
57027 1
57028 1
57029 3
57030 5
57031 1
57032 2
57033 3
57034 0
57035 4
57036 8
57037 8
57038 2
57039 1
57040 4
57041 5
57042 1
57043 0
57044 7
57045 0
57046 3
57047 2
57048 3
57049 0
57050 4
57051 2
57052 3
57053 4
57054 5
57055 2
57056 1
57057 20
57058 3
57059 2
57060 2
57061 6
57062 1
57063 0
57064 4
57065 4
57066 1
57067 2
57068 1
57069 3
57070 3
57071 4
57072 9
57073 7
57074 5
57075 6
57076 3
57077 8
57078 5
57079 2
57080 2
57081 3
57082 2
57083 1
57084 4
57085 4
57086 5
57087 1
57088 8
57089 9
57090 3
57091 0
57092 4
57093 3
57094 0
57095 4
57096 12
57097 13
57098 2
57099 1
57100 4
57101 3
57102 0
57103 2
57104 3
57105 2
57106 2
57107 5
57108 6
57109 1
57110 1
57111 6
57112 5
57113 4
57114 3
57115 2
57116 1
57117 6
57118 0
57119 23
57120 53
57121 113
57122 55
57123 7
57124 2
57125 3
57126 3
57127 4
57128 6
57129 0
57130 3
57131 6
57132 13
57133 2
57134 6
57135 8
57136 7
57137 11
57138 3
57139 11
57140 0
57141 5
57142 1
57143 3
57144 1
57145 5
57146 5
57147 5
57148 8
57149 4
57150 5
57151 1
57152 4
57153 2
57154 5
57155 15
57156 2
57157 3
57158 0
57159 4
57160 2
57161 0
57162 0
57163 8
57164 3
57165 5
57166 2
57167 3
57168 6
57169 3
57170 1
57171 3
57172 3
57173 10
57174 7
57175 3
57176 5
57177 1
57178 1
57179 4
57180 1
57181 4
57182 1
57183 1
57184 8
57185 0
57186 6
57187 2
57188 3
57189 2
57190 5
57191 7
57192 10
57193 8
57194 5
57195 3
57196 1
57197 0
57198 3
57199 1
57200 10
57201 3
57202 4
57203 7
57204 4
57205 9
57206 3
57207 1
57208 5
57209 5
57210 12
57211 2
57212 0
57213 3
57214 2
57215 1
57216 4
57217 2
57218 0
57219 2
57220 5
57221 6
57222 11
57223 7
57224 1
57225 3
57226 6
57227 1
57228 3
57229 3
57230 1
57231 3
57232 13
57233 3
57234 1
57235 0
57236 1
57237 2
57238 4
57239 8
57240 19
57241 10
57242 3
57243 5
57244 0
57245 0
57246 5
57247 2
57248 5
57249 7
57250 2
57251 10
57252 5
57253 5
57254 2
57255 8
57256 7
57257 0
57258 7
57259 4
57260 4
57261 3
57262 0
57263 3
57264 5
57265 6
57266 4
57267 2
57268 1
57269 8
57270 3
57271 11
57272 1
57273 6
57274 3
57275 8
57276 4
57277 2
57278 4
57279 5
57280 8
57281 10
57282 2
57283 4
57284 9
57285 3
57286 3
57287 9
57288 19
57289 2
57290 2
57291 7
57292 1
57293 9
57294 0
57295 1
57296 3
57297 1
57298 3
57299 5
57300 2
57301 7
57302 6
57303 2
57304 3
57305 5
57306 4
57307 4
57308 3
57309 1
57310 5
57311 5
57312 21
57313 16
57314 40
57315 2
57316 3
57317 2
57318 1
57319 4
57320 2
57321 11
57322 2
57323 2
57324 6
57325 3
57326 5
57327 4
57328 1
57329 11
57330 16
57331 16
57332 1
57333 5
57334 1
57335 1
57336 1
57337 42
57338 5
57339 2
57340 4
57341 9
57342 8
57343 25
57344 91
57345 17
57346 19
57347 14
57348 8
57349 5
57350 3
57351 10
57352 3
57353 0
57354 3
57355 1
57356 7
57357 4
57358 12
57359 5
57360 6
57361 6
57362 4
57363 4
57364 1
57365 4
57366 3
57367 7
57368 2
57369 5
57370 0
57371 1
57372 3
57373 5
57374 7
57375 12
57376 5
57377 2
57378 0
57379 11
57380 3
57381 2
57382 5
57383 8
57384 4
57385 5
57386 1
57387 5
57388 2
57389 5
57390 2
57391 3
57392 1
57393 6
57394 1
57395 4
57396 3
57397 8
57398 1
57399 5
57400 8
57401 3
57402 4
57403 2
57404 2
57405 3
57406 6
57407 3
57408 8
57409 5
57410 7
57411 5
57412 8
57413 5
57414 4
57415 3
57416 3
57417 1
57418 1
57419 0
57420 12
57421 19
57422 0
57423 1
57424 4
57425 3
57426 5
57427 6
57428 3
57429 2
57430 1
57431 0
57432 6
57433 1
57434 1
57435 2
57436 2
57437 4
57438 2
57439 2
57440 9
57441 1
57442 3
57443 1
57444 1
57445 3
57446 1
57447 4
57448 9
57449 8
57450 4
57451 2
57452 4
57453 9
57454 2
57455 5
57456 23
57457 10
57458 4
57459 5
57460 11
57461 0
57462 0
57463 5
57464 3
57465 7
57466 3
57467 3
57468 1
57469 3
57470 1
57471 4
57472 4
57473 3
57474 2
57475 8
57476 2
57477 3
57478 3
57479 5
57480 4
57481 4
57482 1
57483 3
57484 3
57485 2
57486 6
57487 2
57488 8
57489 3
57490 1
57491 1
57492 5
57493 3
57494 4
57495 2
57496 3
57497 2
57498 2
57499 7
57500 5
57501 4
57502 1
57503 3
57504 6
57505 10
57506 2
57507 2
57508 2
57509 2
57510 1
57511 1
57512 7
57513 6
57514 5
57515 4
57516 1
57517 0
57518 3
57519 5
57520 5
57521 3
57522 3
57523 3
57524 5
57525 2
57526 2
57527 15
57528 4
57529 6
57530 3
57531 1
57532 2
57533 2
57534 0
57535 6
57536 9
57537 2
57538 3
57539 2
57540 12
57541 5
57542 3
57543 6
57544 0
57545 1
57546 3
57547 6
57548 2
57549 2
57550 2
57551 4
57552 6
57553 10
57554 1
57555 2
57556 5
57557 20
57558 3
57559 4
57560 10
57561 2
57562 2
57563 3
57564 7
57565 1
57566 2
57567 2
57568 10
57569 2
57570 10
57571 6
57572 1
57573 1
57574 5
57575 6
57576 4
57577 8
57578 3
57579 0
57580 5
57581 5
57582 1
57583 5
57584 12
57585 6
57586 2
57587 9
57588 6
57589 4
57590 7
57591 6
57592 2
57593 9
57594 2
57595 0
57596 2
57597 6
57598 7
57599 25
57600 188
57601 48
57602 0
57603 3
57604 3
57605 5
57606 4
57607 6
57608 7
57609 3
57610 5
57611 1
57612 5
57613 6
57614 4
57615 3
57616 6
57617 2
57618 3
57619 6
57620 8
57621 1
57622 1
57623 1
57624 24
57625 6
57626 4
57627 1
57628 6
57629 6
57630 12
57631 6
57632 6
57633 2
57634 1
57635 5
57636 2
57637 9
57638 2
57639 1
57640 7
57641 6
57642 1
57643 9
57644 7
57645 5
57646 3
57647 2
57648 7
57649 4
57650 3
57651 0
57652 2
57653 2
57654 1
57655 1
57656 3
57657 3
57658 5
57659 2
57660 5
57661 4
57662 1
57663 2
57664 5
57665 6
57666 2
57667 8
57668 3
57669 1
57670 1
57671 3
57672 6
57673 1
57674 1
57675 11
57676 4
57677 7
57678 3
57679 2
57680 5
57681 7
57682 2
57683 0
57684 9
57685 7
57686 3
57687 2
57688 2
57689 6
57690 1
57691 4
57692 2
57693 1
57694 2
57695 9
57696 6
57697 3
57698 3
57699 6
57700 3
57701 2
57702 1
57703 4
57704 1
57705 4
57706 0
57707 5
57708 2
57709 5
57710 2
57711 0
57712 1
57713 2
57714 2
57715 0
57716 2
57717 1
57718 2
57719 8
57720 17
57721 11
57722 6
57723 3
57724 0
57725 9
57726 3
57727 5
57728 5
57729 0
57730 1
57731 5
57732 2
57733 0
57734 2
57735 11
57736 1
57737 1
57738 1
57739 0
57740 1
57741 3
57742 1
57743 1
57744 9
57745 2
57746 3
57747 2
57748 3
57749 6
57750 19
57751 11
57752 4
57753 3
57754 4
57755 4
57756 10
57757 5
57758 3
57759 4
57760 9
57761 3
57762 4
57763 3
57764 6
57765 3
57766 2
57767 0
57768 1
57769 7
57770 3
57771 4
57772 5
57773 11
57774 4
57775 4
57776 2
57777 4
57778 0
57779 6
57780 4
57781 9
57782 2
57783 3
57784 2
57785 3
57786 4
57787 7
57788 1
57789 3
57790 1
57791 5
57792 6
57793 5
57794 8
57795 1
57796 5
57797 4
57798 7
57799 20
57800 15
57801 5
57802 2
57803 3
57804 0
57805 1
57806 1
57807 1
57808 7
57809 4
57810 2
57811 0
57812 2
57813 4
57814 4
57815 2
57816 8
57817 4
57818 5
57819 2
57820 5
57821 1
57822 1
57823 3
57824 6
57825 4
57826 2
57827 2
57828 3
57829 2
57830 0
57831 1
57832 1
57833 7
57834 5
57835 0
57836 3
57837 4
57838 5
57839 17
57840 11
57841 2
57842 2
57843 3
57844 2
57845 2
57846 1
57847 0
57848 5
57849 1
57850 4
57851 2
57852 3
57853 4
57854 3
57855 14
57856 20
57857 2
57858 0
57859 3
57860 6
57861 2
57862 1
57863 3
57864 2
57865 1
57866 0
57867 4
57868 2
57869 1
57870 4
57871 2
57872 3
57873 3
57874 2
57875 3
57876 8
57877 2
57878 0
57879 3
57880 2
57881 3
57882 5
57883 2
57884 2
57885 3
57886 3
57887 3
57888 8
57889 6
57890 6
57891 0
57892 1
57893 5
57894 3
57895 0
57896 7
57897 2
57898 0
57899 6
57900 5
57901 4
57902 3
57903 2
57904 5
57905 1
57906 5
57907 0
57908 1
57909 6
57910 3
57911 4
57912 5
57913 6
57914 2
57915 22
57916 5
57917 6
57918 6
57919 1
57920 4
57921 3
57922 5
57923 2
57924 5
57925 0
57926 1
57927 4
57928 2
57929 5
57930 5
57931 2
57932 4
57933 2
57934 0
57935 2
57936 7
57937 3
57938 2
57939 1
57940 4
57941 4
57942 4
57943 11
57944 3
57945 2
57946 0
57947 3
57948 2
57949 6
57950 3
57951 1
57952 2
57953 3
57954 2
57955 4
57956 2
57957 3
57958 0
57959 5
57960 31
57961 12
57962 0
57963 9
57964 1
57965 10
57966 8
57967 19
57968 4
57969 3
57970 13
57971 1
57972 2
57973 5
57974 3
57975 2
57976 2
57977 5
57978 8
57979 4
57980 2
57981 1
57982 4
57983 2
57984 6
57985 0
57986 0
57987 1
57988 3
57989 2
57990 2
57991 12
57992 6
57993 3
57994 1
57995 5
57996 7
57997 1
57998 2
57999 1
58000 4
58001 4
58002 5
58003 3
58004 1
58005 3
58006 5
58007 1
58008 3
58009 5
58010 1
58011 3
58012 0
58013 3
58014 1
58015 4
58016 0
58017 7
58018 0
58019 3
58020 4
58021 0
58022 2
58023 2
58024 5
58025 23
58026 6
58027 5
58028 2
58029 2
58030 4
58031 2
58032 12
58033 4
58034 4
58035 11
58036 5
58037 3
58038 1
58039 2
58040 2
58041 2
58042 0
58043 5
58044 3
58045 2
58046 1
58047 1
58048 4
58049 12
58050 2
58051 2
58052 2
58053 3
58054 1
58055 2
58056 4
58057 3
58058 7
58059 3
58060 5
58061 9
58062 0
58063 4
58064 5
58065 1
58066 2
58067 2
58068 0
58069 1
58070 2
58071 6
58072 6
58073 4
58074 2
58075 6
58076 2
58077 7
58078 2
58079 3
58080 26
58081 85
58082 9
58083 2
58084 0
58085 10
58086 4
58087 5
58088 10
58089 3
58090 3
58091 8
58092 1
58093 0
58094 1
58095 4
58096 2
58097 2
58098 0
58099 6
58100 4
58101 1
58102 4
58103 2
58104 6
58105 2
58106 1
58107 3
58108 3
58109 8
58110 6
58111 12
58112 4
58113 5
58114 5
58115 6
58116 5
58117 1
58118 2
58119 2
58120 7
58121 4
58122 2
58123 3
58124 1
58125 4
58126 5
58127 1
58128 6
58129 7
58130 6
58131 0
58132 1
58133 2
58134 2
58135 5
58136 3
58137 2
58138 2
58139 6
58140 34
58141 8
58142 1
58143 2
58144 2
58145 2
58146 0
58147 6
58148 4
58149 5
58150 1
58151 8
58152 1
58153 6
58154 2
58155 1
58156 7
58157 6
58158 3
58159 4
58160 5
58161 1
58162 2
58163 0
58164 3
58165 3
58166 1
58167 7
58168 2
58169 5
58170 2
58171 9
58172 4
58173 3
58174 2
58175 1
58176 13
58177 5
58178 1
58179 4
58180 4
58181 3
58182 0
58183 3
58184 3
58185 6
58186 2
58187 0
58188 1
58189 2
58190 6
58191 0
58192 3
58193 4
58194 8
58195 4
58196 1
58197 6
58198 4
58199 4
58200 2
58201 8
58202 8
58203 2
58204 4
58205 2
58206 3
58207 6
58208 3
58209 4
58210 2
58211 2
58212 20
58213 3
58214 2
58215 2
58216 2
58217 8
58218 1
58219 1
58220 2
58221 7
58222 0
58223 2
58224 1
58225 4
58226 3
58227 5
58228 1
58229 8
58230 7
58231 10
58232 4
58233 1
58234 4
58235 1
58236 6
58237 9
58238 3
58239 5
58240 52
58241 10
58242 0
58243 4
58244 2
58245 6
58246 3
58247 2
58248 8
58249 4
58250 4
58251 4
58252 3
58253 10
58254 18
58255 5
58256 10
58257 9
58258 4
58259 1
58260 3
58261 5
58262 2
58263 0
58264 4
58265 3
58266 5
58267 4
58268 7
58269 2
58270 0
58271 12
58272 2
58273 3
58274 3
58275 7
58276 7
58277 8
58278 7
58279 1
58280 8
58281 3
58282 3
58283 1
58284 1
58285 3
58286 2
58287 0
58288 7
58289 2
58290 3
58291 2
58292 1
58293 6
58294 0
58295 1
58296 5
58297 2
58298 4
58299 1
58300 9
58301 13
58302 3
58303 3
58304 2
58305 5
58306 4
58307 4
58308 2
58309 7
58310 5
58311 32
58312 6
58313 9
58314 1
58315 1
58316 4
58317 0
58318 0
58319 6
58320 48
58321 29
58322 1
58323 4
58324 4
58325 0
58326 3
58327 5
58328 3
58329 2
58330 3
58331 3
58332 2
58333 9
58334 3
58335 3
58336 0
58337 10
58338 6
58339 5
58340 1
58341 0
58342 4
58343 4
58344 18
58345 6
58346 3
58347 0
58348 4
58349 3
58350 9
58351 7
58352 1
58353 0
58354 1
58355 2
58356 2
58357 1
58358 1
58359 3
58360 5
58361 2
58362 2
58363 2
58364 1
58365 5
58366 1
58367 14
58368 23
58369 9
58370 4
58371 2
58372 2
58373 3
58374 6
58375 4
58376 5
58377 4
58378 6
58379 4
58380 7
58381 1
58382 1
58383 4
58384 3
58385 5
58386 6
58387 2
58388 2
58389 2
58390 0
58391 4
58392 6
58393 4
58394 1
58395 6
58396 5
58397 2
58398 3
58399 1
58400 8
58401 6
58402 2
58403 3
58404 2
58405 3
58406 2
58407 6
58408 4
58409 2
58410 6
58411 4
58412 2
58413 9
58414 2
58415 2
58416 6
58417 5
58418 5
58419 3
58420 1
58421 0
58422 8
58423 3
58424 8
58425 19
58426 6
58427 5
58428 7
58429 6
58430 1
58431 4
58432 15
58433 1
58434 4
58435 15
58436 2
58437 2
58438 3
58439 3
58440 2
58441 5
58442 2
58443 5
58444 3
58445 4
58446 5
58447 2
58448 5
58449 10
58450 2
58451 1
58452 3
58453 3
58454 2
58455 7
58456 2
58457 7
58458 7
58459 0
58460 2
58461 1
58462 5
58463 11
58464 25
58465 4
58466 3
58467 0
58468 1
58469 1
58470 2
58471 1
58472 4
58473 2
58474 7
58475 0
58476 4
58477 1
58478 2
58479 8
58480 5
58481 17
58482 11
58483 6
58484 2
58485 3
58486 1
58487 4
58488 2
58489 1
58490 2
58491 2
58492 4
58493 2
58494 2
58495 3
58496 2
58497 2
58498 1
58499 7
58500 20
58501 6
58502 2
58503 3
58504 3
58505 5
58506 9
58507 6
58508 5
58509 3
58510 5
58511 7
58512 4
58513 5
58514 2
58515 2
58516 2
58517 1
58518 1
58519 3
58520 19
58521 4
58522 3
58523 1
58524 2
58525 2
58526 2
58527 5
58528 2
58529 3
58530 6
58531 1
58532 2
58533 3
58534 5
58535 1
58536 3
58537 13
58538 5
58539 5
58540 4
58541 3
58542 6
58543 8
58544 4
58545 2
58546 2
58547 2
58548 7
58549 3
58550 4
58551 0
58552 2
58553 4
58554 4
58555 4
58556 0
58557 2
58558 3
58559 2
58560 13
58561 5
58562 5
58563 13
58564 52
58565 21
58566 5
58567 5
58568 1
58569 3
58570 1
58571 2
58572 3
58573 3
58574 1
58575 5
58576 11
58577 2
58578 4
58579 10
58580 4
58581 1
58582 1
58583 2
58584 2
58585 6
58586 7
58587 0
58588 4
58589 9
58590 9
58591 5
58592 1
58593 4
58594 5
58595 4
58596 6
58597 6
58598 4
58599 5
58600 6
58601 7
58602 4
58603 7
58604 4
58605 4
58606 3
58607 0
58608 7
58609 6
58610 2
58611 3
58612 2
58613 7
58614 2
58615 3
58616 5
58617 6
58618 19
58619 4
58620 4
58621 10
58622 2
58623 2
58624 2
58625 1
58626 6
58627 1
58628 4
58629 2
58630 5
58631 2
58632 1
58633 3
58634 1
58635 1
58636 5
58637 2
58638 2
58639 7
58640 3
58641 3
58642 1
58643 4
58644 9
58645 4
58646 1
58647 1
58648 0
58649 5
58650 4
58651 6
58652 2
58653 19
58654 1
58655 2
58656 7
58657 6
58658 1
58659 2
58660 3
58661 1
58662 4
58663 1
58664 0
58665 3
58666 0
58667 7
58668 2
58669 3
58670 4
58671 4
58672 2
58673 0
58674 3
58675 1
58676 1
58677 4
58678 2
58679 7
58680 7
58681 3
58682 5
58683 2
58684 2
58685 3
58686 1
58687 6
58688 7
58689 2
58690 0
58691 3
58692 1
58693 1
58694 1
58695 30
58696 5
58697 2
58698 1
58699 2
58700 6
58701 2
58702 2
58703 1
58704 4
58705 3
58706 6
58707 7
58708 6
58709 0
58710 8
58711 7
58712 1
58713 3
58714 5
58715 0
58716 6
58717 3
58718 3
58719 2
58720 4
58721 0
58722 1
58723 2
58724 8
58725 8
58726 2
58727 0
58728 6
58729 5
58730 6
58731 2
58732 4
58733 4
58734 2
58735 2
58736 4
58737 3
58738 3
58739 5
58740 9
58741 7
58742 3
58743 2
58744 2
58745 5
58746 5
58747 4
58748 3
58749 2
58750 6
58751 5
58752 21
58753 0
58754 5
58755 2
58756 1
58757 8
58758 1
58759 0
58760 6
58761 1
58762 1
58763 3
58764 4
58765 5
58766 2
58767 1
58768 8
58769 6
58770 4
58771 5
58772 0
58773 1
58774 5
58775 11
58776 6
58777 0
58778 1
58779 3
58780 1
58781 1
58782 3
58783 2
58784 7
58785 11
58786 130
58787 17
58788 4
58789 10
58790 1
58791 2
58792 2
58793 5
58794 4
58795 1
58796 1
58797 4
58798 1
58799 3
58800 100
58801 4
58802 0
58803 2
58804 2
58805 9
58806 27
58807 17
58808 9
58809 2
58810 1
58811 2
58812 5
58813 8
58814 6
58815 4
58816 9
58817 4
58818 1
58819 1
58820 3
58821 7
58822 2
58823 3
58824 17
58825 30
58826 4
58827 0
58828 10
58829 6
58830 1
58831 33
58832 1
58833 6
58834 3
58835 3
58836 6
58837 5
58838 1
58839 3
58840 1
58841 2
58842 3
58843 7
58844 3
58845 1
58846 1
58847 4
58848 6
58849 8
58850 3
58851 4
58852 6
58853 4
58854 2
58855 3
58856 2
58857 3
58858 3
58859 3
58860 3
58861 2
58862 2
58863 2
58864 3
58865 1
58866 0
58867 5
58868 0
58869 4
58870 13
58871 4
58872 3
58873 6
58874 4
58875 4
58876 0
58877 1
58878 1
58879 4
58880 9
58881 4
58882 2
58883 2
58884 4
58885 0
58886 5
58887 4
58888 4
58889 21
58890 2
58891 0
58892 7
58893 3
58894 4
58895 1
58896 13
58897 7
58898 5
58899 6
58900 5
58901 8
58902 2
58903 2
58904 7
58905 62
58906 2
58907 9
58908 1
58909 6
58910 1
58911 7
58912 2
58913 11
58914 2
58915 2
58916 4
58917 2
58918 3
58919 1
58920 10
58921 6
58922 1
58923 9
58924 6
58925 6
58926 3
58927 6
58928 2
58929 3
58930 2
58931 1
58932 6
58933 2
58934 2
58935 2
58936 2
58937 6
58938 3
58939 4
58940 5
58941 5
58942 2
58943 2
58944 4
58945 4
58946 1
58947 5
58948 2
58949 5
58950 1
58951 2
58952 4
58953 2
58954 2
58955 1
58956 8
58957 4
58958 5
58959 5
58960 6
58961 1
58962 1
58963 5
58964 3
58965 3
58966 2
58967 13
58968 33
58969 13
58970 3
58971 6
58972 1
58973 4
58974 4
58975 26
58976 9
58977 11
58978 0
58979 12
58980 9
58981 4
58982 2
58983 3
58984 6
58985 19
58986 5
58987 0
58988 2
58989 3
58990 2
58991 2
58992 3
58993 8
58994 7
58995 12
58996 18
58997 5
58998 3
58999 10
59000 6
59001 2
59002 3
59003 3
59004 7
59005 5
59006 0
59007 7
59008 13
59009 5
59010 8
59011 5
59012 1
59013 5
59014 7
59015 6
59016 1
59017 5
59018 2
59019 3
59020 2
59021 11
59022 8
59023 6
59024 11
59025 6
59026 2
59027 1
59028 6
59029 10
59030 3
59031 9
59032 4
59033 6
59034 1
59035 3
59036 1
59037 2
59038 5
59039 5
59040 18
59041 6
59042 3
59043 3
59044 5
59045 5
59046 9
59047 10
59048 71
59049 665
59050 94
59051 47
59052 26
59053 26
59054 7
59055 6
59056 8
59057 13
59058 21
59059 17
59060 6
59061 6
59062 5
59063 8
59064 1
59065 5
59066 3
59067 9
59068 5
59069 8
59070 4
59071 5
59072 2
59073 3
59074 2
59075 5
59076 11
59077 9
59078 1
59079 1
59080 7
59081 9
59082 3
59083 5
59084 2
59085 8
59086 4
59087 3
59088 4
59089 7
59090 3
59091 5
59092 5
59093 8
59094 5
59095 5
59096 1
59097 1
59098 2
59099 3
59100 3
59101 8
59102 2
59103 4
59104 3
59105 4
59106 2
59107 6
59108 1
59109 6
59110 1
59111 1
59112 3
59113 13
59114 4
59115 5
59116 3
59117 3
59118 2
59119 5
59120 2
59121 4
59122 2
59123 3
59124 4
59125 2
59126 4
59127 5
59128 3
59129 2
59130 14
59131 8
59132 1
59133 3
59134 1
59135 3
59136 38
59137 0
59138 4
59139 7
59140 8
59141 7
59142 1
59143 4
59144 0
59145 1
59146 1
59147 1
59148 2
59149 9
59150 9
59151 3
59152 1
59153 4
59154 4
59155 4
59156 5
59157 1
59158 2
59159 5
59160 10
59161 3
59162 2
59163 6
59164 6
59165 2
59166 6
59167 4
59168 9
59169 3
59170 7
59171 4
59172 10
59173 2
59174 4
59175 1
59176 3
59177 2
59178 8
59179 2
59180 3
59181 1
59182 0
59183 7
59184 7
59185 5
59186 2
59187 1
59188 4
59189 6
59190 0
59191 3
59192 5
59193 3
59194 1
59195 3
59196 3
59197 6
59198 2
59199 0
59200 6
59201 6
59202 9
59203 2
59204 5
59205 0
59206 2
59207 3
59208 2
59209 1
59210 1
59211 7
59212 5
59213 4
59214 2
59215 3
59216 2
59217 6
59218 0
59219 4
59220 11
59221 12
59222 4
59223 1
59224 3
59225 3
59226 1
59227 1
59228 8
59229 2
59230 5
59231 3
59232 6
59233 5
59234 2
59235 2
59236 3
59237 0
59238 1
59239 4
59240 3
59241 9
59242 3
59243 2
59244 6
59245 4
59246 3
59247 2
59248 2
59249 2
59250 2
59251 2
59252 2
59253 4
59254 1
59255 0
59256 2
59257 7
59258 2
59259 5
59260 1
59261 2
59262 1
59263 5
59264 11
59265 13
59266 4
59267 1
59268 4
59269 0
59270 4
59271 2
59272 0
59273 7
59274 2
59275 0
59276 0
59277 3
59278 0
59279 8
59280 21
59281 20
59282 4
59283 2
59284 3
59285 0
59286 2
59287 3
59288 3
59289 2
59290 3
59291 9
59292 23
59293 26
59294 2
59295 7
59296 6
59297 0
59298 1
59299 4
59300 1
59301 3
59302 1
59303 1
59304 5
59305 5
59306 3
59307 0
59308 1
59309 4
59310 1
59311 4
59312 0
59313 2
59314 1
59315 1
59316 2
59317 4
59318 9
59319 137
59320 9
59321 4
59322 4
59323 1
59324 3
59325 3
59326 2
59327 5
59328 9
59329 4
59330 7
59331 3
59332 6
59333 8
59334 6
59335 0
59336 4
59337 2
59338 2
59339 7
59340 16
59341 10
59342 1
59343 2
59344 2
59345 9
59346 8
59347 4
59348 2
59349 2
59350 0
59351 2
59352 0
59353 5
59354 2
59355 3
59356 6
59357 10
59358 5
59359 9
59360 3
59361 6
59362 8
59363 1
59364 3
59365 3
59366 0
59367 2
59368 5
59369 9
59370 1
59371 1
59372 1
59373 5
59374 1
59375 11
59376 3
59377 6
59378 2
59379 1
59380 0
59381 1
59382 4
59383 1
59384 10
59385 1
59386 7
59387 2
59388 4
59389 4
59390 1
59391 8
59392 19
59393 20
59394 3
59395 12
59396 4
59397 4
59398 5
59399 7
59400 26
59401 7
59402 0
59403 6
59404 2
59405 2
59406 8
59407 7
59408 3
59409 4
59410 3
59411 2
59412 3
59413 1
59414 0
59415 6
59416 0
59417 4
59418 0
59419 8
59420 1
59421 0
59422 0
59423 4
59424 2
59425 7
59426 6
59427 2
59428 2
59429 3
59430 2
59431 1
59432 4
59433 2
59434 6
59435 1
59436 8
59437 4
59438 1
59439 0
59440 4
59441 6
59442 1
59443 2
59444 0
59445 4
59446 1
59447 3
59448 2
59449 6
59450 2
59451 2
59452 1
59453 5
59454 12
59455 10
59456 3
59457 4
59458 3
59459 1
59460 3
59461 2
59462 1
59463 3
59464 3
59465 0
59466 2
59467 5
59468 3
59469 1
59470 4
59471 1
59472 8
59473 11
59474 4
59475 4
59476 2
59477 3
59478 3
59479 2
59480 7
59481 0
59482 0
59483 1
59484 1
59485 4
59486 1
59487 2
59488 16
59489 2
59490 1
59491 4
59492 4
59493 3
59494 2
59495 3
59496 6
59497 5
59498 3
59499 0
59500 9
59501 2
59502 3
59503 3
59504 5
59505 0
59506 0
59507 3
59508 3
59509 10
59510 1
59511 1
59512 0
59513 8
59514 3
59515 2
59516 1
59517 1
59518 4
59519 7
59520 35
59521 10
59522 4
59523 3
59524 3
59525 1
59526 4
59527 1
59528 4
59529 2
59530 0
59531 4
59532 3
59533 7
59534 6
59535 34
59536 36
59537 5
59538 2
59539 4
59540 2
59541 3
59542 3
59543 5
59544 5
59545 3
59546 1
59547 1
59548 2
59549 6
59550 8
59551 5
59552 5
59553 4
59554 2
59555 2
59556 3
59557 6
59558 1
59559 3
59560 4
59561 12
59562 2
59563 9
59564 2
59565 5
59566 3
59567 5
59568 4
59569 7
59570 2
59571 2
59572 2
59573 0
59574 0
59575 1
59576 1
59577 5
59578 1
59579 2
59580 7
59581 8
59582 13
59583 6
59584 6
59585 5
59586 4
59587 1
59588 4
59589 4
59590 3
59591 3
59592 2
59593 1
59594 2
59595 6
59596 1
59597 1
59598 1
59599 6
59600 5
59601 0
59602 5
59603 1
59604 4
59605 6
59606 0
59607 2
59608 0
59609 3
59610 2
59611 6
59612 1
59613 6
59614 0
59615 1
59616 14
59617 10
59618 4
59619 5
59620 3
59621 5
59622 5
59623 2
59624 4
59625 3
59626 5
59627 5
59628 3
59629 13
59630 11
59631 5
59632 3
59633 2
59634 1
59635 2
59636 3
59637 5
59638 3
59639 1
59640 23
59641 5
59642 1
59643 5
59644 6
59645 1
59646 2
59647 1
59648 7
59649 4
59650 6
59651 2
59652 6
59653 4
59654 3
59655 2
59656 4
59657 2
59658 1
59659 6
59660 0
59661 2
59662 5
59663 6
59664 1
59665 4
59666 0
59667 0
59668 5
59669 9
59670 17
59671 10
59672 4
59673 2
59674 4
59675 9
59676 4
59677 4
59678 2
59679 1
59680 6
59681 8
59682 6
59683 5
59684 1
59685 8
59686 0
59687 2
59688 4
59689 1
59690 5
59691 1
59692 1
59693 7
59694 2
59695 2
59696 7
59697 3
59698 6
59699 9
59700 9
59701 4
59702 1
59703 2
59704 3
59705 2
59706 1
59707 1
59708 3
59709 1
59710 2
59711 8
59712 5
59713 4
59714 0
59715 2
59716 3
59717 5
59718 4
59719 1
59720 7
59721 1
59722 1
59723 7
59724 5
59725 2
59726 2
59727 2
59728 2
59729 4
59730 1
59731 2
59732 5
59733 0
59734 2
59735 0
59736 4
59737 0
59738 0
59739 5
59740 0
59741 3
59742 2
59743 9
59744 3
59745 4
59746 0
59747 4
59748 3
59749 2
59750 5
59751 2
59752 2
59753 13
59754 4
59755 7
59756 1
59757 4
59758 3
59759 2
59760 11
59761 1
59762 1
59763 4
59764 0
59765 2
59766 3
59767 5
59768 5
59769 1
59770 3
59771 5
59772 4
59773 2
59774 2
59775 0
59776 5
59777 4
59778 14
59779 19
59780 8
59781 4
59782 1
59783 1
59784 4
59785 4
59786 3
59787 15
59788 6
59789 2
59790 1
59791 5
59792 18
59793 3
59794 2
59795 8
59796 4
59797 9
59798 0
59799 9
59800 7
59801 3
59802 4
59803 1
59804 2
59805 4
59806 2
59807 2
59808 6
59809 4
59810 3
59811 7
59812 5
59813 3
59814 7
59815 13
59816 3
59817 4
59818 2
59819 2
59820 4
59821 3
59822 3
59823 4
59824 5
59825 4
59826 3
59827 2
59828 1
59829 2
59830 8
59831 1
59832 6
59833 5
59834 1
59835 1
59836 8
59837 1
59838 2
59839 5
59840 5
59841 1
59842 2
59843 2
59844 4
59845 5
59846 5
59847 0
59848 3
59849 1
59850 8
59851 1
59852 0
59853 0
59854 4
59855 4
59856 5
59857 2
59858 12
59859 8
59860 13
59861 4
59862 4
59863 7
59864 9
59865 6
59866 1
59867 2
59868 18
59869 3
59870 5
59871 4
59872 3
59873 6
59874 10
59875 5
59876 3
59877 1
59878 2
59879 4
59880 5
59881 3
59882 2
59883 3
59884 2
59885 9
59886 3
59887 9
59888 8
59889 1
59890 2
59891 3
59892 7
59893 3
59894 3
59895 11
59896 1
59897 3
59898 3
59899 5
59900 1
59901 3
59902 1
59903 3
59904 22
59905 5
59906 10
59907 3
59908 4
59909 3
59910 5
59911 5
59912 4
59913 2
59914 3
59915 3
59916 9
59917 8
59918 0
59919 0
59920 8
59921 7
59922 4
59923 1
59924 3
59925 6
59926 1
59927 3
59928 10
59929 11
59930 7
59931 0
59932 0
59933 1
59934 1
59935 1
59936 3
59937 2
59938 0
59939 5
59940 10
59941 0
59942 3
59943 2
59944 7
59945 3
59946 2
59947 3
59948 6
59949 4
59950 4
59951 8
59952 6
59953 4
59954 2
59955 2
59956 8
59957 2
59958 4
59959 2
59960 3
59961 6
59962 0
59963 5
59964 4
59965 1
59966 1
59967 0
59968 4
59969 3
59970 4
59971 8
59972 3
59973 6
59974 1
59975 0
59976 13
59977 8
59978 2
59979 3
59980 0
59981 5
59982 5
59983 8
59984 4
59985 1
59986 4
59987 9
59988 3
59989 5
59990 4
59991 2
59992 8
59993 0
59994 9
59995 9
59996 0
59997 0
59998 4
59999 57
60000 74
60001 6
60002 7
60003 9
60004 3
60005 3
60006 12
60007 4
60008 3
60009 7
60010 4
60011 1
60012 3
60013 4
60014 2
60015 4
60016 8
60017 2
60018 3
60019 2
60020 11
60021 5
60022 3
60023 1
60024 6
60025 68
60026 2
60027 0
60028 7
60029 2
60030 13
60031 19
60032 8
60033 3
60034 3
60035 4
60036 3
60037 8
60038 4
60039 6
60040 6
60041 8
60042 7
60043 2
60044 6
60045 1
60046 1
60047 2
60048 7
60049 9
60050 2
60051 1
60052 1
60053 2
60054 3
60055 1
60056 2
60057 2
60058 2
60059 14
60060 287
60061 6
60062 7
60063 3
60064 3
60065 6
60066 6
60067 0
60068 2
60069 0
60070 1
60071 9
60072 6
60073 37
60074 24
60075 16
60076 7
60077 16
60078 6
60079 4
60080 8
60081 3
60082 3
60083 10
60084 2
60085 2
60086 1
60087 3
60088 4
60089 7
60090 5
60091 4
60092 1
60093 3
60094 1
60095 3
60096 6
60097 6
60098 2
60099 6
60100 8
60101 17
60102 4
60103 5
60104 2
60105 4
60106 5
60107 2
60108 10
60109 4
60110 4
60111 3
60112 6
60113 3
60114 2
60115 11
60116 7
60117 2
60118 1
60119 3
60120 6
60121 0
60122 4
60123 1
60124 2
60125 14
60126 5
60127 2
60128 3
60129 5
60130 0
60131 1
60132 2
60133 1
60134 2
60135 0
60136 1
60137 0
60138 4
60139 7
60140 2
60141 1
60142 5
60143 0
60144 5
60145 6
60146 8
60147 0
60148 2
60149 7
60150 4
60151 4
60152 3
60153 2
60154 2
60155 3
60156 2
60157 5
60158 4
60159 1
60160 5
60161 11
60162 0
60163 2
60164 4
60165 3
60166 1
60167 11
60168 7
60169 5
60170 1
60171 4
60172 5
60173 0
60174 1
60175 0
60176 1
60177 1
60178 1
60179 1
60180 6
60181 4
60182 0
60183 2
60184 4
60185 4
60186 3
60187 6
60188 0
60189 4
60190 3
60191 4
60192 16
60193 7
60194 3
60195 0
60196 2
60197 1
60198 0
60199 3
60200 3
60201 3
60202 1
60203 2
60204 6
60205 1
60206 11
60207 1
60208 2
60209 6
60210 2
60211 2
60212 2
60213 5
60214 14
60215 7
60216 17
60217 9
60218 0
60219 0
60220 5
60221 5
60222 2
60223 8
60224 0
60225 5
60226 1
60227 1
60228 9
60229 4
60230 2
60231 5
60232 4
60233 1
60234 3
60235 4
60236 0
60237 9
60238 1
60239 3
60240 3
60241 2
60242 4
60243 5
60244 3
60245 14
60246 1
60247 2
60248 4
60249 4
60250 3
60251 6
60252 7
60253 2
60254 2
60255 4
60256 4
60257 5
60258 6
60259 3
60260 2
60261 1
60262 1
60263 0
60264 7
60265 1
60266 3
60267 3
60268 2
60269 0
60270 7
60271 10
60272 7
60273 6
60274 0
60275 3
60276 0
60277 0
60278 0
60279 2
60280 9
60281 6
60282 2
60283 2
60284 2
60285 4
60286 1
60287 4
60288 3
60289 3
60290 3
60291 7
60292 6
60293 3
60294 3
60295 2
60296 6
60297 6
60298 4
60299 2
60300 9
60301 2
60302 0
60303 2
60304 6
60305 1
60306 6
60307 0
60308 2
60309 6
60310 2
60311 4
60312 3
60313 3
60314 4
60315 1
60316 4
60317 6
60318 2
60319 4
60320 11
60321 2
60322 3
60323 4
60324 1
60325 9
60326 1
60327 3
60328 2
60329 1
60330 1
60331 8
60332 3
60333 11
60334 0
60335 6
60336 7
60337 8
60338 4
60339 2
60340 6
60341 1
60342 2
60343 6
60344 5
60345 5
60346 6
60347 3
60348 1
60349 3
60350 0
60351 2
60352 11
60353 3
60354 3
60355 5
60356 1
60357 1
60358 3
60359 1
60360 4
60361 2
60362 6
60363 2
60364 3
60365 3
60366 1
60367 0
60368 11
60369 3
60370 2
60371 1
60372 4
60373 5
60374 0
60375 4
60376 2
60377 9
60378 9
60379 2
60380 1
60381 3
60382 3
60383 5
60384 5
60385 0
60386 1
60387 3
60388 1
60389 4
60390 10
60391 6
60392 7
60393 4
60394 4
60395 0
60396 0
60397 0
60398 10
60399 4
60400 3
60401 9
60402 1
60403 2
60404 0
60405 2
60406 5
60407 1
60408 3
60409 8
60410 0
60411 3
60412 0
60413 1
60414 0
60415 3
60416 8
60417 1
60418 3
60419 1
60420 3
60421 1
60422 1
60423 1
60424 3
60425 0
60426 2
60427 9
60428 3
60429 3
60430 3
60431 0
60432 7
60433 6
60434 7
60435 3
60436 6
60437 1
60438 6
60439 2
60440 5
60441 1
60442 2
60443 6
60444 4
60445 1
60446 1
60447 1
60448 2
60449 3
60450 5
60451 4
60452 2
60453 1
60454 3
60455 4
60456 5
60457 8
60458 6
60459 4
60460 8
60461 1
60462 3
60463 3
60464 0
60465 5
60466 0
60467 1
60468 2
60469 8
60470 2
60471 3
60472 1
60473 1
60474 0
60475 2
60476 5
60477 2
60478 4
60479 8
60480 422
60481 13
60482 2
60483 2
60484 7
60485 3
60486 6
60487 3
60488 5
60489 6
60490 4
60491 7
60492 3
60493 12
60494 5
60495 6
60496 3
60497 11
60498 0
60499 5
60500 12
60501 4
60502 3
60503 3
60504 4
60505 1
60506 3
60507 3
60508 9
60509 10
60510 1
60511 4
60512 11
60513 4
60514 1
60515 8
60516 47
60517 5
60518 6
60519 1
60520 3
60521 4
60522 7
60523 2
60524 1
60525 1
60526 1
60527 3
60528 5
60529 0
60530 0
60531 4
60532 4
60533 2
60534 5
60535 1
60536 3
60537 3
60538 1
60539 8
60540 3
60541 4
60542 0
60543 3
60544 5
60545 3
60546 1
60547 4
60548 7
60549 1
60550 6
60551 12
60552 13
60553 5
60554 3
60555 1
60556 4
60557 2
60558 2
60559 0
60560 2
60561 0
60562 0
60563 2
60564 6
60565 3
60566 0
60567 1
60568 9
60569 4
60570 3
60571 2
60572 7
60573 0
60574 2
60575 0
60576 1
60577 0
60578 3
60579 1
60580 9
60581 4
60582 6
60583 3
60584 2
60585 3
60586 5
60587 2
60588 13
60589 8
60590 3
60591 3
60592 6
60593 0
60594 3
60595 1
60596 2
60597 2
60598 1
60599 4
60600 9
60601 16
60602 3
60603 1
60604 3
60605 26
60606 22
60607 16
60608 1
60609 2
60610 5
60611 12
60612 2
60613 2
60614 2
60615 5
60616 4
60617 4
60618 2
60619 2
60620 2
60621 4
60622 1
60623 9
60624 4
60625 15
60626 7
60627 1
60628 0
60629 2
60630 5
60631 7
60632 3
60633 0
60634 6
60635 3
60636 8
60637 4
60638 1
60639 5
60640 6
60641 0
60642 1
60643 5
60644 1
60645 4
60646 1
60647 13
60648 10
60649 8
60650 5
60651 5
60652 2
60653 6
60654 2
60655 6
60656 2
60657 11
60658 1
60659 2
60660 3
60661 8
60662 2
60663 7
60664 4
60665 1
60666 7
60667 3
60668 2
60669 3
60670 4
60671 3
60672 8
60673 2
60674 5
60675 5
60676 2
60677 0
60678 2
60679 4
60680 1
60681 1
60682 0
60683 2
60684 5
60685 2
60686 6
60687 1
60688 10
60689 7
60690 13
60691 14
60692 1
60693 4
60694 0
60695 2
60696 20
60697 29
60698 6
60699 3
60700 2
60701 19
60702 1
60703 5
60704 3
60705 15
60706 4
60707 9
60708 5
60709 0
60710 8
60711 4
60712 2
60713 3
60714 1
60715 3
60716 4
60717 3
60718 4
60719 5
60720 12
60721 4
60722 2
60723 0
60724 3
60725 5
60726 7
60727 9
60728 4
60729 2
60730 8
60731 0
60732 7
60733 4
60734 0
60735 2
60736 5
60737 4
60738 6
60739 1
60740 1
60741 5
60742 2
60743 7
60744 8
60745 3
60746 0
60747 1
60748 0
60749 1
60750 12
60751 4
60752 3
60753 11
60754 1
60755 1
60756 1
60757 5
60758 1
60759 2
60760 9
60761 9
60762 12
60763 7
60764 2
60765 2
60766 0
60767 2
60768 7
60769 1
60770 2
60771 2
60772 6
60773 5
60774 3
60775 8
60776 5
60777 4
60778 5
60779 9
60780 3
60781 1
60782 1
60783 1
60784 0
60785 3
60786 4
60787 36
60788 4
60789 6
60790 2
60791 3
60792 5
60793 5
60794 3
60795 4
60796 2
60797 2
60798 2
60799 6
60800 13
60801 9
60802 4
60803 2
60804 9
60805 1
60806 13
60807 7
60808 5
60809 4
60810 4
60811 9
60812 4
60813 9
60814 3
60815 0
60816 5
60817 2
60818 3
60819 1
60820 4
60821 7
60822 3
60823 1
60824 8
60825 2
60826 3
60827 4
60828 7
60829 1
60830 3
60831 0
60832 1
60833 1
60834 2
60835 6
60836 3
60837 1
60838 1
60839 4
60840 58
60841 7
60842 4
60843 3
60844 2
60845 2
60846 2
60847 2
60848 3
60849 3
60850 5
60851 1
60852 0
60853 2
60854 5
60855 3
60856 5
60857 0
60858 13
60859 10
60860 1
60861 1
60862 1
60863 1
60864 6
60865 1
60866 2
60867 2
60868 1
60869 5
60870 6
60871 2
60872 1
60873 2
60874 0
60875 5
60876 2
60877 4
60878 1
60879 9
60880 7
60881 4
60882 2
60883 2
60884 1
60885 4
60886 1
60887 11
60888 5
60889 6
60890 2
60891 3
60892 2
60893 1
60894 3
60895 2
60896 7
60897 0
60898 1
60899 12
60900 13
60901 14
60902 1
60903 3
60904 5
60905 0
60906 5
60907 5
60908 0
60909 4
60910 1
60911 3
60912 10
60913 4
60914 5
60915 2
60916 2
60917 6
60918 7
60919 14
60920 8
60921 6
60922 4
60923 3
60924 3
60925 0
60926 1
60927 3
60928 9
60929 4
60930 2
60931 2
60932 2
60933 2
60934 3
60935 2
60936 2
60937 5
60938 2
60939 1
60940 4
60941 3
60942 0
60943 4
60944 0
60945 2
60946 0
60947 1
60948 5
60949 0
60950 7
60951 1
60952 3
60953 2
60954 4
60955 9
60956 2
60957 8
60958 6
60959 5
60960 15
60961 6
60962 5
60963 1
60964 2
60965 2
60966 2
60967 3
60968 1
60969 1
60970 2
60971 4
60972 1
60973 6
60974 2
60975 12
60976 4
60977 2
60978 1
60979 2
60980 1
60981 5
60982 0
60983 2
60984 36
60985 4
60986 5
60987 2
60988 2
60989 2
60990 4
60991 7
60992 3
60993 2
60994 4
60995 2
60996 4
60997 3
60998 1
60999 1
61000 6
61001 11
61002 2
61003 6
61004 4
61005 6
61006 6
61007 7
61008 4
61009 69
61010 5
61011 2
61012 1
61013 7
61014 0
61015 5
61016 3
61017 2
61018 1
61019 4
61020 10
61021 5
61022 2
61023 3
61024 1
61025 3
61026 1
61027 9
61028 8
61029 3
61030 0
61031 3
61032 1
61033 1
61034 0
61035 4
61036 4
61037 0
61038 2
61039 3
61040 10
61041 3
61042 1
61043 4
61044 4
61045 0
61046 2
61047 11
61048 4
61049 2
61050 3
61051 26
61052 2
61053 3
61054 8
61055 7
61056 3
61057 5
61058 7
61059 5
61060 6
61061 3
61062 1
61063 4
61064 5
61065 5
61066 1
61067 0
61068 2
61069 2
61070 1
61071 2
61072 5
61073 3
61074 6
61075 11
61076 4
61077 4
61078 2
61079 0
61080 9
61081 3
61082 2
61083 2
61084 3
61085 3
61086 0
61087 6
61088 3
61089 2
61090 2
61091 3
61092 10
61093 2
61094 1
61095 3
61096 2
61097 11
61098 9
61099 8
61100 10
61101 4
61102 3
61103 2
61104 8
61105 4
61106 3
61107 2
61108 6
61109 1
61110 10
61111 8
61112 5
61113 2
61114 0
61115 2
61116 8
61117 0
61118 2
61119 5
61120 6
61121 6
61122 2
61123 4
61124 0
61125 6
61126 4
61127 4
61128 1
61129 4
61130 1
61131 5
61132 7
61133 7
61134 0
61135 1
61136 6
61137 2
61138 1
61139 9
61140 3
61141 8
61142 1
61143 3
61144 1
61145 0
61146 2
61147 2
61148 1
61149 2
61150 3
61151 10
61152 17
61153 4
61154 1
61155 3
61156 1
61157 0
61158 3
61159 1
61160 6
61161 4
61162 4
61163 3
61164 1
61165 8
61166 4
61167 9
61168 3
61169 6
61170 4
61171 6
61172 0
61173 2
61174 2
61175 1
61176 6
61177 0
61178 0
61179 1
61180 3
61181 8
61182 6
61183 6
61184 11
61185 8
61186 1
61187 1
61188 2
61189 1
61190 2
61191 0
61192 4
61193 3
61194 2
61195 5
61196 1
61197 2
61198 1
61199 2
61200 21
61201 4
61202 1
61203 3
61204 6
61205 2
61206 4
61207 1
61208 3
61209 5
61210 6
61211 6
61212 0
61213 0
61214 2
61215 16
61216 14
61217 6
61218 0
61219 1
61220 5
61221 2
61222 2
61223 10
61224 3
61225 4
61226 9
61227 6
61228 1
61229 5
61230 3
61231 7
61232 6
61233 0
61234 2
61235 1
61236 58
61237 4
61238 1
61239 0
61240 2
61241 1
61242 3
61243 0
61244 2
61245 1
61246 2
61247 2
61248 8
61249 8
61250 14
61251 7
61252 4
61253 4
61254 8
61255 0
61256 11
61257 3
61258 0
61259 1
61260 4
61261 4
61262 3
61263 2
61264 4
61265 4
61266 1
61267 5
61268 1
61269 1
61270 2
61271 3
61272 3
61273 7
61274 2
61275 8
61276 0
61277 1
61278 2
61279 4
61280 4
61281 3
61282 5
61283 6
61284 1
61285 1
61286 4
61287 2
61288 1
61289 4
61290 8
61291 8
61292 5
61293 1
61294 1
61295 2
61296 1
61297 10
61298 0
61299 5
61300 3
61301 0
61302 4
61303 4
61304 1
61305 3
61306 6
61307 4
61308 3
61309 2
61310 2
61311 5
61312 5
61313 2
61314 1
61315 1
61316 4
61317 3
61318 15
61319 4
61320 23
61321 2
61322 1
61323 3
61324 0
61325 3
61326 4
61327 3
61328 4
61329 1
61330 3
61331 7
61332 3
61333 10
61334 2
61335 4
61336 8
61337 12
61338 0
61339 3
61340 4
61341 4
61342 2
61343 4
61344 12
61345 4
61346 3
61347 10
61348 4
61349 0
61350 0
61351 0
61352 1
61353 1
61354 2
61355 1
61356 2
61357 6
61358 2
61359 1
61360 3
61361 1
61362 5
61363 4
61364 2
61365 1
61366 3
61367 2
61368 1
61369 8
61370 3
61371 2
61372 4
61373 2
61374 3
61375 2
61376 5
61377 4
61378 0
61379 9
61380 11
61381 5
61382 3
61383 5
61384 1
61385 1
61386 0
61387 5
61388 3
61389 6
61390 3
61391 5
61392 4
61393 4
61394 2
61395 2
61396 1
61397 3
61398 9
61399 0
61400 6
61401 5
61402 5
61403 8
61404 5
61405 2
61406 0
61407 1
61408 2
61409 7
61410 8
61411 5
61412 4
61413 2
61414 5
61415 2
61416 8
61417 2
61418 1
61419 2
61420 2
61421 2
61422 0
61423 5
61424 12
61425 39
61426 4
61427 1
61428 2
61429 3
61430 3
61431 4
61432 2
61433 1
61434 2
61435 2
61436 3
61437 0
61438 5
61439 15
61440 183
61441 22
61442 3
61443 1
61444 5
61445 3
61446 11
61447 7
61448 3
61449 3
61450 2
61451 3
61452 4
61453 1
61454 5
61455 12
61456 7
61457 3
61458 2
61459 5
61460 1
61461 1
61462 1
61463 11
61464 4
61465 2
61466 3
61467 4
61468 3
61469 5
61470 3
61471 12
61472 5
61473 3
61474 2
61475 0
61476 1
61477 5
61478 2
61479 2
61480 1
61481 0
61482 2
61483 16
61484 1
61485 1
61486 2
61487 3
61488 10
61489 3
61490 15
61491 7
61492 2
61493 10
61494 4
61495 5
61496 2
61497 0
61498 2
61499 2
61500 12
61501 3
61502 3
61503 5
61504 36
61505 4
61506 2
61507 11
61508 3
61509 0
61510 3
61511 7
61512 5
61513 4
61514 0
61515 0
61516 7
61517 1
61518 1
61519 3
61520 7
61521 2
61522 1
61523 1
61524 3
61525 5
61526 1
61527 3
61528 1
61529 3
61530 5
61531 2
61532 1
61533 2
61534 0
61535 7
61536 4
61537 0
61538 2
61539 0
61540 2
61541 3
61542 8
61543 6
61544 23
61545 9
61546 2
61547 7
61548 5
61549 4
61550 1
61551 2
61552 1
61553 8
61554 1
61555 1
61556 1
61557 3
61558 0
61559 8
61560 21
61561 20
61562 1
61563 0
61564 1
61565 0
61566 2
61567 4
61568 9
61569 2
61570 7
61571 2
61572 3
61573 4
61574 9
61575 1
61576 3
61577 1
61578 1
61579 6
61580 4
61581 2
61582 0
61583 6
61584 6
61585 1
61586 2
61587 2
61588 5
61589 0
61590 3
61591 1
61592 3
61593 1
61594 4
61595 3
61596 7
61597 4
61598 1
61599 7
61600 21
61601 5
61602 2
61603 6
61604 1
61605 2
61606 2
61607 0
61608 4
61609 6
61610 5
61611 3
61612 0
61613 18
61614 1
61615 2
61616 9
61617 2
61618 3
61619 2
61620 3
61621 5
61622 3
61623 2
61624 1
61625 11
61626 1
61627 6
61628 2
61629 3
61630 3
61631 9
61632 10
61633 1
61634 4
61635 1
61636 1
61637 5
61638 4
61639 5
61640 1
61641 3
61642 5
61643 8
61644 9
61645 2
61646 2
61647 1
61648 2
61649 2
61650 4
61651 4
61652 0
61653 3
61654 2
61655 4
61656 4
61657 2
61658 1
61659 2
61660 3
61661 1
61662 4
61663 5
61664 1
61665 2
61666 2
61667 6
61668 11
61669 1
61670 4
61671 0
61672 0
61673 4
61674 2
61675 1
61676 5
61677 4
61678 1
61679 2
61680 22
61681 89
61682 1
61683 2
61684 5
61685 2
61686 8
61687 3
61688 5
61689 4
61690 4
61691 1
61692 4
61693 5
61694 2
61695 6
61696 18
61697 5
61698 1
61699 4
61700 6
61701 3
61702 2
61703 3
61704 3
61705 9
61706 0
61707 2
61708 3
61709 3
61710 4
61711 3
61712 4
61713 2
61714 1
61715 0
61716 6
61717 7
61718 4
61719 3
61720 4
61721 5
61722 2
61723 5
61724 1
61725 5
61726 4
61727 1
61728 5
61729 4
61730 1
61731 29
61732 7
61733 6
61734 2
61735 1
61736 1
61737 0
61738 2
61739 4
61740 35
61741 13
61742 2
61743 3
61744 2
61745 3
61746 3
61747 4
61748 12
61749 2
61750 9
61751 7
61752 12
61753 2
61754 5
61755 9
61756 8
61757 6
61758 4
61759 0
61760 6
61761 5
61762 0
61763 3
61764 4
61765 1
61766 1
61767 2
61768 5
61769 6
61770 8
61771 2
61772 0
61773 2
61774 0
61775 5
61776 48
61777 5
61778 3
61779 1
61780 1
61781 4
61782 2
61783 1
61784 4
61785 4
61786 3
61787 1
61788 1
61789 2
61790 1
61791 2
61792 3
61793 0
61794 2
61795 2
61796 10
61797 1
61798 3
61799 1
61800 3
61801 4
61802 2
61803 5
61804 4
61805 1
61806 1
61807 0
61808 5
61809 5
61810 5
61811 0
61812 2
61813 2
61814 3
61815 2
61816 3
61817 3
61818 2
61819 6
61820 3
61821 2
61822 0
61823 1
61824 20
61825 1
61826 2
61827 3
61828 0
61829 1
61830 8
61831 4
61832 3
61833 2
61834 2
61835 4
61836 4
61837 5
61838 5
61839 1
61840 2
61841 4
61842 4
61843 5
61844 1
61845 9
61846 3
61847 0
61848 3
61849 2
61850 3
61851 0
61852 3
61853 1
61854 2
61855 0
61856 1
61857 1
61858 4
61859 1
61860 0
61861 2
61862 1
61863 3
61864 2
61865 4
61866 0
61867 0
61868 1
61869 3
61870 5
61871 5
61872 6
61873 0
61874 2
61875 6
61876 3
61877 5
61878 2
61879 4
61880 25
61881 3
61882 6
61883 4
61884 3
61885 1
61886 2
61887 3
61888 1
61889 2
61890 2
61891 2
61892 2
61893 7
61894 1
61895 2
61896 4
61897 1
61898 3
61899 1
61900 2
61901 1
61902 7
61903 9
61904 9
61905 1
61906 2
61907 2
61908 4
61909 5
61910 6
61911 1
61912 6
61913 1
61914 6
61915 12
61916 2
61917 0
61918 3
61919 2
61920 14
61921 14
61922 1
61923 2
61924 0
61925 1
61926 0
61927 5
61928 1
61929 1
61930 6
61931 5
61932 2
61933 6
61934 2
61935 3
61936 6
61937 7
61938 7
61939 1
61940 0
61941 4
61942 2
61943 2
61944 4
61945 1
61946 2
61947 2
61948 1
61949 5
61950 6
61951 5
61952 26
61953 7
61954 4
61955 6
61956 2
61957 2
61958 1
61959 3
61960 3
61961 4
61962 4
61963 1
61964 2
61965 12
61966 6
61967 3
61968 0
61969 5
61970 1
61971 2
61972 0
61973 2
61974 8
61975 2
61976 4
61977 3
61978 5
61979 9
61980 3
61981 5
61982 1
61983 2
61984 4
61985 9
61986 3
61987 1
61988 1
61989 0
61990 2
61991 5
61992 16
61993 6
61994 1
61995 0
61996 10
61997 4
61998 1
61999 3
62000 15
62001 32
62002 4
62003 9
62004 20
62005 1
62006 2
62007 5
62008 1
62009 1
62010 5
62011 13
62012 1
62013 1
62014 0
62015 1
62016 29
62017 6
62018 0
62019 1
62020 6
62021 2
62022 1
62023 4
62024 2
62025 5
62026 3
62027 2
62028 1
62029 2
62030 2
62031 11
62032 5
62033 6
62034 4
62035 0
62036 2
62037 1
62038 5
62039 3
62040 13
62041 4
62042 1
62043 2
62044 3
62045 2
62046 1
62047 8
62048 5
62049 5
62050 3
62051 2
62052 4
62053 3
62054 3
62055 3
62056 3
62057 3
62058 0
62059 0
62060 4
62061 0
62062 3
62063 1
62064 19
62065 3
62066 2
62067 5
62068 0
62069 1
62070 7
62071 4
62072 5
62073 5
62074 7
62075 3
62076 2
62077 2
62078 0
62079 5
62080 3
62081 5
62082 2
62083 4
62084 6
62085 1
62086 2
62087 3
62088 2
62089 5
62090 6
62091 1
62092 4
62093 4
62094 3
62095 3
62096 7
62097 3
62098 4
62099 8
62100 16
62101 5
62102 0
62103 1
62104 5
62105 4
62106 1
62107 3
62108 4
62109 1
62110 2
62111 1
62112 8
62113 1
62114 1
62115 2
62116 5
62117 1
62118 6
62119 4
62120 0
62121 9
62122 6
62123 3
62124 4
62125 3
62126 2
62127 8
62128 15
62129 10
62130 9
62131 9
62132 5
62133 7
62134 1
62135 1
62136 1
62137 4
62138 2
62139 2
62140 2
62141 2
62142 1
62143 6
62144 2
62145 1
62146 0
62147 4
62148 4
62149 5
62150 4
62151 0
62152 1
62153 0
62154 2
62155 3
62156 6
62157 2
62158 5
62159 3
62160 16
62161 9
62162 3
62163 2
62164 5
62165 3
62166 2
62167 4
62168 2
62169 2
62170 3
62171 5
62172 0
62173 7
62174 8
62175 3
62176 2
62177 3
62178 5
62179 1
62180 4
62181 5
62182 3
62183 0
62184 2
62185 5
62186 5
62187 5
62188 4
62189 2
62190 1
62191 6
62192 8
62193 4
62194 4
62195 4
62196 13
62197 3
62198 1
62199 1
62200 3
62201 6
62202 0
62203 0
62204 0
62205 15
62206 2
62207 27
62208 138
62209 9
62210 14
62211 8
62212 3
62213 14
62214 2
62215 1
62216 6
62217 5
62218 3
62219 7
62220 6
62221 5
62222 4
62223 3
62224 4
62225 1
62226 6
62227 4
62228 2
62229 0
62230 1
62231 2
62232 12
62233 15
62234 5
62235 7
62236 3
62237 5
62238 6
62239 7
62240 2
62241 2
62242 2
62243 3
62244 37
62245 2
62246 3
62247 0
62248 2
62249 3
62250 2
62251 3
62252 3
62253 2
62254 1
62255 2
62256 7
62257 3
62258 2
62259 3
62260 4
62261 4
62262 3
62263 5
62264 3
62265 4
62266 12
62267 2
62268 2
62269 2
62270 3
62271 8
62272 10
62273 8
62274 3
62275 3
62276 6
62277 6
62278 4
62279 4
62280 4
62281 10
62282 3
62283 2
62284 6
62285 3
62286 4
62287 4
62288 4
62289 1
62290 1
62291 3
62292 9
62293 4
62294 4
62295 2
62296 7
62297 7
62298 7
62299 8
62300 2
62301 4
62302 6
62303 10
62304 11
62305 6
62306 2
62307 1
62308 0
62309 4
62310 4
62311 5
62312 1
62313 3
62314 12
62315 2
62316 2
62317 6
62318 3
62319 2
62320 4
62321 4
62322 8
62323 5
62324 1
62325 13
62326 3
62327 3
62328 2
62329 6
62330 4
62331 3
62332 1
62333 0
62334 2
62335 6
62336 8
62337 5
62338 10
62339 5
62340 8
62341 4
62342 2
62343 3
62344 1
62345 2
62346 4
62347 9
62348 3
62349 3
62350 6
62351 1
62352 5
62353 4
62354 1
62355 4
62356 4
62357 1
62358 2
62359 3
62360 2
62361 6
62362 1
62363 1
62364 3
62365 5
62366 5
62367 2
62368 8
62369 5
62370 63
62371 2
62372 2
62373 3
62374 1
62375 5
62376 2
62377 4
62378 3
62379 2
62380 3
62381 2
62382 0
62383 8
62384 4
62385 2
62386 4
62387 4
62388 4
62389 0
62390 5
62391 7
62392 1
62393 8
62394 3
62395 0
62396 0
62397 1
62398 6
62399 1
62400 49
62401 7
62402 1
62403 2
62404 0
62405 5
62406 5
62407 5
62408 1
62409 0
62410 2
62411 2
62412 1
62413 4
62414 3
62415 4
62416 8
62417 12
62418 1
62419 1
62420 4
62421 3
62422 1
62423 9
62424 14
62425 10
62426 13
62427 0
62428 2
62429 2
62430 2
62431 2
62432 6
62433 6
62434 2
62435 3
62436 1
62437 6
62438 1
62439 2
62440 7
62441 6
62442 3
62443 1
62444 1
62445 3
62446 2
62447 1
62448 3
62449 0
62450 4
62451 2
62452 1
62453 4
62454 3
62455 3
62456 2
62457 6
62458 0
62459 5
62460 3
62461 0
62462 2
62463 10
62464 17
62465 4
62466 1
62467 3
62468 3
62469 8
62470 0
62471 4
62472 2
62473 8
62474 1
62475 18
62476 11
62477 3
62478 3
62479 5
62480 6
62481 12
62482 1
62483 4
62484 3
62485 2
62486 5
62487 1
62488 3
62489 6
62490 3
62491 9
62492 1
62493 2
62494 3
62495 5
62496 28
62497 16
62498 10
62499 24
62500 106
62501 33
62502 1
62503 3
62504 4
62505 7
62506 2
62507 9
62508 0
62509 2
62510 10
62511 8
62512 6
62513 2
62514 1
62515 2
62516 1
62517 3
62518 6
62519 2
62520 11
62521 5
62522 2
62523 3
62524 4
62525 8
62526 6
62527 3
62528 7
62529 0
62530 9
62531 6
62532 4
62533 3
62534 0
62535 5
62536 0
62537 3
62538 1
62539 1
62540 0
62541 2
62542 0
62543 1
62544 2
62545 5
62546 6
62547 5
62548 6
62549 3
62550 3
62551 0
62552 1
62553 1
62554 0
62555 4
62556 2
62557 3
62558 1
62559 3
62560 1
62561 2
62562 4
62563 2
62564 2
62565 2
62566 5
62567 6
62568 3
62569 3
62570 3
62571 4
62572 2
62573 4
62574 5
62575 4
62576 1
62577 1
62578 0
62579 10
62580 4
62581 3
62582 0
62583 3
62584 1
62585 0
62586 5
62587 3
62588 0
62589 2
62590 4
62591 6
62592 8
62593 2
62594 2
62595 4
62596 0
62597 5
62598 0
62599 1
62600 4
62601 9
62602 4
62603 3
62604 2
62605 2
62606 0
62607 6
62608 8
62609 3
62610 2
62611 5
62612 4
62613 4
62614 2
62615 1
62616 8
62617 4
62618 1
62619 3
62620 5
62621 5
62622 6
62623 2
62624 5
62625 8
62626 4
62627 7
62628 7
62629 3
62630 2
62631 1
62632 5
62633 7
62634 5
62635 3
62636 0
62637 6
62638 0
62639 5
62640 13
62641 6
62642 9
62643 2
62644 5
62645 0
62646 5
62647 3
62648 6
62649 4
62650 8
62651 4
62652 1
62653 5
62654 1
62655 4
62656 4
62657 4
62658 5
62659 3
62660 3
62661 2
62662 5
62663 2
62664 6
62665 1
62666 3
62667 5
62668 2
62669 3
62670 1
62671 2
62672 3
62673 2
62674 2
62675 2
62676 2
62677 0
62678 3
62679 0
62680 4
62681 3
62682 3
62683 2
62684 3
62685 1
62686 4
62687 9
62688 3
62689 3
62690 2
62691 3
62692 1
62693 2
62694 4
62695 1
62696 9
62697 2
62698 3
62699 3
62700 14
62701 14
62702 3
62703 1
62704 0
62705 0
62706 0
62707 4
62708 1
62709 1
62710 1
62711 1
62712 7
62713 4
62714 5
62715 1
62716 3
62717 1
62718 0
62719 5
62720 44
62721 10
62722 3
62723 7
62724 0
62725 4
62726 1
62727 2
62728 5
62729 0
62730 5
62731 6
62732 2
62733 1
62734 0
62735 2
62736 6
62737 8
62738 0
62739 4
62740 1
62741 1
62742 1
62743 10
62744 9
62745 51
62746 2
62747 3
62748 6
62749 9
62750 5
62751 3
62752 5
62753 6
62754 5
62755 5
62756 1
62757 0
62758 4
62759 2
62760 1
62761 3
62762 2
62763 1
62764 6
62765 2
62766 3
62767 1
62768 4
62769 3
62770 5
62771 3
62772 3
62773 2
62774 2
62775 5
62776 4
62777 1
62778 3
62779 1
62780 2
62781 11
62782 2
62783 1
62784 14
62785 6
62786 3
62787 0
62788 2
62789 3
62790 26
62791 6
62792 4
62793 4
62794 1
62795 1
62796 3
62797 4
62798 2
62799 5
62800 7
62801 7
62802 1
62803 2
62804 0
62805 3
62806 1
62807 2
62808 4
62809 8
62810 7
62811 1
62812 2
62813 2
62814 7
62815 2
62816 1
62817 0
62818 4
62819 4
62820 3
62821 2
62822 2
62823 5
62824 3
62825 1
62826 5
62827 1
62828 3
62829 3
62830 3
62831 2
62832 38
62833 2
62834 4
62835 5
62836 3
62837 3
62838 0
62839 3
62840 6
62841 2
62842 0
62843 3
62844 2
62845 0
62846 0
62847 3
62848 4
62849 2
62850 1
62851 4
62852 4
62853 6
62854 1
62855 2
62856 5
62857 3
62858 1
62859 2
62860 5
62861 9
62862 6
62863 3
62864 3
62865 4
62866 9
62867 3
62868 5
62869 4
62870 3
62871 3
62872 2
62873 0
62874 7
62875 3
62876 3
62877 2
62878 4
62879 5
62880 4
62881 7
62882 4
62883 2
62884 5
62885 3
62886 2
62887 4
62888 1
62889 0
62890 2
62891 2
62892 3
62893 4
62894 3
62895 4
62896 3
62897 1
62898 1
62899 2
62900 5
62901 4
62902 2
62903 3
62904 6
62905 0
62906 1
62907 2
62908 0
62909 5
62910 5
62911 1
62912 2
62913 1
62914 3
62915 5
62916 3
62917 1
62918 1
62919 1
62920 11
62921 5
62922 4
62923 1
62924 1
62925 2
62926 2
62927 5
62928 3
62929 5
62930 4
62931 1
62932 4
62933 1
62934 1
62935 3
62936 4
62937 4
62938 3
62939 5
62940 3
62941 5
62942 0
62943 4
62944 7
62945 1
62946 5
62947 5
62948 3
62949 0
62950 2
62951 3
62952 4
62953 4
62954 1
62955 1
62956 2
62957 3
62958 4
62959 3
62960 4
62961 4
62962 2
62963 6
62964 8
62965 1
62966 0
62967 2
62968 2
62969 12
62970 1
62971 3
62972 0
62973 5
62974 2
62975 2
62976 12
62977 4
62978 2
62979 2
62980 4
62981 13
62982 2
62983 7
62984 2
62985 28
62986 4
62987 10
62988 2
62989 9
62990 2
62991 4
62992 6
62993 0
62994 1
62995 1
62996 1
62997 4
62998 0
62999 8
63000 69
63001 53
63002 3
63003 5
63004 8
63005 3
63006 3
63007 1
63008 4
63009 2
63010 3
63011 1
63012 3
63013 3
63014 3
63015 2
63016 1
63017 3
63018 6
63019 2
63020 20
63021 2
63022 4
63023 1
63024 6
63025 4
63026 2
63027 1
63028 3
63029 6
63030 5
63031 8
63032 3
63033 2
63034 5
63035 1
63036 5
63037 4
63038 1
63039 2
63040 12
63041 3
63042 3
63043 1
63044 4
63045 2
63046 2
63047 5
63048 4
63049 0
63050 2
63051 5
63052 6
63053 3
63054 1
63055 0
63056 5
63057 3
63058 0
63059 2
63060 3
63061 1
63062 1
63063 23
63064 4
63065 4
63066 1
63067 4
63068 5
63069 3
63070 2
63071 5
63072 8
63073 5
63074 3
63075 6
63076 2
63077 2
63078 2
63079 7
63080 5
63081 0
63082 5
63083 3
63084 2
63085 11
63086 1
63087 1
63088 0
63089 1
63090 10
63091 3
63092 5
63093 1
63094 3
63095 4
63096 5
63097 3
63098 4
63099 1
63100 5
63101 0
63102 1
63103 1
63104 3
63105 3
63106 2
63107 2
63108 4
63109 1
63110 5
63111 6
63112 2
63113 11
63114 1
63115 3
63116 4
63117 5
63118 1
63119 3
63120 7
63121 3
63122 1
63123 0
63124 0
63125 11
63126 6
63127 9
63128 4
63129 4
63130 0
63131 6
63132 1
63133 3
63134 2
63135 5
63136 7
63137 4
63138 6
63139 14
63140 4
63141 6
63142 1
63143 4
63144 6
63145 7
63146 6
63147 3
63148 8
63149 11
63150 5
63151 6
63152 6
63153 4
63154 7
63155 2
63156 5
63157 3
63158 2
63159 1
63160 2
63161 5
63162 6
63163 5
63164 1
63165 1
63166 2
63167 5
63168 15
63169 3
63170 1
63171 4
63172 2
63173 5
63174 0
63175 2
63176 1
63177 2
63178 1
63179 10
63180 11
63181 8
63182 2
63183 4
63184 10
63185 1
63186 0
63187 1
63188 2
63189 2
63190 6
63191 3
63192 2
63193 0
63194 1
63195 6
63196 2
63197 6
63198 6
63199 4
63200 6
63201 2
63202 5
63203 0
63204 5
63205 0
63206 11
63207 3
63208 4
63209 1
63210 9
63211 9
63212 2
63213 1
63214 2
63215 10
63216 4
63217 4
63218 3
63219 5
63220 1
63221 5
63222 3
63223 1
63224 2
63225 6
63226 1
63227 5
63228 4
63229 2
63230 0
63231 6
63232 10
63233 3
63234 7
63235 5
63236 4
63237 1
63238 4
63239 4
63240 11
63241 9
63242 1
63243 1
63244 4
63245 3
63246 3
63247 7
63248 13
63249 1
63250 9
63251 5
63252 3
63253 7
63254 6
63255 1
63256 0
63257 3
63258 8
63259 13
63260 20
63261 55
63262 8
63263 4
63264 4
63265 2
63266 1
63267 12
63268 0
63269 1
63270 11
63271 4
63272 3
63273 17
63274 6
63275 1
63276 2
63277 4
63278 1
63279 0
63280 7
63281 2
63282 3
63283 0
63284 2
63285 5
63286 0
63287 0
63288 2
63289 4
63290 1
63291 7
63292 1
63293 3
63294 4
63295 2
63296 5
63297 4
63298 1
63299 1
63300 5
63301 2
63302 0
63303 1
63304 4
63305 3
63306 0
63307 3
63308 8
63309 4
63310 0
63311 5
63312 1
63313 9
63314 1
63315 4
63316 2
63317 7
63318 4
63319 4
63320 2
63321 4
63322 2
63323 4
63324 4
63325 0
63326 6
63327 2
63328 3
63329 5
63330 3
63331 8
63332 2
63333 2
63334 4
63335 2
63336 25
63337 9
63338 3
63339 2
63340 4
63341 1
63342 0
63343 1
63344 3
63345 0
63346 4
63347 16
63348 2
63349 6
63350 2
63351 8
63352 1
63353 5
63354 0
63355 2
63356 1
63357 2
63358 1
63359 3
63360 34
63361 16
63362 3
63363 4
63364 2
63365 14
63366 4
63367 6
63368 6
63369 0
63370 4
63371 0
63372 1
63373 1
63374 0
63375 9
63376 4
63377 7
63378 5
63379 6
63380 0
63381 1
63382 0
63383 1
63384 2
63385 2
63386 2
63387 2
63388 1
63389 4
63390 3
63391 2
63392 4
63393 7
63394 2
63395 8
63396 2
63397 4
63398 1
63399 1
63400 8
63401 0
63402 1
63403 3
63404 1
63405 5
63406 1
63407 2
63408 2
63409 1
63410 4
63411 4
63412 1
63413 3
63414 2
63415 3
63416 5
63417 2
63418 0
63419 8
63420 11
63421 5
63422 4
63423 15
63424 8
63425 16
63426 1
63427 5
63428 5
63429 3
63430 4
63431 2
63432 2
63433 0
63434 1
63435 1
63436 6
63437 4
63438 0
63439 4
63440 11
63441 5
63442 5
63443 4
63444 1
63445 7
63446 2
63447 2
63448 3
63449 2
63450 3
63451 1
63452 4
63453 3
63454 0
63455 10
63456 9
63457 4
63458 1
63459 0
63460 6
63461 3
63462 4
63463 12
63464 2
63465 3
63466 2
63467 3
63468 7
63469 1
63470 1
63471 0
63472 4
63473 1
63474 2
63475 0
63476 8
63477 2
63478 1
63479 3
63480 10
63481 7
63482 1
63483 5
63484 9
63485 2
63486 4
63487 23
63488 42
63489 4
63490 8
63491 0
63492 11
63493 4
63494 4
63495 6
63496 6
63497 3
63498 2
63499 8
63500 3
63501 4
63502 1
63503 11
63504 115
63505 5
63506 6
63507 7
63508 3
63509 3
63510 6
63511 6
63512 4
63513 8
63514 2
63515 7
63516 3
63517 1
63518 6
63519 1
63520 4
63521 7
63522 8
63523 3
63524 5
63525 17
63526 6
63527 1
63528 6
63529 4
63530 1
63531 5
63532 6
63533 3
63534 0
63535 7
63536 17
63537 1
63538 1
63539 2
63540 10
63541 11
63542 3
63543 6
63544 9
63545 2
63546 12
63547 1
63548 5
63549 6
63550 8
63551 9
63552 4
63553 8
63554 4
63555 5
63556 9
63557 2
63558 4
63559 8
63560 5
63561 3
63562 4
63563 1
63564 2
63565 9
63566 1
63567 1
63568 2
63569 0
63570 10
63571 2
63572 1
63573 2
63574 1
63575 8
63576 6
63577 6
63578 2
63579 1
63580 5
63581 3
63582 4
63583 2
63584 1
63585 1
63586 1
63587 4
63588 3
63589 5
63590 0
63591 6
63592 6
63593 3
63594 5
63595 3
63596 2
63597 1
63598 0
63599 8
63600 16
63601 11
63602 0
63603 1
63604 1
63605 4
63606 1
63607 4
63608 1
63609 7
63610 1
63611 7
63612 2
63613 2
63614 1
63615 1
63616 3
63617 4
63618 4
63619 1
63620 0
63621 1
63622 1
63623 0
63624 5
63625 3
63626 7
63627 1
63628 1
63629 4
63630 4
63631 5
63632 8
63633 5
63634 2
63635 4
63636 6
63637 3
63638 4
63639 4
63640 4
63641 1
63642 1
63643 2
63644 0
63645 3
63646 4
63647 4
63648 21
63649 5
63650 2
63651 0
63652 1
63653 2
63654 8
63655 4
63656 6
63657 5
63658 1
63659 3
63660 2
63661 0
63662 0
63663 2
63664 1
63665 5
63666 5
63667 5
63668 2
63669 1
63670 3
63671 3
63672 1
63673 2
63674 5
63675 1
63676 4
63677 1
63678 1
63679 0
63680 6
63681 1
63682 0
63683 2
63684 2
63685 3
63686 1
63687 1
63688 6
63689 3
63690 5
63691 8
63692 2
63693 4
63694 2
63695 0
63696 4
63697 10
63698 2
63699 3
63700 16
63701 7
63702 6
63703 8
63704 5
63705 2
63706 2
63707 4
63708 3
63709 2
63710 0
63711 2
63712 4
63713 4
63714 4
63715 0
63716 3
63717 1
63718 3
63719 3
63720 6
63721 2
63722 1
63723 1
63724 3
63725 2
63726 4
63727 4
63728 4
63729 1
63730 1
63731 4
63732 4
63733 1
63734 4
63735 2
63736 8
63737 6
63738 1
63739 4
63740 3
63741 1
63742 2
63743 4
63744 17
63745 2
63746 4
63747 5
63748 3
63749 1
63750 13
63751 1
63752 4
63753 2
63754 2
63755 2
63756 22
63757 5
63758 1
63759 1
63760 5
63761 8
63762 3
63763 1
63764 1
63765 5
63766 3
63767 7
63768 7
63769 2
63770 1
63771 2
63772 2
63773 5
63774 2
63775 5
63776 4
63777 2
63778 2
63779 1
63780 2
63781 0
63782 4
63783 5
63784 2
63785 0
63786 3
63787 0
63788 3
63789 1
63790 3
63791 5
63792 6
63793 2
63794 3
63795 1
63796 3
63797 2
63798 4
63799 6
63800 1
63801 3
63802 5
63803 2
63804 6
63805 4
63806 2
63807 5
63808 7
63809 3
63810 2
63811 2
63812 4
63813 4
63814 1
63815 2
63816 1
63817 3
63818 0
63819 2
63820 0
63821 1
63822 2
63823 3
63824 4
63825 4
63826 6
63827 1
63828 4
63829 3
63830 1
63831 0
63832 3
63833 4
63834 2
63835 1
63836 4
63837 2
63838 3
63839 10
63840 32
63841 12
63842 3
63843 1
63844 2
63845 3
63846 2
63847 1
63848 4
63849 2
63850 1
63851 1
63852 0
63853 7
63854 5
63855 10
63856 8
63857 2
63858 4
63859 1
63860 0
63861 1
63862 7
63863 7
63864 0
63865 2
63866 5
63867 4
63868 2
63869 10
63870 2
63871 2
63872 11
63873 0
63874 4
63875 4
63876 4
63877 4
63878 0
63879 5
63880 7
63881 5
63882 3
63883 3
63884 8
63885 0
63886 6
63887 0
63888 16
63889 1
63890 4
63891 2
63892 5
63893 0
63894 1
63895 0
63896 4
63897 6
63898 4
63899 2
63900 2
63901 4
63902 2
63903 5
63904 1
63905 3
63906 0
63907 1
63908 1
63909 3
63910 8
63911 1
63912 2
63913 1
63914 1
63915 4
63916 2
63917 6
63918 1
63919 3
63920 5
63921 3
63922 1
63923 1
63924 1
63925 2
63926 1
63927 2
63928 4
63929 5
63930 1
63931 3
63932 0
63933 0
63934 3
63935 3
63936 24
63937 6
63938 3
63939 6
63940 6
63941 2
63942 5
63943 1
63944 3
63945 16
63946 2
63947 0
63948 1
63949 6
63950 1
63951 4
63952 2
63953 4
63954 16
63955 0
63956 1
63957 1
63958 4
63959 3
63960 16
63961 3
63962 3
63963 3
63964 3
63965 2
63966 1
63967 1
63968 5
63969 2
63970 5
63971 5
63972 2
63973 63
63974 3
63975 3
63976 5
63977 3
63978 3
63979 0
63980 1
63981 1
63982 1
63983 2
63984 3
63985 5
63986 6
63987 12
63988 3
63989 2
63990 2
63991 3
63992 6
63993 2
63994 8
63995 3
63996 4
63997 9
63998 3
63999 16
64000 187
64001 10
64002 2
64003 2
64004 5
64005 5
64006 2
64007 13
64008 8
64009 70
64010 7
64011 1
64012 2
64013 6
64014 3
64015 4
64016 2
64017 5
64018 4
64019 5
64020 12
64021 3
64022 0
64023 3
64024 7
64025 2
64026 3
64027 2
64028 1
64029 4
64030 6
64031 4
64032 9
64033 3
64034 2
64035 2
64036 0
64037 6
64038 0
64039 3
64040 11
64041 2
64042 1
64043 1
64044 3
64045 5
64046 2
64047 5
64048 1
64049 3
64050 9
64051 7
64052 3
64053 1
64054 1
64055 6
64056 4
64057 4
64058 5
64059 0
64060 3
64061 3
64062 3
64063 5
64064 26
64065 5
64066 5
64067 5
64068 4
64069 4
64070 1
64071 3
64072 2
64073 3
64074 4
64075 5
64076 6
64077 9
64078 23
64079 102
64080 35
64081 15
64082 13
64083 1
64084 4
64085 3
64086 4
64087 2
64088 2
64089 0
64090 20
64091 9
64092 1
64093 1
64094 1
64095 5
64096 1
64097 1
64098 4
64099 0
64100 6
64101 3
64102 2
64103 5
64104 3
64105 3
64106 5
64107 3
64108 1
64109 5
64110 0
64111 2
64112 6
64113 1
64114 4
64115 1
64116 2
64117 0
64118 0
64119 3
64120 7
64121 2
64122 0
64123 6
64124 0
64125 12
64126 1
64127 1
64128 4
64129 3
64130 5
64131 1
64132 3
64133 6
64134 0
64135 2
64136 2
64137 0
64138 0
64139 0
64140 8
64141 2
64142 3
64143 1
64144 3
64145 2
64146 9
64147 1
64148 2
64149 1
64150 4
64151 8
64152 14
64153 4
64154 1
64155 13
64156 4
64157 3
64158 3
64159 2
64160 6
64161 1
64162 2
64163 0
64164 8
64165 3
64166 1
64167 1
64168 5
64169 2
64170 10
64171 10
64172 5
64173 4
64174 2
64175 2
64176 7
64177 1
64178 6
64179 0
64180 6
64181 1
64182 5
64183 1
64184 6
64185 2
64186 2
64187 2
64188 1
64189 7
64190 8
64191 0
64192 3
64193 2
64194 2
64195 1
64196 3
64197 2
64198 2
64199 5
64200 5
64201 5
64202 3
64203 3
64204 2
64205 2
64206 7
64207 2
64208 6
64209 0
64210 3
64211 0
64212 2
64213 1
64214 0
64215 2
64216 8
64217 2
64218 2
64219 0
64220 6
64221 2
64222 2
64223 2
64224 15
64225 1
64226 5
64227 1
64228 6
64229 2
64230 1
64231 5
64232 9
64233 3
64234 5
64235 2
64236 0
64237 4
64238 2
64239 5
64240 12
64241 0
64242 3
64243 2
64244 2
64245 0
64246 4
64247 1
64248 6
64249 1
64250 4
64251 1
64252 0
64253 2
64254 0
64255 6
64256 23
64257 6
64258 7
64259 3
64260 20
64261 26
64262 3
64263 3
64264 8
64265 3
64266 2
64267 2
64268 4
64269 1
64270 2
64271 4
64272 6
64273 5
64274 2
64275 3
64276 4
64277 6
64278 6
64279 8
64280 1
64281 0
64282 1
64283 3
64284 5
64285 13
64286 1
64287 1
64288 9
64289 6
64290 7
64291 1
64292 0
64293 0
64294 3
64295 6
64296 5
64297 2
64298 1
64299 1
64300 1
64301 5
64302 4
64303 4
64304 4
64305 2
64306 1
64307 4
64308 2
64309 6
64310 3
64311 0
64312 2
64313 1
64314 3
64315 3
64316 3
64317 0
64318 1
64319 4
64320 11
64321 7
64322 3
64323 2
64324 5
64325 5
64326 5
64327 6
64328 5
64329 4
64330 3
64331 5
64332 1
64333 7
64334 0
64335 2
64336 2
64337 2
64338 2
64339 2
64340 0
64341 1
64342 1
64343 4
64344 3
64345 4
64346 4
64347 1
64348 3
64349 0
64350 19
64351 8
64352 2
64353 1
64354 2
64355 3
64356 1
64357 1
64358 2
64359 0
64360 2
64361 1
64362 6
64363 2
64364 0
64365 3
64366 5
64367 2
64368 1
64369 2
64370 3
64371 1
64372 2
64373 5
64374 1
64375 5
64376 2
64377 6
64378 2
64379 2
64380 5
64381 6
64382 6
64383 7
64384 8
64385 3
64386 7
64387 6
64388 0
64389 2
64390 2
64391 0
64392 3
64393 1
64394 1
64395 3
64396 2
64397 4
64398 1
64399 2
64400 2
64401 2
64402 1
64403 3
64404 2
64405 2
64406 4
64407 4
64408 2
64409 1
64410 5
64411 0
64412 4
64413 1
64414 2
64415 1
64416 14
64417 1
64418 2
64419 0
64420 5
64421 3
64422 0
64423 4
64424 2
64425 5
64426 6
64427 0
64428 2
64429 1
64430 1
64431 4
64432 4
64433 7
64434 2
64435 2
64436 5
64437 0
64438 1
64439 11
64440 10
64441 8
64442 0
64443 0
64444 7
64445 0
64446 5
64447 2
64448 7
64449 10
64450 2
64451 1
64452 3
64453 5
64454 3
64455 5
64456 0
64457 1
64458 2
64459 3
64460 3
64461 0
64462 1
64463 0
64464 6
64465 2
64466 4
64467 4
64468 3
64469 3
64470 4
64471 1
64472 3
64473 8
64474 3
64475 1
64476 4
64477 2
64478 1
64479 1
64480 4
64481 4
64482 1
64483 4
64484 1
64485 2
64486 2
64487 0
64488 2
64489 5
64490 1
64491 4
64492 0
64493 4
64494 3
64495 3
64496 5
64497 5
64498 2
64499 7
64500 3
64501 1
64502 3
64503 4
64504 4
64505 6
64506 2
64507 9
64508 0
64509 2
64510 4
64511 9
64512 95
64513 21
64514 9
64515 8
64516 22
64517 4
64518 2
64519 3
64520 6
64521 3
64522 1
64523 1
64524 4
64525 4
64526 3
64527 1
64528 5
64529 1
64530 7
64531 1
64532 1
64533 5
64534 4
64535 3
64536 5
64537 2
64538 3
64539 0
64540 9
64541 4
64542 0
64543 2
64544 1
64545 1
64546 1
64547 1
64548 4
64549 3
64550 5
64551 3
64552 2
64553 20
64554 7
64555 1
64556 0
64557 2
64558 3
64559 1
64560 13
64561 4
64562 2
64563 1
64564 2
64565 1
64566 0
64567 10
64568 8
64569 0
64570 4
64571 1
64572 3
64573 0
64574 2
64575 3
64576 3
64577 17
64578 2
64579 11
64580 6
64581 6
64582 5
64583 2
64584 3
64585 1
64586 0
64587 1
64588 1
64589 1
64590 3
64591 16
64592 2
64593 8
64594 6
64595 2
64596 1
64597 3
64598 1
64599 2
64600 8
64601 16
64602 0
64603 1
64604 1
64605 4
64606 1
64607 8
64608 1
64609 11
64610 7
64611 7
64612 3
64613 6
64614 2
64615 4
64616 1
64617 2
64618 1
64619 1
64620 17
64621 15
64622 0
64623 1
64624 2
64625 4
64626 3
64627 2
64628 0
64629 2
64630 1
64631 3
64632 4
64633 3
64634 3
64635 1
64636 3
64637 2
64638 5
64639 3
64640 11
64641 6
64642 0
64643 3
64644 3
64645 1
64646 7
64647 3
64648 3
64649 1
64650 6
64651 3
64652 3
64653 1
64654 2
64655 2
64656 4
64657 2
64658 3
64659 1
64660 12
64661 22
64662 3
64663 6
64664 7
64665 15
64666 10
64667 7
64668 1
64669 8
64670 3
64671 4
64672 5
64673 3
64674 5
64675 1
64676 5
64677 0
64678 1
64679 10
64680 27
64681 28
64682 4
64683 3
64684 1
64685 2
64686 1
64687 3
64688 5
64689 3
64690 5
64691 7
64692 2
64693 6
64694 2
64695 2
64696 1
64697 0
64698 2
64699 5
64700 10
64701 16
64702 2
64703 5
64704 9
64705 7
64706 1
64707 2
64708 2
64709 6
64710 3
64711 10
64712 2
64713 1
64714 8
64715 3
64716 3
64717 2
64718 1
64719 4
64720 4
64721 10
64722 17
64723 2
64724 3
64725 1
64726 2
64727 3
64728 6
64729 1
64730 3
64731 2
64732 2
64733 1
64734 0
64735 2
64736 4
64737 2
64738 2
64739 0
64740 2
64741 3
64742 2
64743 5
64744 1
64745 2
64746 3
64747 9
64748 3
64749 4
64750 8
64751 5
64752 9
64753 1
64754 1
64755 1
64756 8
64757 0
64758 4
64759 5
64760 3
64761 3
64762 2
64763 13
64764 8
64765 2
64766 4
64767 7
64768 7
64769 13
64770 7
64771 5
64772 0
64773 1
64774 1
64775 2
64776 5
64777 2
64778 2
64779 2
64780 7
64781 4
64782 8
64783 3
64784 2
64785 7
64786 1
64787 2
64788 2
64789 3
64790 9
64791 2
64792 7
64793 5
64794 3
64795 3
64796 1
64797 1
64798 9
64799 3
64800 89
64801 8
64802 2
64803 1
64804 2
64805 4
64806 2
64807 7
64808 0
64809 2
64810 1
64811 6
64812 4
64813 2
64814 3
64815 2
64816 4
64817 6
64818 3
64819 7
64820 5
64821 4
64822 2
64823 1
64824 9
64825 4
64826 1
64827 34
64828 5
64829 9
64830 1
64831 1
64832 8
64833 4
64834 3
64835 2
64836 5
64837 0
64838 7
64839 2
64840 3
64841 2
64842 2
64843 3
64844 3
64845 0
64846 4
64847 1
64848 4
64849 7
64850 0
64851 0
64852 1
64853 3
64854 1
64855 5
64856 5
64857 4
64858 1
64859 2
64860 2
64861 1
64862 5
64863 2
64864 2
64865 0
64866 2
64867 0
64868 1
64869 5
64870 2
64871 5
64872 4
64873 2
64874 2
64875 1
64876 3
64877 7
64878 0
64879 5
64880 3
64881 9
64882 1
64883 5
64884 3
64885 1
64886 3
64887 1
64888 0
64889 7
64890 12
64891 12
64892 1
64893 3
64894 2
64895 2
64896 9
64897 3
64898 2
64899 2
64900 3
64901 9
64902 2
64903 1
64904 3
64905 2
64906 0
64907 3
64908 6
64909 0
64910 1
64911 7
64912 2
64913 4
64914 3
64915 0
64916 3
64917 4
64918 0
64919 8
64920 11
64921 5
64922 0
64923 7
64924 2
64925 8
64926 3
64927 7
64928 3
64929 2
64930 0
64931 1
64932 4
64933 4
64934 1
64935 1
64936 2
64937 7
64938 2
64939 0
64940 3
64941 2
64942 3
64943 2
64944 7
64945 2
64946 3
64947 1
64948 2
64949 5
64950 0
64951 8
64952 4
64953 1
64954 0
64955 0
64956 5
64957 4
64958 1
64959 2
64960 12
64961 2
64962 4
64963 3
64964 1
64965 2
64966 5
64967 3
64968 5
64969 13
64970 3
64971 0
64972 2
64973 2
64974 5
64975 3
64976 9
64977 1
64978 2
64979 5
64980 27
64981 3
64982 3
64983 3
64984 1
64985 2
64986 1
64987 3
64988 1
64989 7
64990 2
64991 1
64992 3
64993 2
64994 3
64995 3
64996 1
64997 5
64998 5
64999 2
65000 17
65001 1
65002 2
65003 7
65004 4
65005 2
65006 1
65007 2
65008 10
65009 6
65010 7
65011 5
65012 3
65013 0
65014 2
65015 0
65016 19
65017 5
65018 5
65019 2
65020 5
65021 8
65022 3
65023 9
65024 30
65025 91
65026 6
65027 18
65028 4
65029 9
65030 3
65031 4
65032 2
65033 4
65034 2
65035 1
65036 1
65037 2
65038 1
65039 5
65040 15
65041 3
65042 3
65043 1
65044 6
65045 3
65046 3
65047 7
65048 6
65049 3
65050 4
65051 10
65052 4
65053 3
65054 2
65055 4
65056 4
65057 4
65058 0
65059 4
65060 1
65061 0
65062 1
65063 1
65064 2
65065 13
65066 4
65067 1
65068 1
65069 1
65070 3
65071 5
65072 2
65073 1
65074 2
65075 2
65076 5
65077 13
65078 3
65079 1
65080 2
65081 0
65082 1
65083 3
65084 2
65085 3
65086 4
65087 3
65088 11
65089 8
65090 0
65091 0
65092 2
65093 3
65094 3
65095 2
65096 6
65097 1
65098 0
65099 9
65100 13
65101 6
65102 4
65103 1
65104 11
65105 4
65106 2
65107 5
65108 0
65109 2
65110 2
65111 8
65112 2
65113 5
65114 1
65115 2
65116 3
65117 4
65118 1
65119 1
65120 10
65121 9
65122 0
65123 2
65124 4
65125 5
65126 2
65127 2
65128 4
65129 5
65130 2
65131 6
65132 3
65133 3
65134 6
65135 4
65136 1
65137 5
65138 2
65139 1
65140 3
65141 3
65142 2
65143 1
65144 2
65145 4
65146 0
65147 1
65148 3
65149 1
65150 0
65151 13
65152 6
65153 4
65154 0
65155 3
65156 3
65157 3
65158 2
65159 1
65160 5
65161 6
65162 3
65163 2
65164 2
65165 0
65166 2
65167 6
65168 2
65169 6
65170 7
65171 7
65172 3
65173 8
65174 5
65175 3
65176 4
65177 2
65178 4
65179 5
65180 0
65181 0
65182 4
65183 7
65184 4
65185 0
65186 5
65187 5
65188 4
65189 4
65190 6
65191 3
65192 6
65193 7
65194 3
65195 10
65196 4
65197 4
65198 6
65199 0
65200 4
65201 3
65202 9
65203 6
65204 3
65205 9
65206 3
65207 0
65208 16
65209 6
65210 7
65211 2
65212 2
65213 3
65214 1
65215 5
65216 7
65217 1
65218 3
65219 10
65220 1
65221 3
65222 2
65223 3
65224 0
65225 2
65226 11
65227 4
65228 0
65229 3
65230 4
65231 18
65232 4
65233 1
65234 0
65235 3
65236 2
65237 0
65238 2
65239 5
65240 8
65241 1
65242 1
65243 3
65244 5
65245 0
65246 6
65247 8
65248 7
65249 1
65250 1
65251 8
65252 0
65253 2
65254 0
65255 3
65256 5
65257 5
65258 2
65259 2
65260 8
65261 5
65262 4
65263 2
65264 9
65265 2
65266 5
65267 12
65268 7
65269 7
65270 1
65271 3
65272 1
65273 2
65274 4
65275 1
65276 0
65277 5
65278 5
65279 13
65280 141
65281 45
65282 2
65283 7
65284 4
65285 1
65286 4
65287 4
65288 3
65289 2
65290 2
65291 6
65292 5
65293 6
65294 3
65295 4
65296 7
65297 7
65298 4
65299 4
65300 4
65301 2
65302 2
65303 3
65304 9
65305 7
65306 2
65307 4
65308 1
65309 7
65310 8
65311 13
65312 8
65313 0
65314 5
65315 1
65316 3
65317 7
65318 4
65319 0
65320 3
65321 3
65322 4
65323 7
65324 7
65325 7
65326 9
65327 5
65328 12
65329 5
65330 7
65331 4
65332 7
65333 2
65334 3
65335 1
65336 5
65337 4
65338 2
65339 5
65340 15
65341 26
65342 1
65343 5
65344 19
65345 2
65346 6
65347 3
65348 4
65349 3
65350 2
65351 1
65352 3
65353 3
65354 2
65355 2
65356 4
65357 1
65358 3
65359 2
65360 8
65361 1
65362 2
65363 6
65364 4
65365 9
65366 3
65367 8
65368 2
65369 1
65370 0
65371 2
65372 5
65373 0
65374 0
65375 4
65376 4
65377 0
65378 2
65379 5
65380 2
65381 3
65382 5
65383 1
65384 1
65385 4
65386 4
65387 2
65388 2
65389 2
65390 2
65391 7
65392 4
65393 4
65394 2
65395 2
65396 2
65397 3
65398 3
65399 5
65400 8
65401 3
65402 2
65403 0
65404 2
65405 1
65406 2
65407 15
65408 11
65409 7
65410 2
65411 1
65412 4
65413 2
65414 7
65415 5
65416 7
65417 0
65418 3
65419 5
65420 3
65421 5
65422 6
65423 8
65424 2
65425 2
65426 3
65427 1
65428 3
65429 3
65430 2
65431 7
65432 12
65433 2
65434 3
65435 6
65436 6
65437 6
65438 3
65439 3
65440 5
65441 4
65442 2
65443 3
65444 3
65445 10
65446 6
65447 1
65448 4
65449 9
65450 13
65451 6
65452 3
65453 5
65454 0
65455 8
65456 7
65457 2
65458 1
65459 1
65460 8
65461 4
65462 0
65463 1
65464 4
65465 6
65466 2
65467 4
65468 1
65469 2
65470 8
65471 22
65472 33
65473 7
65474 1
65475 6
65476 5
65477 5
65478 6
65479 9
65480 2
65481 6
65482 3
65483 3
65484 4
65485 9
65486 2
65487 3
65488 7
65489 7
65490 4
65491 2
65492 7
65493 6
65494 2
65495 4
65496 0
65497 5
65498 4
65499 3
65500 10
65501 7
65502 4
65503 23
65504 24
65505 7
65506 7
65507 7
65508 2
65509 7
65510 2
65511 5
65512 8
65513 3
65514 4
65515 2
65516 2
65517 8
65518 7
65519 44
65520 258
65521 73
65522 7
65523 11
65524 8
65525 4
65526 12
65527 18
65528 35
65529 11
65530 5
65531 16
65532 36
65533 40
65534 99
65535 577
65536 1820
65537 618
65538 38
65539 78
65540 26
65541 18
65542 17
65543 23
65544 15
65545 14
65546 5
65547 4
65548 16
65549 1
65550 13
65551 24
65552 29
65553 23
65554 13
65555 6
65556 10
65557 21
65558 8
65559 7
65560 4
65561 5
65562 6
65563 12
65564 3
65565 4
65566 6
65567 8
65568 15
65569 15
65570 5
65571 5
65572 5
65573 4
65574 4
65575 3
65576 8
65577 1
65578 0
65579 13
65580 5
65581 10
65582 0
65583 4
65584 7
65585 6
65586 3
65587 6
65588 5
65589 4
65590 3
65591 2
65592 6
65593 2
65594 3
65595 2
65596 3
65597 2
65598 4
65599 19
65600 80
65601 8
65602 9
65603 2
65604 5
65605 5
65606 1
65607 2
65608 1
65609 12
65610 92
65611 8
65612 3
65613 5
65614 2
65615 2
65616 7
65617 16
65618 1
65619 5
65620 14
65621 5
65622 3
65623 2
65624 3
65625 34
65626 0
65627 7
65628 4
65629 7
65630 4
65631 2
65632 6
65633 4
65634 0
65635 0
65636 1
65637 8
65638 3
65639 2
65640 14
65641 12
65642 2
65643 1
65644 1
65645 2
65646 7
65647 4
65648 1
65649 5
65650 4
65651 7
65652 4
65653 10
65654 7
65655 4
65656 12
65657 16
65658 6
65659 4
65660 7
65661 1
65662 3
65663 4
65664 31
65665 1
65666 3
65667 2
65668 3
65669 0
65670 5
65671 3
65672 6
65673 1
65674 3
65675 2
65676 11
65677 7
65678 0
65679 3
65680 3
65681 4
65682 0
65683 4
65684 2
65685 5
65686 3
65687 11
65688 5
65689 6
65690 4
65691 5
65692 6
65693 1
65694 6
65695 5
65696 3
65697 1
65698 1
65699 13
65700 11
65701 14
65702 3
65703 8
65704 3
65705 0
65706 0
65707 13
65708 4
65709 3
65710 0
65711 6
65712 7
65713 9
65714 3
65715 8
65716 0
65717 5
65718 4
65719 7
65720 4
65721 6
65722 3
65723 5
65724 4
65725 0
65726 0
65727 4
65728 14
65729 3
65730 11
65731 7
65732 3
65733 4
65734 2
65735 0
65736 7
65737 4
65738 3
65739 4
65740 4
65741 3
65742 1
65743 4
65744 3
65745 6
65746 2
65747 0
65748 3
65749 0
65750 1
65751 0
65752 2
65753 3
65754 0
65755 1
65756 5
65757 4
65758 5
65759 0
65760 13
65761 7
65762 1
65763 1
65764 2
65765 6
65766 8
65767 1
65768 1
65769 2
65770 2
65771 3
65772 10
65773 9
65774 0
65775 2
65776 6
65777 12
65778 4
65779 4
65780 42
65781 3
65782 1
65783 0
65784 5
65785 1
65786 1
65787 0
65788 2
65789 14
65790 9
65791 14
65792 83
65793 48
65794 15
65795 3
65796 8
65797 5
65798 7
65799 3
65800 6
65801 1
65802 7
65803 4
65804 3
65805 1
65806 3
65807 6
65808 9
65809 16
65810 3
65811 2
65812 9
65813 5
65814 11
65815 6
65816 3
65817 1
65818 0
65819 1
65820 3
65821 14
65822 2
65823 2
65824 11
65825 4
65826 2
65827 7
65828 4
65829 2
65830 3
65831 5
65832 3
65833 4
65834 2
65835 32
65836 4
65837 10
65838 7
65839 6
65840 7
65841 1
65842 3
65843 2
65844 0
65845 2
65846 2
65847 2
65848 3
65849 2
65850 4
65851 5
65852 1
65853 5
65854 4
65855 5
65856 39
65857 3
65858 1
65859 2
65860 2
65861 3
65862 4
65863 5
65864 2
65865 2
65866 1
65867 9
65868 2
65869 5
65870 4
65871 2
65872 0
65873 1
65874 3
65875 7
65876 2
65877 7
65878 3
65879 2
65880 9
65881 8
65882 1
65883 1
65884 4
65885 4
65886 3
65887 0
65888 3
65889 0
65890 2
65891 4
65892 14
65893 4
65894 1
65895 2
65896 1
65897 0
65898 4
65899 10
65900 2
65901 2
65902 4
65903 0
65904 2
65905 4
65906 2
65907 4
65908 2
65909 2
65910 5
65911 4
65912 5
65913 5
65914 0
65915 2
65916 1
65917 2
65918 3
65919 5
65920 3
65921 8
65922 3
65923 2
65924 2
65925 1
65926 3
65927 3
65928 4
65929 5
65930 4
65931 2
65932 3
65933 1
65934 11
65935 0
65936 1
65937 7
65938 1
65939 0
65940 5
65941 2
65942 4
65943 4
65944 5
65945 2
65946 5
65947 2
65948 1
65949 2
65950 2
65951 3
65952 3
65953 0
65954 9
65955 3
65956 2
65957 1
65958 1
65959 0
65960 6
65961 1
65962 3
65963 6
65964 3
65965 1
65966 2
65967 1
65968 2
65969 3
65970 3
65971 3
65972 4
65973 2
65974 1
65975 7
65976 4
65977 4
65978 6
65979 1
65980 2
65981 1
65982 0
65983 1
65984 2
65985 2
65986 4
65987 5
65988 2
65989 0
65990 2
65991 0
65992 2
65993 7
65994 1
65995 1
65996 3
65997 1
65998 2
65999 0
66000 13
66001 3
66002 5
66003 5
66004 3
66005 2
66006 4
66007 2
66008 4
66009 1
66010 4
66011 5
66012 24
66013 14
66014 3
66015 1
66016 5
66017 2
66018 0
66019 3
66020 2
66021 4
66022 1
66023 2
66024 11
66025 3
66026 3
66027 4
66028 1
66029 3
66030 1
66031 1
66032 5
66033 3
66034 2
66035 0
66036 0
66037 1
66038 0
66039 2
66040 3
66041 1
66042 4
66043 4
66044 3
66045 39
66046 2
66047 24
66048 32
66049 89
66050 10
66051 7
66052 5
66053 3
66054 4
66055 5
66056 3
66057 5
66058 0
66059 0
66060 5
66061 3
66062 1
66063 4
66064 1
66065 3
66066 54
66067 20
66068 1
66069 4
66070 3
66071 3
66072 1
66073 0
66074 3
66075 4
66076 2
66077 6
66078 4
66079 4
66080 7
66081 2
66082 3
66083 3
66084 3
66085 1
66086 4
66087 0
66088 3
66089 9
66090 1
66091 2
66092 2
66093 2
66094 7
66095 1
66096 12
66097 0
66098 6
66099 9
66100 3
66101 0
66102 2
66103 2
66104 3
66105 1
66106 2
66107 6
66108 6
66109 7
66110 0
66111 4
66112 5
66113 0
66114 4
66115 1
66116 0
66117 1
66118 0
66119 1
66120 5
66121 3
66122 6
66123 3
66124 3
66125 4
66126 2
66127 0
66128 0
66129 2
66130 3
66131 2
66132 7
66133 2
66134 1
66135 2
66136 7
66137 6
66138 4
66139 3
66140 3
66141 0
66142 1
66143 0
66144 14
66145 0
66146 2
66147 2
66148 3
66149 7
66150 21
66151 3
66152 2
66153 1
66154 5
66155 1
66156 3
66157 4
66158 1
66159 2
66160 2
66161 24
66162 2
66163 5
66164 3
66165 0
66166 8
66167 4
66168 4
66169 5
66170 2
66171 0
66172 3
66173 8
66174 2
66175 4
66176 9
66177 5
66178 17
66179 5
66180 1
66181 1
66182 3
66183 2
66184 7
66185 2
66186 2
66187 1
66188 3
66189 0
66190 5
66191 7
66192 2
66193 10
66194 0
66195 1
66196 7
66197 20
66198 10
66199 9
66200 4
66201 5
66202 1
66203 5
66204 1
66205 0
66206 3
66207 1
66208 5
66209 3
66210 3
66211 1
66212 0
66213 2
66214 1
66215 2
66216 8
66217 5
66218 3
66219 6
66220 6
66221 6
66222 9
66223 1
66224 3
66225 2
66226 2
66227 1
66228 5
66229 5
66230 0
66231 2
66232 4
66233 2
66234 5
66235 1
66236 3
66237 3
66238 1
66239 7
66240 16
66241 3
66242 4
66243 1
66244 1
66245 3
66246 1
66247 1
66248 10
66249 20
66250 5
66251 1
66252 1
66253 4
66254 4
66255 2
66256 5
66257 0
66258 3
66259 1
66260 1
66261 4
66262 4
66263 6
66264 8
66265 4
66266 7
66267 0
66268 4
66269 0
66270 2
66271 2
66272 3
66273 2
66274 1
66275 4
66276 9
66277 3
66278 2
66279 0
66280 4
66281 2
66282 1
66283 4
66284 1
66285 1
66286 3
66287 2
66288 3
66289 2
66290 5
66291 5
66292 2
66293 4
66294 4
66295 0
66296 1
66297 3
66298 2
66299 4
66300 11
66301 6
66302 2
66303 2
66304 11
66305 14
66306 6
66307 5
66308 4
66309 5
66310 3
66311 1
66312 6
66313 4
66314 0
66315 3
66316 1
66317 10
66318 7
66319 3
66320 2
66321 2
66322 0
66323 4
66324 3
66325 10
66326 2
66327 3
66328 2
66329 4
66330 3
66331 2
66332 6
66333 1
66334 1
66335 4
66336 4
66337 3
66338 2
66339 23
66340 9
66341 1
66342 3
66343 7
66344 3
66345 4
66346 1
66347 11
66348 2
66349 3
66350 0
66351 3
66352 4
66353 1
66354 6
66355 6
66356 3
66357 3
66358 0
66359 8
66360 11
66361 10
66362 2
66363 1
66364 5
66365 0
66366 14
66367 4
66368 2
66369 2
66370 0
66371 2
66372 4
66373 4
66374 3
66375 5
66376 3
66377 8
66378 4
66379 1
66380 6
66381 3
66382 2
66383 7
66384 6
66385 6
66386 2
66387 2
66388 5
66389 2
66390 1
66391 1
66392 0
66393 4
66394 3
66395 1
66396 2
66397 5
66398 3
66399 3
66400 5
66401 3
66402 3
66403 8
66404 1
66405 1
66406 5
66407 1
66408 4
66409 3
66410 6
66411 0
66412 5
66413 8
66414 0
66415 2
66416 4
66417 2
66418 3
66419 5
66420 9
66421 1
66422 2
66423 2
66424 12
66425 3
66426 2
66427 1
66428 3
66429 7
66430 56
66431 19
66432 6
66433 3
66434 0
66435 4
66436 8
66437 0
66438 5
66439 3
66440 7
66441 8
66442 2
66443 7
66444 5
66445 3
66446 2
66447 2
66448 4
66449 7
66450 1
66451 3
66452 2
66453 1
66454 2
66455 2
66456 5
66457 3
66458 1
66459 2
66460 2
66461 1
66462 4
66463 5
66464 3
66465 3
66466 6
66467 9
66468 1
66469 6
66470 1
66471 5
66472 2
66473 4
66474 2
66475 0
66476 2
66477 3
66478 0
66479 4
66480 5
66481 3
66482 2
66483 2
66484 4
66485 3
66486 3
66487 0
66488 5
66489 6
66490 4
66491 6
66492 2
66493 3
66494 7
66495 7
66496 5
66497 0
66498 2
66499 9
66500 2
66501 3
66502 0
66503 3
66504 0
66505 0
66506 1
66507 1
66508 2
66509 1
66510 3
66511 4
66512 6
66513 0
66514 5
66515 6
66516 5
66517 3
66518 0
66519 1
66520 4
66521 4
66522 5
66523 1
66524 5
66525 4
66526 3
66527 2
66528 37
66529 4
66530 5
66531 2
66532 5
66533 7
66534 2
66535 3
66536 2
66537 2
66538 1
66539 3
66540 1
66541 4
66542 4
66543 3
66544 3
66545 0
66546 1
66547 7
66548 1
66549 3
66550 10
66551 3
66552 3
66553 7
66554 0
66555 4
66556 5
66557 0
66558 3
66559 7
66560 32
66561 4
66562 7
66563 5
66564 44
66565 2
66566 6
66567 6
66568 2
66569 8
66570 3
66571 6
66572 5
66573 3
66574 1
66575 6
66576 9
66577 4
66578 1
66579 3
66580 2
66581 4
66582 1
66583 2
66584 8
66585 7
66586 1
66587 6
66588 2
66589 1
66590 0
66591 3
66592 7
66593 9
66594 3
66595 1
66596 2
66597 1
66598 0
66599 3
66600 10
66601 12
66602 1
66603 7
66604 2
66605 8
66606 8
66607 2
66608 2
66609 2
66610 2
66611 0
66612 4
66613 1
66614 2
66615 1
66616 3
66617 5
66618 1
66619 5
66620 2
66621 2
66622 2
66623 1
66624 3
66625 14
66626 7
66627 1
66628 4
66629 3
66630 1
66631 2
66632 2
66633 4
66634 4
66635 1
66636 5
66637 8
66638 3
66639 0
66640 14
66641 7
66642 8
66643 6
66644 5
66645 3
66646 4
66647 1
66648 1
66649 3
66650 2
66651 4
66652 1
66653 8
66654 3
66655 0
66656 6
66657 4
66658 4
66659 3
66660 7
66661 8
66662 6
66663 10
66664 8
66665 11
66666 73
66667 22
66668 19
66669 1
66670 2
66671 7
66672 4
66673 0
66674 4
66675 7
66676 7
66677 5
66678 3
66679 4
66680 1
66681 5
66682 2
66683 7
66684 2
66685 3
66686 4
66687 2
66688 5
66689 0
66690 3
66691 7
66692 2
66693 1
66694 1
66695 1
66696 6
66697 9
66698 0
66699 5
66700 1
66701 2
66702 3
66703 3
66704 3
66705 0
66706 4
66707 1
66708 4
66709 3
66710 3
66711 3
66712 8
66713 2
66714 3
66715 3
66716 4
66717 4
66718 1
66719 1
66720 5
66721 7
66722 2
66723 1
66724 4
66725 2
66726 1
66727 4
66728 7
66729 4
66730 2
66731 2
66732 3
66733 3
66734 3
66735 4
66736 4
66737 5
66738 4
66739 4
66740 2
66741 5
66742 1
66743 2
66744 15
66745 0
66746 3
66747 3
66748 3
66749 9
66750 2
66751 3
66752 10
66753 6
66754 1
66755 3
66756 2
66757 5
66758 2
66759 2
66760 0
66761 2
66762 5
66763 9
66764 2
66765 2
66766 4
66767 6
66768 4
66769 2
66770 1
66771 2
66772 1
66773 1
66774 1
66775 2
66776 2
66777 2
66778 2
66779 0
66780 13
66781 6
66782 1
66783 2
66784 5
66785 1
66786 0
66787 2
66788 5
66789 2
66790 3
66791 4
66792 8
66793 4
66794 3
66795 3
66796 2
66797 8
66798 1
66799 0
66800 4
66801 4
66802 5
66803 1
66804 2
66805 2
66806 5
66807 1
66808 6
66809 12
66810 4
66811 1
66812 4
66813 0
66814 2
66815 9
66816 20
66817 9
66818 2
66819 2
66820 4
66821 9
66822 10
66823 0
66824 3
66825 23
66826 3
66827 1
66828 2
66829 0
66830 5
66831 7
66832 2
66833 4
66834 5
66835 0
66836 4
66837 1
66838 6
66839 2
66840 2
66841 5
66842 1
66843 2
66844 5
66845 1
66846 4
66847 0
66848 7
66849 4
66850 3
66851 10
66852 3
66853 6
66854 2
66855 1
66856 0
66857 1
66858 2
66859 3
66860 1
66861 14
66862 2
66863 6
66864 6
66865 4
66866 3
66867 2
66868 4
66869 1
66870 2
66871 1
66872 2
66873 0
66874 7
66875 1
66876 0
66877 12
66878 9
66879 3
66880 6
66881 3
66882 4
66883 6
66884 1
66885 6
66886 5
66887 4
66888 7
66889 9
66890 2
66891 1
66892 1
66893 3
66894 3
66895 3
66896 6
66897 2
66898 3
66899 7
66900 4
66901 3
66902 1
66903 2
66904 3
66905 1
66906 1
66907 5
66908 1
66909 2
66910 2
66911 1
66912 7
66913 1
66914 6
66915 2
66916 1
66917 3
66918 1
66919 3
66920 4
66921 6
66922 16
66923 5
66924 8
66925 6
66926 1
66927 7
66928 33
66929 7
66930 2
66931 2
66932 3
66933 1
66934 4
66935 2
66936 4
66937 2
66938 4
66939 2
66940 3
66941 2
66942 8
66943 2
66944 5
66945 0
66946 6
66947 7
66948 7
66949 3
66950 6
66951 3
66952 3
66953 2
66954 1
66955 2
66956 0
66957 3
66958 3
66959 1
66960 26
66961 3
66962 2
66963 4
66964 2
66965 2
66966 3
66967 1
66968 1
66969 4
66970 3
66971 1
66972 1
66973 5
66974 1
66975 6
66976 8
66977 21
66978 14
66979 4
66980 4
66981 0
66982 0
66983 1
66984 0
66985 3
66986 2
66987 2
66988 2
66989 2
66990 30
66991 1
66992 26
66993 3
66994 2
66995 2
66996 6
66997 5
66998 0
66999 4
67000 5
67001 0
67002 0
67003 5
67004 1
67005 1
67006 6
67007 6
67008 2
67009 4
67010 4
67011 0
67012 7
67013 2
67014 3
67015 3
67016 0
67017 6
67018 3
67019 0
67020 3
67021 2
67022 2
67023 3
67024 5
67025 4
67026 1
67027 2
67028 1
67029 0
67030 3
67031 4
67032 13
67033 2
67034 0
67035 4
67036 1
67037 3
67038 1
67039 2
67040 8
67041 1
67042 2
67043 3
67044 8
67045 1
67046 2
67047 2
67048 1
67049 6
67050 2
67051 0
67052 0
67053 5
67054 8
67055 1
67056 5
67057 7
67058 1
67059 0
67060 3
67061 7
67062 2
67063 2
67064 5
67065 3
67066 9
67067 1
67068 11
67069 4
67070 4
67071 2
67072 18
67073 11
67074 1
67075 1
67076 1
67077 0
67078 2
67079 8
67080 3
67081 40
67082 1
67083 2
67084 2
67085 0
67086 3
67087 0
67088 5
67089 4
67090 4
67091 3
67092 3
67093 2
67094 1
67095 24
67096 4
67097 0
67098 0
67099 2
67100 5
67101 2
67102 0
67103 11
67104 14
67105 9
67106 3
67107 4
67108 3
67109 1
67110 0
67111 1
67112 1
67113 3
67114 1
67115 6
67116 3
67117 2
67118 2
67119 1
67120 0
67121 4
67122 7
67123 5
67124 1
67125 2
67126 1
67127 1
67128 3
67129 3
67130 3
67131 4
67132 3
67133 3
67134 1
67135 2
67136 3
67137 1
67138 4
67139 3
67140 3
67141 6
67142 0
67143 1
67144 4
67145 0
67146 9
67147 3
67148 0
67149 0
67150 1
67151 0
67152 8
67153 3
67154 0
67155 3
67156 6
67157 6
67158 16
67159 9
67160 1
67161 5
67162 2
67163 0
67164 2
67165 6
67166 4
67167 3
67168 2
67169 8
67170 2
67171 17
67172 3
67173 2
67174 0
67175 0
67176 4
67177 3
67178 0
67179 1
67180 5
67181 6
67182 3
67183 4
67184 12
67185 3
67186 0
67187 7
67188 6
67189 6
67190 0
67191 4
67192 0
67193 0
67194 2
67195 5
67196 3
67197 0
67198 7
67199 8
67200 45
67201 2
67202 0
67203 3
67204 6
67205 2
67206 1
67207 4
67208 0
67209 5
67210 6
67211 6
67212 2
67213 10
67214 4
67215 6
67216 4
67217 7
67218 3
67219 5
67220 7
67221 1
67222 2
67223 6
67224 0
67225 0
67226 3
67227 5
67228 32
67229 4
67230 0
67231 9
67232 8
67233 2
67234 5
67235 4
67236 2
67237 4
67238 0
67239 10
67240 16
67241 6
67242 3
67243 2
67244 2
67245 1
67246 1
67247 4
67248 2
67249 2
67250 0
67251 7
67252 2
67253 2
67254 0
67255 1
67256 1
67257 1
67258 2
67259 0
67260 10
67261 5
67262 0
67263 5
67264 7
67265 3
67266 8
67267 0
67268 1
67269 2
67270 4
67271 10
67272 5
67273 6
67274 0
67275 2
67276 4
67277 2
67278 3
67279 4
67280 5
67281 8
67282 1
67283 2
67284 19
67285 3
67286 0
67287 3
67288 1
67289 2
67290 1
67291 3
67292 2
67293 1
67294 1
67295 5
67296 3
67297 3
67298 13
67299 0
67300 1
67301 3
67302 1
67303 2
67304 6
67305 2
67306 2
67307 5
67308 2
67309 1
67310 3
67311 6
67312 2
67313 2
67314 4
67315 0
67316 4
67317 0
67318 1
67319 3
67320 18
67321 3
67322 1
67323 2
67324 1
67325 0
67326 4
67327 4
67328 8
67329 2
67330 7
67331 3
67332 0
67333 3
67334 1
67335 3
67336 2
67337 5
67338 1
67339 3
67340 4
67341 2
67342 1
67343 2
67344 7
67345 4
67346 3
67347 9
67348 4
67349 5
67350 3
67351 2
67352 0
67353 3
67354 6
67355 2
67356 6
67357 3
67358 1
67359 1
67360 1
67361 4
67362 1
67363 3
67364 3
67365 8
67366 3
67367 1
67368 5
67369 2
67370 0
67371 1
67372 4
67373 1
67374 2
67375 21
67376 4
67377 3
67378 1
67379 2
67380 4
67381 2
67382 4
67383 2
67384 3
67385 2
67386 0
67387 2
67388 1
67389 1
67390 5
67391 3
67392 13
67393 3
67394 2
67395 0
67396 4
67397 0
67398 1
67399 8
67400 2
67401 2
67402 2
67403 5
67404 7
67405 14
67406 0
67407 0
67408 3
67409 14
67410 5
67411 14
67412 2
67413 1
67414 3
67415 3
67416 2
67417 0
67418 2
67419 2
67420 2
67421 10
67422 1
67423 1
67424 3
67425 4
67426 5
67427 7
67428 3
67429 1
67430 2
67431 12
67432 1
67433 4
67434 2
67435 0
67436 3
67437 1
67438 3
67439 0
67440 2
67441 2
67442 10
67443 2
67444 1
67445 1
67446 2
67447 10
67448 4
67449 8
67450 3
67451 4
67452 9
67453 4
67454 0
67455 6
67456 4
67457 3
67458 3
67459 2
67460 2
67461 1
67462 2
67463 0
67464 3
67465 4
67466 2
67467 2
67468 1
67469 0
67470 3
67471 2
67472 6
67473 4
67474 2
67475 7
67476 2
67477 7
67478 3
67479 3
67480 4
67481 1
67482 1
67483 1
67484 0
67485 2
67486 1
67487 3
67488 8
67489 10
67490 2
67491 1
67492 3
67493 4
67494 0
67495 0
67496 1
67497 3
67498 0
67499 7
67500 29
67501 2
67502 0
67503 1
67504 0
67505 0
67506 2
67507 4
67508 3
67509 6
67510 0
67511 4
67512 5
67513 3
67514 1
67515 3
67516 1
67517 4
67518 10
67519 2
67520 4
67521 1
67522 2
67523 4
67524 7
67525 14
67526 1
67527 4
67528 7
67529 6
67530 2
67531 7
67532 1
67533 2
67534 1
67535 3
67536 8
67537 8
67538 1
67539 1
67540 1
67541 5
67542 3
67543 1
67544 2
67545 4
67546 0
67547 3
67548 4
67549 2
67550 1
67551 5
67552 3
67553 2
67554 5
67555 0
67556 4
67557 2
67558 1
67559 3
67560 6
67561 1
67562 7
67563 3
67564 6
67565 1
67566 0
67567 13
67568 3
67569 1
67570 0
67571 6
67572 2
67573 1
67574 6
67575 0
67576 2
67577 7
67578 5
67579 3
67580 5
67581 3
67582 3
67583 9
67584 47
67585 15
67586 6
67587 2
67588 1
67589 4
67590 4
67591 8
67592 4
67593 1
67594 3
67595 6
67596 4
67597 4
67598 1
67599 4
67600 48
67601 6
67602 2
67603 1
67604 5
67605 0
67606 4
67607 4
67608 3
67609 4
67610 3
67611 2
67612 1
67613 5
67614 1
67615 2
67616 7
67617 3
67618 1
67619 5
67620 13
67621 2
67622 1
67623 1
67624 4
67625 1
67626 15
67627 2
67628 11
67629 2
67630 4
67631 3
67632 3
67633 2
67634 3
67635 6
67636 3
67637 2
67638 2
67639 2
67640 6
67641 1
67642 2
67643 1
67644 2
67645 2
67646 4
67647 3
67648 3
67649 4
67650 26
67651 11
67652 1
67653 3
67654 2
67655 1
67656 3
67657 2
67658 1
67659 5
67660 2
67661 1
67662 1
67663 1
67664 3
67665 2
67666 3
67667 2
67668 1
67669 3
67670 2
67671 3
67672 2
67673 9
67674 3
67675 1
67676 10
67677 2
67678 5
67679 8
67680 4
67681 7
67682 2
67683 0
67684 6
67685 3
67686 1
67687 3
67688 8
67689 5
67690 1
67691 2
67692 4
67693 2
67694 1
67695 1
67696 1
67697 0
67698 1
67699 9
67700 1
67701 0
67702 1
67703 1
67704 4
67705 2
67706 3
67707 1
67708 1
67709 4
67710 5
67711 1
67712 9
67713 2
67714 7
67715 3
67716 12
67717 6
67718 6
67719 1
67720 2
67721 8
67722 2
67723 12
67724 3
67725 4
67726 1
67727 4
67728 7
67729 7
67730 4
67731 0
67732 1
67733 8
67734 3
67735 5
67736 0
67737 1
67738 3
67739 3
67740 2
67741 5
67742 1
67743 5
67744 3
67745 1
67746 2
67747 2
67748 1
67749 0
67750 2
67751 3
67752 3
67753 1
67754 1
67755 0
67756 3
67757 5
67758 2
67759 3
67760 5
67761 4
67762 1
67763 5
67764 1
67765 4
67766 2
67767 3
67768 3
67769 0
67770 0
67771 2
67772 3
67773 2
67774 9
67775 2
67776 17
67777 27
67778 0
67779 1
67780 3
67781 0
67782 3
67783 3
67784 3
67785 1
67786 0
67787 0
67788 17
67789 6
67790 1
67791 7
67792 9
67793 2
67794 1
67795 2
67796 2
67797 11
67798 2
67799 2
67800 3
67801 4
67802 0
67803 3
67804 4
67805 5
67806 2
67807 5
67808 2
67809 2
67810 2
67811 3
67812 1
67813 1
67814 2
67815 1
67816 3
67817 0
67818 2
67819 2
67820 5
67821 4
67822 1
67823 1
67824 4
67825 0
67826 4
67827 1
67828 1
67829 1
67830 29
67831 1
67832 0
67833 1
67834 6
67835 1
67836 2
67837 1
67838 1
67839 2
67840 9
67841 0
67842 1
67843 5
67844 2
67845 1
67846 2
67847 2
67848 0
67849 7
67850 3
67851 7
67852 4
67853 2
67854 2
67855 0
67856 4
67857 2
67858 5
67859 5
67860 15
67861 18
67862 0
67863 4
67864 11
67865 2
67866 1
67867 7
67868 2
67869 1
67870 2
67871 2
67872 4
67873 2
67874 0
67875 9
67876 6
67877 0
67878 2
67879 2
67880 3
67881 5
67882 2
67883 7
67884 7
67885 2
67886 0
67887 2
67888 2
67889 3
67890 9
67891 20
67892 3
67893 2
67894 0
67895 2
67896 14
67897 0
67898 4
67899 1
67900 6
67901 3
67902 3
67903 2
67904 5
67905 0
67906 0
67907 2
67908 5
67909 0
67910 2
67911 2
67912 2
67913 0
67914 4
67915 1
67916 0
67917 2
67918 0
67919 3
67920 3
67921 7
67922 2
67923 1
67924 3
67925 5
67926 2
67927 7
67928 2
67929 1
67930 0
67931 6
67932 3
67933 3
67934 1
67935 0
67936 6
67937 6
67938 2
67939 2
67940 4
67941 1
67942 1
67943 2
67944 4
67945 2
67946 1
67947 15
67948 2
67949 0
67950 10
67951 4
67952 4
67953 0
67954 0
67955 1
67956 9
67957 10
67958 2
67959 1
67960 1
67961 4
67962 5
67963 4
67964 1
67965 2
67966 1
67967 4
67968 16
67969 1
67970 0
67971 1
67972 4
67973 4
67974 0
67975 2
67976 3
67977 4
67978 0
67979 6
67980 2
67981 0
67982 1
67983 2
67984 5
67985 9
67986 2
67987 3
67988 0
67989 2
67990 1
67991 4
67992 3
67993 6
67994 1
67995 0
67996 3
67997 3
67998 2
67999 2
68000 11
68001 6
68002 1
68003 0
68004 1
68005 1
68006 6
68007 1
68008 3
68009 0
68010 2
68011 0
68012 0
68013 3
68014 2
68015 3
68016 6
68017 3
68018 4
68019 3
68020 3
68021 4
68022 4
68023 3
68024 7
68025 3
68026 2
68027 1
68028 2
68029 1
68030 1
68031 0
68032 7
68033 7
68034 9
68035 3
68036 6
68037 4
68038 2
68039 1
68040 42
68041 11
68042 4
68043 5
68044 2
68045 0
68046 1
68047 2
68048 3
68049 2
68050 4
68051 1
68052 5
68053 2
68054 1
68055 1
68056 2
68057 3
68058 3
68059 7
68060 10
68061 1
68062 1
68063 3
68064 9
68065 0
68066 1
68067 3
68068 27
68069 4
68070 0
68071 3
68072 7
68073 0
68074 3
68075 1
68076 11
68077 0
68078 5
68079 2
68080 8
68081 5
68082 1
68083 2
68084 1
68085 4
68086 11
68087 4
68088 6
68089 6
68090 1
68091 0
68092 5
68093 0
68094 2
68095 1
68096 14
68097 3
68098 7
68099 10
68100 2
68101 36
68102 0
68103 5
68104 6
68105 2
68106 2
68107 3
68108 1
68109 1
68110 2
68111 16
68112 13
68113 8
68114 0
68115 3
68116 0
68117 3
68118 0
68119 0
68120 6
68121 25
68122 5
68123 6
68124 1
68125 8
68126 0
68127 1
68128 0
68129 4
68130 4
68131 9
68132 3
68133 2
68134 2
68135 5
68136 4
68137 3
68138 0
68139 3
68140 2
68141 6
68142 1
68143 5
68144 4
68145 7
68146 0
68147 4
68148 1
68149 1
68150 6
68151 4
68152 0
68153 3
68154 2
68155 1
68156 0
68157 0
68158 2
68159 0
68160 10
68161 8
68162 0
68163 5
68164 1
68165 2
68166 7
68167 1
68168 0
68169 0
68170 2
68171 3
68172 1
68173 2
68174 3
68175 1
68176 4
68177 4
68178 3
68179 1
68180 8
68181 2
68182 3
68183 3
68184 3
68185 2
68186 1
68187 2
68188 0
68189 4
68190 4
68191 7
68192 7
68193 2
68194 1
68195 1
68196 1
68197 0
68198 1
68199 0
68200 9
68201 9
68202 1
68203 0
68204 2
68205 2
68206 1
68207 9
68208 10
68209 4
68210 1
68211 8
68212 3
68213 4
68214 0
68215 2
68216 2
68217 0
68218 2
68219 6
68220 7
68221 0
68222 3
68223 3
68224 6
68225 3
68226 5
68227 4
68228 2
68229 1
68230 4
68231 2
68232 4
68233 2
68234 2
68235 1
68236 4
68237 6
68238 1
68239 7
68240 4
68241 1
68242 0
68243 2
68244 2
68245 3
68246 0
68247 1
68248 2
68249 2
68250 13
68251 27
68252 3
68253 6
68254 1
68255 2
68256 5
68257 3
68258 3
68259 3
68260 12
68261 5
68262 1
68263 4
68264 11
68265 9
68266 2
68267 1
68268 9
68269 1
68270 0
68271 2
68272 5
68273 0
68274 0
68275 1
68276 4
68277 0
68278 2
68279 3
68280 2
68281 6
68282 8
68283 3
68284 3
68285 3
68286 6
68287 2
68288 2
68289 0
68290 9
68291 4
68292 1
68293 0
68294 0
68295 6
68296 1
68297 2
68298 2
68299 1
68300 2
68301 3
68302 6
68303 9
68304 2
68305 3
68306 3
68307 1
68308 4
68309 2
68310 5
68311 8
68312 4
68313 4
68314 1
68315 0
68316 1
68317 0
68318 2
68319 0
68320 16
68321 2
68322 5
68323 2
68324 2
68325 3
68326 4
68327 2
68328 4
68329 3
68330 1
68331 6
68332 0
68333 4
68334 2
68335 1
68336 4
68337 1
68338 2
68339 1
68340 3
68341 7
68342 6
68343 0
68344 1
68345 3
68346 3
68347 3
68348 4
68349 2
68350 1
68351 4
68352 12
68353 2
68354 8
68355 9
68356 3
68357 0
68358 1
68359 2
68360 2
68361 3
68362 4
68363 1
68364 3
68365 0
68366 1
68367 2
68368 2
68369 2
68370 4
68371 3
68372 2
68373 0
68374 2
68375 2
68376 7
68377 5
68378 0
68379 3
68380 3
68381 4
68382 0
68383 3
68384 3
68385 6
68386 2
68387 2
68388 0
68389 2
68390 3
68391 4
68392 2
68393 2
68394 1
68395 2
68396 0
68397 4
68398 1
68399 7
68400 21
68401 5
68402 1
68403 6
68404 3
68405 4
68406 3
68407 2
68408 4
68409 3
68410 2
68411 1
68412 0
68413 2
68414 1
68415 0
68416 1
68417 2
68418 1
68419 3
68420 2
68421 2
68422 1
68423 3
68424 2
68425 9
68426 3
68427 2
68428 2
68429 1
68430 1
68431 2
68432 5
68433 2
68434 0
68435 1
68436 1
68437 5
68438 4
68439 0
68440 4
68441 5
68442 1
68443 6
68444 2
68445 7
68446 2
68447 7
68448 6
68449 12
68450 5
68451 2
68452 4
68453 2
68454 1
68455 4
68456 4
68457 4
68458 5
68459 2
68460 6
68461 2
68462 1
68463 1
68464 8
68465 3
68466 0
68467 0
68468 1
68469 1
68470 6
68471 0
68472 3
68473 3
68474 14
68475 5
68476 4
68477 6
68478 1
68479 3
68480 2
68481 2
68482 3
68483 5
68484 4
68485 1
68486 1
68487 1
68488 2
68489 5
68490 3
68491 5
68492 0
68493 2
68494 3
68495 4
68496 2
68497 7
68498 4
68499 2
68500 4
68501 3
68502 3
68503 3
68504 3
68505 2
68506 3
68507 1
68508 8
68509 1
68510 4
68511 1
68512 2
68513 4
68514 3
68515 3
68516 1
68517 2
68518 2
68519 2
68520 8
68521 3
68522 2
68523 4
68524 7
68525 1
68526 5
68527 2
68528 3
68529 3
68530 1
68531 2
68532 1
68533 0
68534 0
68535 0
68536 0
68537 1
68538 1
68539 4
68540 1
68541 5
68542 1
68543 7
68544 21
68545 2
68546 3
68547 3
68548 1
68549 2
68550 3
68551 5
68552 6
68553 2
68554 1
68555 0
68556 1
68557 2
68558 3
68559 1
68560 2
68561 4
68562 0
68563 0
68564 2
68565 0
68566 0
68567 1
68568 3
68569 4
68570 5
68571 0
68572 2
68573 0
68574 0
68575 2
68576 3
68577 2
68578 3
68579 2
68580 4
68581 3
68582 4
68583 2
68584 2
68585 3
68586 2
68587 7
68588 0
68589 5
68590 10
68591 4
68592 3
68593 5
68594 2
68595 7
68596 1
68597 9
68598 0
68599 4
68600 12
68601 2
68602 2
68603 4
68604 0
68605 4
68606 2
68607 16
68608 14
68609 1
68610 1
68611 2
68612 2
68613 7
68614 4
68615 2
68616 2
68617 2
68618 0
68619 1
68620 1
68621 0
68622 1
68623 0
68624 1
68625 0
68626 1
68627 2
68628 4
68629 0
68630 0
68631 2
68632 4
68633 5
68634 2
68635 5
68636 2
68637 4
68638 3
68639 9
68640 16
68641 8
68642 2
68643 3
68644 30
68645 2
68646 2
68647 2
68648 2
68649 2
68650 1
68651 0
68652 3
68653 4
68654 1
68655 1
68656 5
68657 1
68658 1
68659 5
68660 1
68661 3
68662 6
68663 3
68664 7
68665 1
68666 2
68667 2
68668 4
68669 3
68670 4
68671 4
68672 5
68673 4
68674 2
68675 4
68676 2
68677 4
68678 1
68679 2
68680 2
68681 7
68682 1
68683 10
68684 2
68685 6
68686 2
68687 4
68688 10
68689 0
68690 0
68691 0
68692 5
68693 0
68694 4
68695 1
68696 7
68697 8
68698 1
68699 7
68700 0
68701 3
68702 0
68703 1
68704 4
68705 6
68706 2
68707 3
68708 0
68709 0
68710 1
68711 1
68712 10
68713 6
68714 0
68715 2
68716 3
68717 2
68718 1
68719 4
68720 2
68721 2
68722 4
68723 3
68724 4
68725 1
68726 4
68727 7
68728 2
68729 3
68730 2
68731 2
68732 3
68733 4
68734 1
68735 4
68736 9
68737 4
68738 1
68739 0
68740 3
68741 3
68742 0
68743 4
68744 2
68745 7
68746 2
68747 2
68748 2
68749 4
68750 8
68751 5
68752 3
68753 3
68754 1
68755 0
68756 2
68757 7
68758 6
68759 3
68760 8
68761 4
68762 0
68763 0
68764 2
68765 1
68766 3
68767 4
68768 1
68769 5
68770 0
68771 1
68772 7
68773 2
68774 5
68775 7
68776 1
68777 9
68778 4
68779 2
68780 3
68781 4
68782 1
68783 6
68784 0
68785 4
68786 0
68787 4
68788 1
68789 1
68790 5
68791 1
68792 0
68793 2
68794 3
68795 1
68796 20
68797 5
68798 8
68799 1
68800 11
68801 2
68802 2
68803 2
68804 1
68805 2
68806 1
68807 5
68808 0
68809 1
68810 1
68811 4
68812 0
68813 5
68814 3
68815 0
68816 8
68817 3
68818 2
68819 12
68820 6
68821 8
68822 1
68823 1
68824 2
68825 2
68826 1
68827 2
68828 4
68829 1
68830 7
68831 1
68832 9
68833 6
68834 4
68835 2
68836 3
68837 1
68838 6
68839 8
68840 2
68841 4
68842 3
68843 3
68844 0
68845 5
68846 1
68847 1
68848 0
68849 2
68850 12
68851 2
68852 0
68853 7
68854 2
68855 1
68856 5
68857 6
68858 0
68859 8
68860 5
68861 2
68862 2
68863 8
68864 2
68865 2
68866 1
68867 0
68868 4
68869 3
68870 3
68871 2
68872 1
68873 2
68874 2
68875 4
68876 6
68877 0
68878 2
68879 8
68880 34
68881 23
68882 3
68883 1
68884 1
68885 1
68886 5
68887 5
68888 10
68889 11
68890 8
68891 13
68892 7
68893 2
68894 2
68895 3
68896 4
68897 11
68898 5
68899 12
68900 7
68901 2
68902 2
68903 11
68904 8
68905 3
68906 13
68907 1
68908 4
68909 12
68910 3
68911 0
68912 3
68913 10
68914 5
68915 3
68916 6
68917 9
68918 2
68919 4
68920 11
68921 161
68922 24
68923 5
68924 3
68925 3
68926 2
68927 9
68928 6
68929 4
68930 1
68931 4
68932 3
68933 2
68934 1
68935 3
68936 1
68937 5
68938 3
68939 2
68940 6
68941 1
68942 4
68943 1
68944 3
68945 3
68946 1
68947 7
68948 1
68949 2
68950 2
68951 7
68952 10
68953 2
68954 3
68955 3
68956 2
68957 1
68958 4
68959 0
68960 2
68961 6
68962 6
68963 12
68964 4
68965 5
68966 3
68967 2
68968 2
68969 3
68970 7
68971 2
68972 3
68973 3
68974 2
68975 0
68976 9
68977 1
68978 3
68979 0
68980 1
68981 4
68982 5
68983 1
68984 1
68985 6
68986 5
68987 0
68988 2
68989 2
68990 3
68991 2
68992 16
68993 4
68994 3
68995 0
68996 1
68997 1
68998 1
68999 9
69000 3
69001 9
69002 6
69003 5
69004 3
69005 0
69006 10
69007 4
69008 6
69009 1
69010 1
69011 4
69012 4
69013 1
69014 2
69015 2
69016 0
69017 0
69018 2
69019 1
69020 6
69021 0
69022 2
69023 10
69024 6
69025 7
69026 4
69027 2
69028 3
69029 6
69030 5
69031 5
69032 1
69033 3
69034 3
69035 0
69036 3
69037 3
69038 0
69039 3
69040 2
69041 1
69042 3
69043 1
69044 4
69045 7
69046 3
69047 0
69048 9
69049 5
69050 4
69051 2
69052 6
69053 0
69054 0
69055 1
69056 6
69057 1
69058 1
69059 0
69060 6
69061 3
69062 2
69063 3
69064 0
69065 2
69066 3
69067 1
69068 3
69069 12
69070 2
69071 7
69072 2
69073 6
69074 1
69075 1
69076 2
69077 2
69078 2
69079 2
69080 2
69081 0
69082 1
69083 1
69084 6
69085 2
69086 2
69087 3
69088 5
69089 5
69090 4
69091 1
69092 3
69093 3
69094 2
69095 3
69096 8
69097 1
69098 3
69099 1
69100 1
69101 1
69102 4
69103 1
69104 2
69105 2
69106 4
69107 5
69108 1
69109 3
69110 0
69111 3
69112 0
69113 3
69114 4
69115 2
69116 3
69117 0
69118 1
69119 8
69120 98
69121 9
69122 4
69123 1
69124 3
69125 5
69126 1
69127 6
69128 3
69129 0
69130 1
69131 0
69132 3
69133 8
69134 0
69135 0
69136 7
69137 3
69138 1
69139 4
69140 1
69141 0
69142 5
69143 4
69144 0
69145 0
69146 2
69147 3
69148 5
69149 5
69150 1
69151 7
69152 5
69153 0
69154 0
69155 6
69156 3
69157 3
69158 0
69159 0
69160 12
69161 7
69162 3
69163 6
69164 2
69165 3
69166 0
69167 7
69168 14
69169 65
69170 2
69171 4
69172 1
69173 3
69174 8
69175 2
69176 1
69177 3
69178 2
69179 3
69180 5
69181 3
69182 0
69183 1
69184 6
69185 0
69186 2
69187 1
69188 1
69189 4
69190 3
69191 16
69192 9
69193 12
69194 4
69195 3
69196 6
69197 6
69198 7
69199 4
69200 4
69201 2
69202 0
69203 6
69204 0
69205 2
69206 0
69207 0
69208 1
69209 1
69210 3
69211 1
69212 0
69213 0
69214 3
69215 1
69216 2
69217 1
69218 1
69219 0
69220 1
69221 4
69222 0
69223 2
69224 4
69225 3
69226 1
69227 0
69228 3
69229 4
69230 5
69231 3
69232 1
69233 3
69234 1
69235 5
69236 1
69237 2
69238 0
69239 1
69240 3
69241 2
69242 3
69243 1
69244 6
69245 0
69246 1
69247 13
69248 1
69249 1
69250 3
69251 3
69252 1
69253 4
69254 2
69255 6
69256 1
69257 4
69258 2
69259 0
69260 3
69261 6
69262 2
69263 9
69264 37
69265 5
69266 2
69267 2
69268 1
69269 4
69270 9
69271 2
69272 3
69273 3
69274 5
69275 3
69276 5
69277 2
69278 0
69279 2
69280 10
69281 6
69282 3
69283 5
69284 1
69285 1
69286 0
69287 3
69288 2
69289 4
69290 3
69291 2
69292 3
69293 1
69294 4
69295 2
69296 4
69297 2
69298 4
69299 6
69300 86
69301 3
69302 5
69303 0
69304 4
69305 2
69306 3
69307 2
69308 1
69309 1
69310 1
69311 6
69312 8
69313 9
69314 4
69315 2
69316 1
69317 3
69318 1
69319 1
69320 3
69321 4
69322 4
69323 1
69324 4
69325 1
69326 1
69327 0
69328 6
69329 1
69330 1
69331 5
69332 3
69333 3
69334 3
69335 1
69336 17
69337 5
69338 7
69339 2
69340 2
69341 4
69342 4
69343 1
69344 0
69345 6
69346 2
69347 4
69348 4
69349 0
69350 3
69351 4
69352 4
69353 0
69354 4
69355 4
69356 8
69357 5
69358 1
69359 1
69360 14
69361 5
69362 1
69363 3
69364 1
69365 0
69366 5
69367 3
69368 4
69369 4
69370 2
69371 4
69372 1
69373 2
69374 1
69375 7
69376 7
69377 3
69378 3
69379 6
69380 1
69381 1
69382 1
69383 3
69384 4
69385 1
69386 0
69387 1
69388 2
69389 11
69390 2
69391 3
69392 1
69393 1
69394 1
69395 3
69396 0
69397 1
69398 3
69399 2
69400 2
69401 2
69402 3
69403 4
69404 1
69405 8
69406 1
69407 1
69408 3
69409 1
69410 3
69411 0
69412 1
69413 11
69414 4
69415 0
69416 0
69417 1
69418 0
69419 1
69420 4
69421 3
69422 2
69423 1
69424 1
69425 0
69426 1
69427 6
69428 1
69429 3
69430 1
69431 8
69432 4
69433 1
69434 2
69435 0
69436 0
69437 2
69438 0
69439 1
69440 2
69441 3
69442 1
69443 0
69444 2
69445 6
69446 2
69447 3
69448 0
69449 1
69450 4
69451 8
69452 2
69453 4
69454 1
69455 1
69456 4
69457 5
69458 0
69459 2
69460 2
69461 1
69462 4
69463 1
69464 2
69465 2
69466 0
69467 6
69468 5
69469 2
69470 1
69471 1
69472 5
69473 3
69474 0
69475 4
69476 3
69477 1
69478 1
69479 2
69480 10
69481 12
69482 2
69483 3
69484 0
69485 1
69486 0
69487 3
69488 6
69489 2
69490 5
69491 8
69492 4
69493 3
69494 2
69495 3
69496 6
69497 12
69498 13
69499 14
69500 2
69501 1
69502 0
69503 3
69504 5
69505 0
69506 1
69507 0
69508 1
69509 2
69510 5
69511 2
69512 1
69513 2
69514 3
69515 1
69516 6
69517 0
69518 1
69519 0
69520 4
69521 2
69522 0
69523 0
69524 0
69525 1
69526 3
69527 2
69528 0
69529 1
69530 1
69531 7
69532 2
69533 0
69534 1
69535 1
69536 5
69537 3
69538 1
69539 6
69540 1
69541 4
69542 2
69543 1
69544 2
69545 4
69546 0
69547 2
69548 0
69549 2
69550 1
69551 1
69552 27
69553 7
69554 4
69555 0
69556 0
69557 10
69558 2
69559 3
69560 7
69561 4
69562 0
69563 1
69564 5
69565 2
69566 3
69567 3
69568 5
69569 0
69570 2
69571 2
69572 0
69573 5
69574 0
69575 6
69576 7
69577 1
69578 1
69579 2
69580 2
69581 2
69582 3
69583 1
69584 4
69585 4
69586 2
69587 3
69588 2
69589 1
69590 0
69591 2
69592 1
69593 13
69594 2
69595 0
69596 5
69597 6
69598 1
69599 4
69600 6
69601 6
69602 1
69603 1
69604 2
69605 3
69606 1
69607 1
69608 5
69609 2
69610 2
69611 1
69612 6
69613 2
69614 6
69615 43
69616 3
69617 2
69618 0
69619 0
69620 4
69621 3
69622 0
69623 16
69624 4
69625 3
69626 3
69627 1
69628 2
69629 10
69630 3
69631 9
69632 107
69633 5
69634 3
69635 4
69636 6
69637 1
69638 2
69639 1
69640 1
69641 2
69642 2
69643 4
69644 1
69645 3
69646 1
69647 4
69648 6
69649 14
69650 3
69651 3
69652 3
69653 3
69654 2
69655 1
69656 3
69657 2
69658 1
69659 4
69660 1
69661 3
69662 3
69663 5
69664 5
69665 1
69666 3
69667 3
69668 0
69669 1
69670 1
69671 7
69672 6
69673 1
69674 4
69675 1
69676 2
69677 4
69678 2
69679 2
69680 4
69681 2
69682 1
69683 8
69684 3
69685 2
69686 2
69687 4
69688 4
69689 2
69690 2
69691 4
69692 5
69693 1
69694 3
69695 3
69696 119
69697 22
69698 3
69699 2
69700 5
69701 4
69702 2
69703 0
69704 3
69705 3
69706 2
69707 3
69708 3
69709 3
69710 0
69711 1
69712 3
69713 1
69714 6
69715 1
69716 1
69717 0
69718 5
69719 4
69720 14
69721 5
69722 2
69723 4
69724 3
69725 1
69726 3
69727 4
69728 3
69729 6
69730 3
69731 1
69732 4
69733 0
69734 4
69735 2
69736 3
69737 4
69738 1
69739 0
69740 2
69741 4
69742 0
69743 0
69744 4
69745 13
69746 1
69747 1
69748 4
69749 5
69750 4
69751 14
69752 2
69753 1
69754 1
69755 1
69756 0
69757 1
69758 0
69759 1
69760 7
69761 6
69762 6
69763 2
69764 2
69765 4
69766 5
69767 6
69768 22
69769 3
69770 1
69771 0
69772 2
69773 1
69774 2
69775 1
69776 3
69777 1
69778 0
69779 6
69780 3
69781 8
69782 3
69783 1
69784 14
69785 1
69786 0
69787 1
69788 2
69789 0
69790 1
69791 2
69792 7
69793 1
69794 1
69795 1
69796 1
69797 1
69798 3
69799 0
69800 0
69801 1
69802 2
69803 1
69804 6
69805 3
69806 1
69807 0
69808 3
69809 4
69810 1
69811 1
69812 3
69813 1
69814 0
69815 2
69816 2
69817 2
69818 1
69819 3
69820 1
69821 5
69822 3
69823 6
69824 4
69825 9
69826 1
69827 8
69828 8
69829 9
69830 0
69831 5
69832 5
69833 3
69834 5
69835 2
69836 1
69837 3
69838 1
69839 1
69840 14
69841 4
69842 3
69843 1
69844 1
69845 3
69846 3
69847 2
69848 2
69849 2
69850 1
69851 1
69852 6
69853 5
69854 2
69855 2
69856 6
69857 12
69858 6
69859 4
69860 2
69861 3
69862 4
69863 6
69864 1
69865 4
69866 1
69867 0
69868 2
69869 3
69870 2
69871 0
69872 1
69873 3
69874 5
69875 4
69876 8
69877 5
69878 3
69879 0
69880 2
69881 1
69882 1
69883 4
69884 2
69885 3
69886 5
69887 1
69888 28
69889 4
69890 2
69891 1
69892 4
69893 1
69894 4
69895 0
69896 2
69897 5
69898 3
69899 5
69900 7
69901 2
69902 3
69903 3
69904 12
69905 62
69906 12
69907 7
69908 3
69909 2
69910 0
69911 0
69912 6
69913 5
69914 2
69915 5
69916 7
69917 5
69918 5
69919 4
69920 12
69921 14
69922 5
69923 7
69924 4
69925 0
69926 7
69927 8
69928 2
69929 6
69930 10
69931 9
69932 4
69933 5
69934 5
69935 3
69936 6
69937 6
69938 6
69939 11
69940 10
69941 6
69942 3
69943 5
69944 6
69945 6
69946 3
69947 4
69948 2
69949 4
69950 1
69951 2
69952 11
69953 3
69954 0
69955 3
69956 1
69957 2
69958 4
69959 7
69960 10
69961 3
69962 2
69963 2
69964 1
69965 4
69966 3
69967 4
69968 3
69969 2
69970 0
69971 3
69972 11
69973 3
69974 2
69975 1
69976 4
69977 4
69978 4
69979 3
69980 1
69981 1
69982 4
69983 8
69984 94
69985 8
69986 3
69987 2
69988 7
69989 3
69990 4
69991 8
69992 1
69993 6
69994 0
69995 2
69996 11
69997 14
69998 3
69999 26
70000 56
70001 28
70002 4
70003 12
70004 3
70005 4
70006 1
70007 14
70008 0
70009 10
70010 3
70011 2
70012 2
70013 0
70014 0
70015 0
70016 5
70017 0
70018 2
70019 1
70020 12
70021 3
70022 4
70023 4
70024 3
70025 1
70026 0
70027 4
70028 3
70029 0
70030 3
70031 0
70032 6
70033 0
70034 2
70035 7
70036 2
70037 12
70038 2
70039 3
70040 3
70041 1
70042 4
70043 1
70044 6
70045 6
70046 1
70047 1
70048 3
70049 0
70050 2
70051 6
70052 0
70053 1
70054 0
70055 2
70056 2
70057 1
70058 3
70059 2
70060 1
70061 5
70062 0
70063 1
70064 6
70065 2
70066 2
70067 8
70068 1
70069 0
70070 18
70071 1
70072 0
70073 0
70074 1
70075 2
70076 2
70077 2
70078 2
70079 13
70080 8
70081 1
70082 1
70083 2
70084 1
70085 0
70086 1
70087 3
70088 0
70089 1
70090 2
70091 6
70092 5
70093 4
70094 1
70095 1
70096 5
70097 1
70098 9
70099 4
70100 4
70101 6
70102 1
70103 4
70104 4
70105 0
70106 1
70107 11
70108 0
70109 3
70110 6
70111 10
70112 4
70113 1
70114 0
70115 0
70116 3
70117 8
70118 0
70119 3
70120 3
70121 3
70122 3
70123 5
70124 1
70125 17
70126 1
70127 6
70128 4
70129 3
70130 4
70131 0
70132 4
70133 1
70134 3
70135 5
70136 3
70137 1
70138 2
70139 4
70140 5
70141 6
70142 1
70143 3
70144 8
70145 2
70146 6
70147 0
70148 2
70149 1
70150 1
70151 3
70152 4
70153 4
70154 0
70155 4
70156 1
70157 3
70158 1
70159 1
70160 4
70161 5
70162 2
70163 4
70164 1
70165 0
70166 1
70167 3
70168 11
70169 2
70170 2
70171 2
70172 0
70173 3
70174 0
70175 1
70176 6
70177 10
70178 4
70179 2
70180 5
70181 3
70182 1
70183 3
70184 3
70185 1
70186 5
70187 3
70188 3
70189 2
70190 2
70191 2
70192 7
70193 2
70194 2
70195 1
70196 3
70197 1
70198 4
70199 13
70200 20
70201 10
70202 4
70203 1
70204 1
70205 0
70206 0
70207 35
70208 2
70209 6
70210 7
70211 1
70212 1
70213 2
70214 2
70215 2
70216 8
70217 5
70218 4
70219 2
70220 5
70221 8
70222 1
70223 3
70224 18
70225 49
70226 35
70227 13
70228 6
70229 8
70230 1
70231 0
70232 1
70233 3
70234 3
70235 9
70236 2
70237 8
70238 0
70239 2
70240 4
70241 8
70242 1
70243 8
70244 4
70245 4
70246 5
70247 1
70248 1
70249 10
70250 1
70251 3
70252 6
70253 0
70254 5
70255 4
70256 1
70257 3
70258 4
70259 2
70260 5
70261 2
70262 0
70263 2
70264 2
70265 1
70266 4
70267 2
70268 4
70269 1
70270 1
70271 3
70272 6
70273 2
70274 3
70275 1
70276 0
70277 2
70278 3
70279 3
70280 6
70281 2
70282 1
70283 2
70284 4
70285 1
70286 1
70287 0
70288 1
70289 8
70290 0
70291 1
70292 3
70293 2
70294 0
70295 1
70296 2
70297 2
70298 2
70299 1
70300 11
70301 1
70302 1
70303 2
70304 21
70305 3
70306 2
70307 11
70308 18
70309 11
70310 4
70311 2
70312 3
70313 13
70314 1
70315 7
70316 0
70317 3
70318 3
70319 2
70320 3
70321 6
70322 2
70323 3
70324 2
70325 0
70326 0
70327 3
70328 1
70329 3
70330 3
70331 6
70332 0
70333 2
70334 4
70335 2
70336 4
70337 1
70338 4
70339 0
70340 6
70341 0
70342 1
70343 3
70344 0
70345 1
70346 0
70347 0
70348 1
70349 3
70350 5
70351 1
70352 1
70353 0
70354 1
70355 1
70356 5
70357 4
70358 1
70359 4
70360 0
70361 2
70362 3
70363 1
70364 2
70365 0
70366 1
70367 1
70368 2
70369 7
70370 2
70371 3
70372 9
70373 3
70374 3
70375 4
70376 3
70377 2
70378 4
70379 5
70380 15
70381 6
70382 4
70383 3
70384 1
70385 4
70386 2
70387 0
70388 1
70389 3
70390 2
70391 4
70392 1
70393 5
70394 6
70395 4
70396 3
70397 0
70398 4
70399 4
70400 17
70401 2
70402 2
70403 0
70404 1
70405 1
70406 0
70407 4
70408 5
70409 2
70410 1
70411 2
70412 2
70413 1
70414 4
70415 0
70416 9
70417 3
70418 2
70419 4
70420 3
70421 0
70422 3
70423 5
70424 3
70425 3
70426 1
70427 2
70428 1
70429 6
70430 2
70431 1
70432 2
70433 2
70434 10
70435 9
70436 2
70437 2
70438 6
70439 1
70440 1
70441 5
70442 1
70443 2
70444 1
70445 1
70446 3
70447 1
70448 10
70449 4
70450 1
70451 5
70452 2
70453 3
70454 5
70455 10
70456 1
70457 6
70458 1
70459 0
70460 3
70461 0
70462 9
70463 1
70464 8
70465 2
70466 3
70467 3
70468 1
70469 0
70470 4
70471 2
70472 0
70473 0
70474 3
70475 0
70476 1
70477 1
70478 6
70479 1
70480 2
70481 4
70482 4
70483 0
70484 4
70485 4
70486 3
70487 7
70488 11
70489 11
70490 4
70491 5
70492 4
70493 2
70494 0
70495 1
70496 1
70497 1
70498 1
70499 9
70500 14
70501 4
70502 2
70503 0
70504 4
70505 1
70506 3
70507 23
70508 3
70509 2
70510 2
70511 1
70512 6
70513 5
70514 1
70515 3
70516 2
70517 1
70518 1
70519 0
70520 4
70521 6
70522 0
70523 0
70524 2
70525 14
70526 1
70527 0
70528 3
70529 11
70530 2
70531 3
70532 2
70533 1
70534 5
70535 0
70536 4
70537 10
70538 3
70539 3
70540 5
70541 1
70542 0
70543 2
70544 5
70545 2
70546 2
70547 0
70548 4
70549 1
70550 0
70551 4
70552 4
70553 0
70554 3
70555 4
70556 0
70557 1
70558 4
70559 4
70560 80
70561 15
70562 4
70563 3
70564 13
70565 0
70566 1
70567 0
70568 5
70569 2
70570 2
70571 2
70572 1
70573 3
70574 3
70575 1
70576 7
70577 2
70578 1
70579 5
70580 0
70581 1
70582 1
70583 3
70584 1
70585 1
70586 0
70587 4
70588 3
70589 6
70590 6
70591 0
70592 4
70593 3
70594 0
70595 3
70596 3
70597 6
70598 0
70599 1
70600 3
70601 4
70602 57
70603 6
70604 1
70605 2
70606 1
70607 28
70608 1
70609 2
70610 2
70611 4
70612 0
70613 2
70614 1
70615 2
70616 8
70617 2
70618 0
70619 5
70620 3
70621 5
70622 0
70623 3
70624 3
70625 5
70626 1
70627 1
70628 1
70629 2
70630 2
70631 8
70632 4
70633 3
70634 4
70635 4
70636 1
70637 3
70638 3
70639 7
70640 4
70641 2
70642 2
70643 10
70644 19
70645 8
70646 5
70647 3
70648 2
70649 2
70650 2
70651 3
70652 1
70653 0
70654 5
70655 2
70656 16
70657 9
70658 6
70659 1
70660 0
70661 2
70662 2
70663 4
70664 3
70665 4
70666 1
70667 15
70668 3
70669 9
70670 2
70671 2
70672 5
70673 7
70674 3
70675 3
70676 2
70677 0
70678 5
70679 2
70680 8
70681 1
70682 2
70683 0
70684 0
70685 1
70686 18
70687 10
70688 17
70689 0
70690 1
70691 1
70692 3
70693 2
70694 0
70695 0
70696 0
70697 0
70698 0
70699 3
70700 9
70701 1
70702 2
70703 1
70704 3
70705 2
70706 1
70707 11
70708 1
70709 5
70710 5
70711 3
70712 2
70713 4
70714 0
70715 1
70716 3
70717 9
70718 5
70719 1
70720 14
70721 1
70722 8
70723 1
70724 2
70725 2
70726 7
70727 3
70728 9
70729 3
70730 3
70731 1
70732 2
70733 1
70734 3
70735 2
70736 6
70737 12
70738 1
70739 4
70740 6
70741 2
70742 3
70743 1
70744 1
70745 1
70746 1
70747 9
70748 0
70749 2
70750 1
70751 2
70752 6
70753 5
70754 1
70755 6
70756 30
70757 6
70758 1
70759 4
70760 3
70761 0
70762 2
70763 7
70764 1
70765 0
70766 1
70767 6
70768 1
70769 4
70770 9
70771 3
70772 2
70773 0
70774 2
70775 4
70776 5
70777 11
70778 1
70779 2
70780 3
70781 4
70782 0
70783 7
70784 14
70785 23
70786 2
70787 0
70788 2
70789 2
70790 0
70791 2
70792 6
70793 6
70794 10
70795 5
70796 2
70797 2
70798 2
70799 0
70800 7
70801 10
70802 3
70803 4
70804 0
70805 7
70806 0
70807 6
70808 0
70809 0
70810 1
70811 4
70812 4
70813 1
70814 2
70815 2
70816 3
70817 0
70818 9
70819 3
70820 1
70821 0
70822 1
70823 2
70824 2
70825 2
70826 0
70827 0
70828 4
70829 1
70830 1
70831 0
70832 3
70833 1
70834 1
70835 4
70836 2
70837 2
70838 0
70839 3
70840 15
70841 10
70842 5
70843 9
70844 6
70845 2
70846 1
70847 5
70848 9
70849 2
70850 7
70851 2
70852 3
70853 8
70854 3
70855 3
70856 4
70857 1
70858 3
70859 2
70860 0
70861 3
70862 4
70863 6
70864 5
70865 0
70866 2
70867 5
70868 2
70869 1
70870 2
70871 1
70872 2
70873 3
70874 2
70875 15
70876 9
70877 21
70878 6
70879 7
70880 3
70881 0
70882 1
70883 2
70884 1
70885 2
70886 3
70887 2
70888 5
70889 3
70890 4
70891 8
70892 2
70893 0
70894 0
70895 1
70896 11
70897 4
70898 0
70899 2
70900 1
70901 4
70902 4
70903 0
70904 4
70905 1
70906 5
70907 3
70908 1
70909 3
70910 4
70911 4
70912 7
70913 7
70914 3
70915 1
70916 2
70917 2
70918 0
70919 4
70920 3
70921 5
70922 2
70923 5
70924 6
70925 0
70926 4
70927 4
70928 2
70929 10
70930 7
70931 2
70932 2
70933 1
70934 0
70935 0
70936 3
70937 3
70938 4
70939 1
70940 2
70941 0
70942 3
70943 1
70944 3
70945 3
70946 2
70947 1
70948 0
70949 6
70950 3
70951 3
70952 1
70953 0
70954 5
70955 2
70956 5
70957 7
70958 1
70959 2
70960 5
70961 1
70962 1
70963 2
70964 1
70965 1
70966 3
70967 0
70968 7
70969 7
70970 2
70971 2
70972 1
70973 0
70974 3
70975 0
70976 0
70977 3
70978 3
70979 7
70980 10
70981 13
70982 5
70983 2
70984 1
70985 4
70986 3
70987 2
70988 2
70989 2
70990 1
70991 2
70992 6
70993 12
70994 5
70995 1
70996 8
70997 17
70998 2
70999 10
71000 12
71001 1
71002 2
71003 3
71004 1
71005 0
71006 3
71007 2
71008 3
71009 4
71010 1
71011 12
71012 4
71013 1
71014 3
71015 0
71016 2
71017 7
71018 1
71019 1
71020 0
71021 4
71022 10
71023 13
71024 3
71025 4
71026 1
71027 1
71028 2
71029 1
71030 2
71031 1
71032 1
71033 0
71034 3
71035 1
71036 2
71037 1
71038 2
71039 2
71040 7
71041 0
71042 0
71043 0
71044 1
71045 1
71046 0
71047 2
71048 3
71049 3
71050 3
71051 3
71052 7
71053 0
71054 1
71055 1
71056 3
71057 2
71058 5
71059 3
71060 6
71061 4
71062 0
71063 5
71064 13
71065 5
71066 0
71067 2
71068 2
71069 8
71070 2
71071 8
71072 0
71073 0
71074 1
71075 1
71076 1
71077 3
71078 2
71079 3
71080 2
71081 4
71082 2
71083 2
71084 1
71085 2
71086 1
71087 1
71088 5
71089 6
71090 1
71091 2
71092 2
71093 2
71094 3
71095 1
71096 2
71097 1
71098 0
71099 2
71100 3
71101 3
71102 0
71103 0
71104 5
71105 1
71106 1
71107 1
71108 4
71109 3
71110 2
71111 13
71112 2
71113 12
71114 0
71115 6
71116 5
71117 8
71118 6
71119 9
71120 5
71121 1
71122 0
71123 2
71124 1
71125 2
71126 1
71127 2
71128 2
71129 8
71130 1
71131 0
71132 2
71133 2
71134 0
71135 1
71136 13
71137 1
71138 1
71139 3
71140 1
71141 1
71142 3
71143 10
71144 2
71145 36
71146 0
71147 8
71148 9
71149 3
71150 1
71151 0
71152 6
71153 7
71154 4
71155 3
71156 2
71157 4
71158 3
71159 2
71160 0
71161 3
71162 2
71163 0
71164 1
71165 1
71166 1
71167 12
71168 7
71169 3
71170 4
71171 20
71172 4
71173 4
71174 0
71175 1
71176 1
71177 9
71178 1
71179 0
71180 1
71181 5
71182 4
71183 1
71184 1
71185 1
71186 2
71187 3
71188 6
71189 3
71190 3
71191 4
71192 3
71193 3
71194 1
71195 0
71196 5
71197 2
71198 1
71199 2
71200 1
71201 3
71202 1
71203 0
71204 1
71205 4
71206 0
71207 2
71208 4
71209 3
71210 1
71211 4
71212 6
71213 1
71214 2
71215 3
71216 0
71217 6
71218 4
71219 0
71220 1
71221 4
71222 0
71223 4
71224 0
71225 6
71226 3
71227 1
71228 1
71229 1
71230 1
71231 1
71232 5
71233 7
71234 4
71235 1
71236 4
71237 3
71238 0
71239 0
71240 2
71241 1
71242 10
71243 4
71244 5
71245 2
71246 0
71247 2
71248 6
71249 3
71250 4
71251 5
71252 6
71253 16
71254 4
71255 1
71256 2
71257 1
71258 0
71259 2
71260 3
71261 7
71262 2
71263 3
71264 9
71265 2
71266 4
71267 4
71268 4
71269 3
71270 3
71271 0
71272 3
71273 4
71274 2
71275 0
71276 0
71277 2
71278 3
71279 2
71280 48
71281 2
71282 0
71283 1
71284 1
71285 2
71286 5
71287 8
71288 6
71289 33
71290 6
71291 1
71292 2
71293 3
71294 3
71295 2
71296 2
71297 0
71298 4
71299 6
71300 0
71301 2
71302 4
71303 3
71304 0
71305 1
71306 1
71307 4
71308 2
71309 3
71310 4
71311 2
71312 3
71313 7
71314 2
71315 3
71316 3
71317 35
71318 0
71319 0
71320 5
71321 3
71322 3
71323 1
71324 3
71325 7
71326 1
71327 13
71328 7
71329 8
71330 3
71331 2
71332 0
71333 13
71334 5
71335 1
71336 0
71337 2
71338 3
71339 9
71340 3
71341 9
71342 0
71343 2
71344 7
71345 2
71346 2
71347 8
71348 1
71349 4
71350 2
71351 2
71352 1
71353 7
71354 0
71355 6
71356 1
71357 5
71358 0
71359 10
71360 5
71361 4
71362 3
71363 5
71364 0
71365 2
71366 0
71367 0
71368 5
71369 2
71370 5
71371 3
71372 3
71373 1
71374 3
71375 3
71376 2
71377 1
71378 2
71379 4
71380 2
71381 4
71382 1
71383 6
71384 1
71385 2
71386 3
71387 3
71388 1
71389 2
71390 1
71391 3
71392 4
71393 3
71394 6
71395 1
71396 6
71397 1
71398 7
71399 12
71400 22
71401 3
71402 1
71403 4
71404 3
71405 1
71406 3
71407 2
71408 0
71409 0
71410 3
71411 11
71412 1
71413 5
71414 0
71415 9
71416 3
71417 5
71418 3
71419 3
71420 4
71421 4
71422 0
71423 1
71424 9
71425 0
71426 2
71427 4
71428 5
71429 4
71430 2
71431 2
71432 1
71433 0
71434 4
71435 2
71436 2
71437 3
71438 2
71439 1
71440 3
71441 3
71442 16
71443 12
71444 3
71445 12
71446 2
71447 1
71448 2
71449 3
71450 2
71451 0
71452 2
71453 5
71454 2
71455 1
71456 4
71457 2
71458 0
71459 3
71460 4
71461 2
71462 1
71463 1
71464 0
71465 5
71466 1
71467 1
71468 4
71469 3
71470 0
71471 4
71472 1
71473 3
71474 2
71475 1
71476 2
71477 0
71478 4
71479 3
71480 3
71481 1
71482 3
71483 7
71484 6
71485 6
71486 4
71487 1
71488 3
71489 4
71490 2
71491 2
71492 3
71493 1
71494 1
71495 1
71496 3
71497 1
71498 4
71499 0
71500 16
71501 4
71502 2
71503 2
71504 1
71505 6
71506 1
71507 1
71508 0
71509 2
71510 0
71511 1
71512 3
71513 1
71514 0
71515 3
71516 0
71517 2
71518 0
71519 2
71520 6
71521 2
71522 3
71523 3
71524 3
71525 1
71526 3
71527 3
71528 3
71529 6
71530 0
71531 2
71532 0
71533 3
71534 1
71535 0
71536 2
71537 0
71538 0
71539 1
71540 3
71541 1
71542 3
71543 2
71544 2
71545 3
71546 4
71547 1
71548 6
71549 3
71550 2
71551 3
71552 6
71553 1
71554 3
71555 3
71556 3
71557 1
71558 0
71559 2
71560 3
71561 0
71562 0
71563 0
71564 10
71565 1
71566 2
71567 1
71568 4
71569 8
71570 4
71571 0
71572 1
71573 1
71574 5
71575 3
71576 6
71577 3
71578 3
71579 2
71580 0
71581 3
71582 0
71583 5
71584 1
71585 6
71586 3
71587 1
71588 1
71589 3
71590 2
71591 2
71592 3
71593 6
71594 0
71595 4
71596 4
71597 7
71598 1
71599 2
71600 4
71601 2
71602 1
71603 3
71604 8
71605 1
71606 2
71607 1
71608 3
71609 3
71610 31
71611 2
71612 2
71613 2
71614 3
71615 0
71616 2
71617 4
71618 2
71619 1
71620 2
71621 3
71622 1
71623 3
71624 1
71625 0
71626 0
71627 1
71628 3
71629 2
71630 8
71631 8
71632 2
71633 7
71634 2
71635 1
71636 2
71637 3
71638 2
71639 6
71640 1
71641 2
71642 1
71643 4
71644 2
71645 0
71646 2
71647 2
71648 2
71649 1
71650 5
71651 5
71652 1
71653 3
71654 1
71655 3
71656 5
71657 0
71658 2
71659 3
71660 3
71661 2
71662 1
71663 3
71664 2
71665 3
71666 4
71667 1
71668 4
71669 8
71670 2
71671 4
71672 1
71673 2
71674 3
71675 0
71676 1
71677 3
71678 1
71679 4
71680 41
71681 4
71682 5
71683 0
71684 2
71685 2
71686 0
71687 1
71688 6
71689 1
71690 3
71691 2
71692 1
71693 3
71694 1
71695 2
71696 1
71697 0
71698 4
71699 0
71700 1
71701 0
71702 1
71703 1
71704 3
71705 0
71706 8
71707 10
71708 5
71709 4
71710 5
71711 14
71712 9
71713 8
71714 0
71715 2
71716 0
71717 5
71718 2
71719 5
71720 1
71721 7
71722 6
71723 2
71724 2
71725 2
71726 0
71727 2
71728 2
71729 1
71730 5
71731 2
71732 0
71733 2
71734 1
71735 1
71736 5
71737 3
71738 0
71739 2
71740 4
71741 2
71742 6
71743 2
71744 4
71745 5
71746 0
71747 1
71748 1
71749 0
71750 1
71751 0
71752 4
71753 2
71754 2
71755 2
71756 3
71757 3
71758 2
71759 1
71760 9
71761 14
71762 1
71763 0
71764 1
71765 6
71766 5
71767 1
71768 1
71769 5
71770 2
71771 2
71772 2
71773 1
71774 1
71775 1
71776 7
71777 14
71778 1
71779 0
71780 4
71781 3
71782 4
71783 1
71784 5
71785 6
71786 0
71787 3
71788 1
71789 4
71790 0
71791 3
71792 3
71793 11
71794 2
71795 3
71796 0
71797 2
71798 2
71799 10
71800 1
71801 3
71802 3
71803 2
71804 2
71805 3
71806 2
71807 4
71808 14
71809 0
71810 3
71811 0
71812 1
71813 0
71814 1
71815 1
71816 2
71817 3
71818 2
71819 2
71820 28
71821 10
71822 2
71823 3
71824 26
71825 33
71826 2
71827 4
71828 1
71829 1
71830 1
71831 7
71832 7
71833 1
71834 1
71835 1
71836 4
71837 2
71838 4
71839 8
71840 3
71841 7
71842 3
71843 2
71844 4
71845 1
71846 6
71847 3
71848 0
71849 6
71850 0
71851 1
71852 8
71853 0
71854 1
71855 2
71856 9
71857 4
71858 3
71859 0
71860 1
71861 6
71862 5
71863 2
71864 1
71865 7
71866 0
71867 4
71868 4
71869 2
71870 2
71871 1
71872 5
71873 8
71874 11
71875 10
71876 5
71877 4
71878 1
71879 4
71880 4
71881 4
71882 0
71883 1
71884 1
71885 3
71886 0
71887 5
71888 9
71889 0
71890 5
71891 1
71892 3
71893 5
71894 3
71895 1
71896 5
71897 0
71898 2
71899 4
71900 2
71901 3
71902 2
71903 0
71904 3
71905 3
71906 1
71907 4
71908 3
71909 0
71910 3
71911 1
71912 1
71913 1
71914 1
71915 0
71916 2
71917 30
71918 4
71919 3
71920 8
71921 0
71922 3
71923 1
71924 0
71925 1
71926 1
71927 0
71928 14
71929 2
71930 2
71931 4
71932 1
71933 6
71934 0
71935 1
71936 9
71937 4
71938 0
71939 0
71940 7
71941 3
71942 1
71943 1
71944 7
71945 3
71946 5
71947 1
71948 0
71949 6
71950 2
71951 3
71952 5
71953 7
71954 3
71955 6
71956 6
71957 1
71958 1
71959 1
71960 7
71961 2
71962 1
71963 1
71964 3
71965 1
71966 3
71967 1
71968 2
71969 3
71970 3
71971 12
71972 0
71973 4
71974 4
71975 3
71976 0
71977 5
71978 4
71979 3
71980 4
71981 3
71982 0
71983 2
71984 0
71985 1
71986 3
71987 1
71988 3
71989 1
71990 2
71991 2
71992 1
71993 13
71994 4
71995 12
71996 5
71997 2
71998 2
71999 12
72000 55
72001 4
72002 1
72003 0
72004 5
72005 5
72006 4
72007 1
72008 2
72009 4
72010 20
72011 3
72012 5
72013 2
72014 0
72015 1
72016 1
72017 0
72018 1
72019 7
72020 0
72021 0
72022 2
72023 1
72024 4
72025 3
72026 3
72027 3
72028 7
72029 1
72030 35
72031 4
72032 2
72033 1
72034 1
72035 2
72036 2
72037 4
72038 2
72039 1
72040 3
72041 5
72042 2
72043 0
72044 0
72045 3
72046 2
72047 3
72048 2
72049 4
72050 3
72051 3
72052 2
72053 2
72054 1
72055 2
72056 1
72057 1
72058 1
72059 0
72060 7
72061 0
72062 2
72063 6
72064 8
72065 3
72066 3
72067 0
72068 0
72069 6
72070 3
72071 1
72072 84
72073 5
72074 0
72075 4
72076 5
72077 4
72078 4
72079 3
72080 2
72081 1
72082 1
72083 3
72084 6
72085 6
72086 4
72087 1
72088 2
72089 6
72090 6
72091 8
72092 2
72093 1
72094 2
72095 1
72096 1
72097 16
72098 3
72099 2
72100 6
72101 10
72102 0
72103 6
72104 4
72105 12
72106 3
72107 1
72108 2
72109 5
72110 3
72111 1
72112 3
72113 0
72114 0
72115 1
72116 1
72117 0
72118 0
72119 3
72120 2
72121 0
72122 1
72123 2
72124 5
72125 4
72126 0
72127 4
72128 6
72129 0
72130 4
72131 2
72132 2
72133 1
72134 1
72135 3
72136 2
72137 4
72138 1
72139 1
72140 2
72141 2
72142 0
72143 2
72144 2
72145 4
72146 3
72147 1
72148 1
72149 2
72150 1
72151 4
72152 3
72153 0
72154 1
72155 0
72156 2
72157 0
72158 2
72159 1
72160 3
72161 1
72162 3
72163 3
72164 0
72165 2
72166 1
72167 1
72168 2
72169 4
72170 5
72171 26
72172 4
72173 5
72174 4
72175 3
72176 1
72177 1
72178 3
72179 2
72180 4
72181 2
72182 0
72183 0
72184 3
72185 3
72186 4
72187 0
72188 0
72189 0
72190 2
72191 1
72192 12
72193 4
72194 1
72195 0
72196 0
72197 3
72198 3
72199 4
72200 9
72201 2
72202 1
72203 2
72204 5
72205 3
72206 3
72207 1
72208 1
72209 1
72210 3
72211 2
72212 3
72213 4
72214 1
72215 3
72216 4
72217 1
72218 0
72219 2
72220 7
72221 11
72222 3
72223 6
72224 4
72225 11
72226 2
72227 57
72228 6
72229 8
72230 1
72231 1
72232 1
72233 3
72234 1
72235 1
72236 0
72237 2
72238 1
72239 4
72240 8
72241 4
72242 0
72243 5
72244 2
72245 0
72246 4
72247 2
72248 3
72249 9
72250 8
72251 6
72252 2
72253 14
72254 3
72255 2
72256 4
72257 6
72258 2
72259 0
72260 1
72261 2
72262 0
72263 0
72264 1
72265 1
72266 1
72267 3
72268 2
72269 12
72270 8
72271 12
72272 5
72273 2
72274 1
72275 5
72276 1
72277 8
72278 0
72279 4
72280 2
72281 3
72282 1
72283 8
72284 3
72285 4
72286 0
72287 3
72288 3
72289 2
72290 0
72291 2
72292 1
72293 1
72294 0
72295 1
72296 4
72297 1
72298 3
72299 1
72300 0
72301 3
72302 7
72303 4
72304 1
72305 1
72306 0
72307 4
72308 2
72309 0
72310 3
72311 1
72312 1
72313 1
72314 0
72315 4
72316 2
72317 0
72318 5
72319 2
72320 4
72321 2
72322 1
72323 2
72324 9
72325 3
72326 2
72327 4
72328 1
72329 7
72330 2
72331 1
72332 2
72333 2
72334 2
72335 13
72336 1
72337 13
72338 5
72339 0
72340 0
72341 3
72342 4
72343 2
72344 2
72345 14
72346 0
72347 3
72348 3
72349 4
72350 2
72351 2
72352 9
72353 24
72354 14
72355 1
72356 3
72357 5
72358 4
72359 3
72360 6
72361 45
72362 2
72363 1
72364 1
72365 2
72366 4
72367 7
72368 2
72369 1
72370 5
72371 0
72372 2
72373 4
72374 1
72375 5
72376 2
72377 0
72378 3
72379 7
72380 3
72381 4
72382 1
72383 2
72384 8
72385 9
72386 0
72387 3
72388 1
72389 4
72390 7
72391 3
72392 2
72393 0
72394 2
72395 0
72396 6
72397 3
72398 1
72399 7
72400 3
72401 1
72402 2
72403 3
72404 0
72405 3
72406 0
72407 1
72408 2
72409 0
72410 3
72411 3
72412 2
72413 2
72414 1
72415 3
72416 6
72417 1
72418 4
72419 2
72420 3
72421 3
72422 1
72423 4
72424 2
72425 3
72426 3
72427 3
72428 1
72429 1
72430 1
72431 2
72432 4
72433 2
72434 0
72435 3
72436 3
72437 1
72438 1
72439 1
72440 1
72441 6
72442 3
72443 1
72444 3
72445 1
72446 4
72447 3
72448 5
72449 1
72450 9
72451 3
72452 3
72453 1
72454 1
72455 1
72456 2
72457 1
72458 1
72459 1
72460 1
72461 4
72462 2
72463 1
72464 2
72465 3
72466 1
72467 4
72468 10
72469 3
72470 2
72471 6
72472 6
72473 2
72474 4
72475 5
72476 0
72477 0
72478 1
72479 3
72480 5
72481 5
72482 1
72483 2
72484 5
72485 6
72486 3
72487 3
72488 1
72489 4
72490 6
72491 2
72492 7
72493 3
72494 0
72495 6
72496 5
72497 2
72498 7
72499 3
72500 5
72501 3
72502 1
72503 1
72504 6
72505 5
72506 3
72507 2
72508 2
72509 2
72510 2
72511 1
72512 4
72513 3
72514 5
72515 0
72516 2
72517 5
72518 1
72519 0
72520 2
72521 2
72522 7
72523 3
72524 2
72525 1
72526 0
72527 1
72528 2
72529 3
72530 2
72531 1
72532 3
72533 10
72534 1
72535 1
72536 1
72537 1
72538 3
72539 1
72540 5
72541 6
72542 2
72543 1
72544 2
72545 0
72546 1
72547 3
72548 2
72549 2
72550 1
72551 1
72552 2
72553 1
72554 4
72555 5
72556 8
72557 1
72558 3
72559 6
72560 5
72561 2
72562 1
72563 0
72564 0
72565 2
72566 1
72567 1
72568 2
72569 0
72570 2
72571 3
72572 1
72573 2
72574 1
72575 3
72576 118
72577 22
72578 2
72579 4
72580 4
72581 9
72582 3
72583 0
72584 5
72585 2
72586 2
72587 1
72588 6
72589 5
72590 9
72591 2
72592 3
72593 3
72594 5
72595 3
72596 0
72597 1
72598 2
72599 4
72600 10
72601 4
72602 1
72603 1
72604 1
72605 0
72606 0
72607 1
72608 2
72609 2
72610 6
72611 4
72612 8
72613 2
72614 2
72615 2
72616 7
72617 8
72618 6
72619 2
72620 3
72621 1
72622 0
72623 2
72624 8
72625 7
72626 0
72627 4
72628 3
72629 1
72630 4
72631 4
72632 2
72633 1
72634 1
72635 1
72636 2
72637 1
72638 1
72639 6
72640 7
72641 2
72642 1
72643 5
72644 4
72645 0
72646 4
72647 5
72648 3
72649 2
72650 4
72651 3
72652 3
72653 1
72654 2
72655 5
72656 0
72657 4
72658 3
72659 2
72660 5
72661 6
72662 10
72663 2
72664 6
72665 2
72666 4
72667 1
72668 3
72669 1
72670 2
72671 2
72672 4
72673 5
72674 1
72675 9
72676 0
72677 0
72678 8
72679 3
72680 1
72681 1
72682 3
72683 2
72684 1
72685 1
72686 2
72687 4
72688 2
72689 3
72690 1
72691 2
72692 1
72693 0
72694 3
72695 0
72696 2
72697 11
72698 2
72699 2
72700 2
72701 4
72702 1
72703 2
72704 9
72705 2
72706 1
72707 5
72708 3
72709 3
72710 6
72711 2
72712 4
72713 9
72714 2
72715 5
72716 1
72717 2
72718 5
72719 2
72720 6
72721 5
72722 2
72723 5
72724 2
72725 2
72726 3
72727 65
72728 2
72729 4
72730 6
72731 2
72732 5
72733 5
72734 3
72735 1
72736 4
72737 1
72738 3
72739 4
72740 4
72741 3
72742 2
72743 1
72744 3
72745 5
72746 1
72747 1
72748 3
72749 1
72750 3
72751 7
72752 0
72753 1
72754 3
72755 1
72756 4
72757 2
72758 5
72759 3
72760 0
72761 1
72762 2
72763 0
72764 6
72765 21
72766 2
72767 6
72768 7
72769 1
72770 2
72771 11
72772 9
72773 2
72774 2
72775 0
72776 1
72777 5
72778 0
72779 1
72780 3
72781 2
72782 1
72783 0
72784 2
72785 2
72786 2
72787 3
72788 2
72789 4
72790 1
72791 2
72792 10
72793 2
72794 2
72795 5
72796 2
72797 4
72798 1
72799 1
72800 9
72801 3
72802 5
72803 3
72804 0
72805 0
72806 1
72807 1
72808 3
72809 1
72810 4
72811 5
72812 2
72813 5
72814 1
72815 3
72816 5
72817 5
72818 2
72819 3
72820 4
72821 3
72822 0
72823 9
72824 4
72825 1
72826 2
72827 4
72828 8
72829 2
72830 2
72831 6
72832 11
72833 4
72834 0
72835 1
72836 8
72837 0
72838 1
72839 3
72840 6
72841 3
72842 1
72843 1
72844 1
72845 1
72846 7
72847 2
72848 0
72849 1
72850 1
72851 2
72852 6
72853 1
72854 2
72855 1
72856 3
72857 1
72858 1
72859 3
72860 2
72861 3
72862 0
72863 0
72864 11
72865 5
72866 1
72867 0
72868 1
72869 3
72870 9
72871 3
72872 3
72873 3
72874 1
72875 2
72876 2
72877 1
72878 2
72879 0
72880 3
72881 2
72882 4
72883 4
72884 10
72885 12
72886 2
72887 3
72888 3
72889 2
72890 7
72891 4
72892 0
72893 8
72894 1
72895 0
72896 9
72897 4
72898 4
72899 27
72900 59
72901 21
72902 1
72903 1
72904 3
72905 10
72906 2
72907 4
72908 1
72909 3
72910 4
72911 3
72912 12
72913 2
72914 3
72915 5
72916 1
72917 3
72918 6
72919 1
72920 6
72921 1
72922 3
72923 7
72924 2
72925 3
72926 2
72927 12
72928 9
72929 6
72930 50
72931 5
72932 0
72933 2
72934 1
72935 1
72936 5
72937 1
72938 2
72939 9
72940 1
72941 7
72942 2
72943 2
72944 6
72945 1
72946 0
72947 1
72948 4
72949 2
72950 3
72951 3
72952 1
72953 4
72954 2
72955 6
72956 4
72957 2
72958 2
72959 3
72960 18
72961 8
72962 9
72963 1
72964 4
72965 6
72966 0
72967 1
72968 6
72969 1
72970 1
72971 2
72972 5
72973 2
72974 1
72975 4
72976 3
72977 3
72978 0
72979 6
72980 3
72981 9
72982 1
72983 1
72984 5
72985 6
72986 1
72987 0
72988 2
72989 6
72990 1
72991 3
72992 3
72993 3
72994 2
72995 0
72996 5
72997 4
72998 3
72999 0
73000 8
73001 4
73002 9
73003 4
73004 2
73005 2
73006 2
73007 2
73008 15
73009 5
73010 4
73011 1
73012 7
73013 7
73014 0
73015 1
73016 2
73017 10
73018 0
73019 1
73020 2
73021 2
73022 0
73023 4
73024 5
73025 3
73026 4
73027 2
73028 4
73029 0
73030 4
73031 2
73032 5
73033 1
73034 3
73035 7
73036 2
73037 36
73038 4
73039 1
73040 5
73041 2
73042 2
73043 1
73044 1
73045 0
73046 2
73047 1
73048 1
73049 1
73050 4
73051 3
73052 4
73053 0
73054 2
73055 2
73056 4
73057 0
73058 2
73059 4
73060 4
73061 6
73062 3
73063 6
73064 2
73065 1
73066 3
73067 1
73068 1
73069 2
73070 0
73071 1
73072 1
73073 5
73074 0
73075 5
73076 3
73077 0
73078 0
73079 4
73080 24
73081 3
73082 1
73083 2
73084 3
73085 1
73086 4
73087 0
73088 4
73089 4
73090 2
73091 1
73092 3
73093 2
73094 5
73095 3
73096 4
73097 2
73098 4
73099 1
73100 4
73101 0
73102 3
73103 1
73104 1
73105 1
73106 0
73107 0
73108 3
73109 3
73110 0
73111 1
73112 9
73113 4
73114 3
73115 2
73116 5
73117 5
73118 1
73119 2
73120 7
73121 6
73122 6
73123 2
73124 7
73125 13
73126 2
73127 3
73128 1
73129 3
73130 1
73131 2
73132 4
73133 13
73134 1
73135 1
73136 5
73137 6
73138 2
73139 4
73140 8
73141 4
73142 2
73143 1
73144 0
73145 1
73146 3
73147 7
73148 0
73149 5
73150 20
73151 8
73152 11
73153 18
73154 1
73155 3
73156 1
73157 5
73158 1
73159 0
73160 0
73161 1
73162 2
73163 1
73164 5
73165 4
73166 2
73167 8
73168 3
73169 6
73170 7
73171 1
73172 1
73173 4
73174 3
73175 2
73176 5
73177 1
73178 3
73179 1
73180 4
73181 2
73182 1
73183 2
73184 4
73185 8
73186 1
73187 1
73188 6
73189 9
73190 1
73191 5
73192 1
73193 2
73194 1
73195 2
73196 1
73197 2
73198 1
73199 2
73200 14
73201 2
73202 1
73203 2
73204 10
73205 24
73206 7
73207 1
73208 0
73209 1
73210 4
73211 4
73212 1
73213 1
73214 0
73215 3
73216 4
73217 4
73218 1
73219 4
73220 4
73221 6
73222 4
73223 3
73224 4
73225 2
73226 1
73227 2
73228 2
73229 1
73230 5
73231 0
73232 2
73233 0
73234 1
73235 1
73236 0
73237 21
73238 5
73239 2
73240 4
73241 1
73242 2
73243 5
73244 1
73245 0
73246 1
73247 1
73248 2
73249 0
73250 4
73251 2
73252 3
73253 3
73254 6
73255 6
73256 0
73257 0
73258 1
73259 1
73260 8
73261 3
73262 1
73263 1
73264 3
73265 1
73266 1
73267 6
73268 2
73269 0
73270 3
73271 4
73272 6
73273 3
73274 5
73275 0
73276 2
73277 8
73278 3
73279 1
73280 5
73281 8
73282 2
73283 2
73284 0
73285 1
73286 0
73287 2
73288 8
73289 4
73290 3
73291 5
73292 2
73293 3
73294 6
73295 0
73296 1
73297 2
73298 2
73299 1
73300 6
73301 2
73302 1
73303 4
73304 2
73305 0
73306 0
73307 0
73308 2
73309 1
73310 0
73311 2
73312 2
73313 2
73314 1
73315 1
73316 4
73317 0
73318 2
73319 3
73320 6
73321 11
73322 1
73323 3
73324 3
73325 5
73326 2
73327 8
73328 0
73329 1
73330 0
73331 13
73332 5
73333 3
73334 1
73335 1
73336 0
73337 2
73338 4
73339 3
73340 1
73341 2
73342 1
73343 2
73344 8
73345 6
73346 5
73347 1
73348 6
73349 1
73350 2
73351 11
73352 4
73353 2
73354 4
73355 1
73356 1
73357 1
73358 0
73359 9
73360 5
73361 9
73362 2
73363 3
73364 1
73365 1
73366 0
73367 1
73368 4
73369 4
73370 3
73371 1
73372 2
73373 19
73374 3
73375 5
73376 3
73377 1
73378 2
73379 3
73380 1
73381 1
73382 0
73383 4
73384 3
73385 5
73386 4
73387 7
73388 1
73389 1
73390 2
73391 0
73392 7
73393 3
73394 4
73395 9
73396 25
73397 3
73398 2
73399 1
73400 2
73401 4
73402 2
73403 1
73404 2
73405 2
73406 1
73407 0
73408 5
73409 3
73410 2
73411 1
73412 2
73413 2
73414 1
73415 1
73416 5
73417 5
73418 1
73419 2
73420 1
73421 5
73422 0
73423 3
73424 4
73425 5
73426 0
73427 1
73428 2
73429 1
73430 3
73431 0
73432 3
73433 1
73434 2
73435 2
73436 0
73437 5
73438 1
73439 2
73440 32
73441 54
73442 5
73443 3
73444 3
73445 0
73446 1
73447 5
73448 1
73449 2
73450 1
73451 3
73452 2
73453 11
73454 1
73455 2
73456 4
73457 5
73458 14
73459 6
73460 1
73461 4
73462 1
73463 1
73464 0
73465 3
73466 0
73467 1
73468 3
73469 5
73470 7
73471 5
73472 9
73473 2
73474 2
73475 0
73476 4
73477 14
73478 0
73479 3
73480 3
73481 3
73482 4
73483 5
73484 3
73485 0
73486 2
73487 2
73488 2
73489 5
73490 1
73491 1
73492 0
73493 2
73494 2
73495 0
73496 2
73497 0
73498 2
73499 5
73500 14
73501 5
73502 5
73503 0
73504 2
73505 4
73506 7
73507 0
73508 1
73509 1
73510 0
73511 5
73512 3
73513 2
73514 5
73515 3
73516 3
73517 2
73518 1
73519 3
73520 2
73521 1
73522 0
73523 11
73524 1
73525 1
73526 1
73527 2
73528 1
73529 2
73530 5
73531 3
73532 0
73533 4
73534 0
73535 5
73536 10
73537 4
73538 3
73539 1
73540 2
73541 1
73542 8
73543 2
73544 3
73545 0
73546 3
73547 5
73548 3
73549 2
73550 1
73551 1
73552 1
73553 6
73554 4
73555 5
73556 1
73557 2
73558 2
73559 1
73560 6
73561 9
73562 5
73563 2
73564 2
73565 1
73566 1
73567 3
73568 7
73569 1
73570 1
73571 2
73572 3
73573 1
73574 2
73575 2
73576 3
73577 4
73578 0
73579 1
73580 1
73581 2
73582 0
73583 1
73584 8
73585 0
73586 5
73587 1
73588 1
73589 0
73590 0
73591 3
73592 5
73593 6
73594 3
73595 3
73596 0
73597 1
73598 0
73599 1
73600 10
73601 2
73602 0
73603 2
73604 0
73605 3
73606 0
73607 1
73608 1
73609 2
73610 3
73611 3
73612 4
73613 1
73614 5
73615 3
73616 15
73617 4
73618 2
73619 0
73620 4
73621 2
73622 2
73623 2
73624 1
73625 4
73626 4
73627 3
73628 1
73629 0
73630 0
73631 1
73632 4
73633 8
73634 1
73635 1
73636 1
73637 15
73638 0
73639 7
73640 1
73641 0
73642 1
73643 3
73644 10
73645 3
73646 2
73647 1
73648 5
73649 1
73650 4
73651 2
73652 0
73653 1
73654 6
73655 0
73656 7
73657 2
73658 4
73659 3
73660 0
73661 3
73662 6
73663 1
73664 5
73665 5
73666 1
73667 3
73668 9
73669 2
73670 0
73671 5
73672 2
73673 2
73674 0
73675 3
73676 4
73677 0
73678 2
73679 1
73680 9
73681 11
73682 0
73683 2
73684 4
73685 2
73686 2
73687 3
73688 2
73689 0
73690 1
73691 0
73692 0
73693 1
73694 3
73695 2
73696 4
73697 1
73698 5
73699 6
73700 6
73701 2
73702 2
73703 2
73704 2
73705 0
73706 1
73707 1
73708 3
73709 7
73710 17
73711 2
73712 3
73713 4
73714 2
73715 0
73716 2
73717 3
73718 0
73719 3
73720 3
73721 9
73722 3
73723 3
73724 4
73725 3
73726 9
73727 28
73728 129
73729 10
73730 6
73731 4
73732 0
73733 1
73734 6
73735 1
73736 1
73737 14
73738 3
73739 1
73740 2
73741 2
73742 1
73743 1
73744 1
73745 4
73746 4
73747 2
73748 1
73749 8
73750 1
73751 5
73752 2
73753 1
73754 2
73755 4
73756 0
73757 8
73758 5
73759 0
73760 1
73761 1
73762 3
73763 0
73764 10
73765 1
73766 1
73767 6
73768 0
73769 0
73770 2
73771 1
73772 1
73773 2
73774 0
73775 1
73776 3
73777 2
73778 3
73779 0
73780 7
73781 4
73782 4
73783 5
73784 3
73785 2
73786 1
73787 1
73788 11
73789 19
73790 0
73791 1
73792 2
73793 3
73794 3
73795 3
73796 0
73797 2
73798 4
73799 1
73800 8
73801 6
73802 1
73803 1
73804 1
73805 5
73806 5
73807 2
73808 6
73809 1
73810 6
73811 8
73812 8
73813 7
73814 4
73815 17
73816 5
73817 7
73818 1
73819 4
73820 2
73821 0
73822 1
73823 5
73824 2
73825 3
73826 5
73827 0
73828 0
73829 4
73830 3
73831 1
73832 1
73833 2
73834 2
73835 0
73836 5
73837 3
73838 2
73839 0
73840 6
73841 3
73842 1
73843 3
73844 1
73845 4
73846 0
73847 3
73848 5
73849 6
73850 3
73851 1
73852 8
73853 5
73854 1
73855 1
73856 5
73857 7
73858 2
73859 0
73860 2
73861 1
73862 2
73863 3
73864 0
73865 1
73866 2
73867 1
73868 4
73869 2
73870 2
73871 2
73872 10
73873 1
73874 3
73875 2
73876 2
73877 5
73878 0
73879 3
73880 3
73881 1
73882 1
73883 3
73884 3
73885 1
73886 1
73887 0
73888 4
73889 2
73890 4
73891 3
73892 5
73893 0
73894 2
73895 1
73896 4
73897 4
73898 1
73899 1
73900 4
73901 6
73902 1
73903 2
73904 0
73905 1
73906 3
73907 3
73908 2
73909 2
73910 1
73911 2
73912 1
73913 0
73914 2
73915 0
73916 1
73917 2
73918 1
73919 3
73920 75
73921 1
73922 1
73923 1
73924 1
73925 5
73926 7
73927 2
73928 2
73929 0
73930 0
73931 4
73932 2
73933 0
73934 0
73935 0
73936 2
73937 5
73938 2
73939 9
73940 1
73941 1
73942 1
73943 2
73944 5
73945 5
73946 0
73947 5
73948 2
73949 3
73950 5
73951 9
73952 3
73953 4
73954 3
73955 1
73956 1
73957 2
73958 3
73959 2
73960 2
73961 5
73962 12
73963 2
73964 0
73965 1
73966 2
73967 6
73968 4
73969 7
73970 5
73971 3
73972 2
73973 3
73974 1
73975 1
73976 6
73977 2
73978 1
73979 1
73980 2
73981 0
73982 2
73983 8
73984 50
73985 2
73986 2
73987 0
73988 4
73989 1
73990 3
73991 0
73992 7
73993 0
73994 1
73995 0
73996 1
73997 2
73998 6
73999 9
74000 8
74001 5
74002 2
74003 1
74004 5
74005 1
74006 0
74007 1
74008 3
74009 1
74010 1
74011 1
74012 1
74013 1
74014 3
74015 1
74016 5
74017 11
74018 3
74019 2
74020 3
74021 4
74022 1
74023 10
74024 4
74025 10
74026 3
74027 2
74028 3
74029 5
74030 4
74031 1
74032 4
74033 2
74034 2
74035 3
74036 4
74037 1
74038 0
74039 0
74040 7
74041 0
74042 1
74043 4
74044 1
74045 4
74046 25
74047 24
74048 4
74049 3
74050 2
74051 7
74052 3
74053 4
74054 0
74055 1
74056 3
74057 3
74058 2
74059 1
74060 2
74061 1
74062 1
74063 1
74064 0
74065 1
74066 1
74067 4
74068 5
74069 1
74070 4
74071 1
74072 8
74073 2
74074 9
74075 2
74076 2
74077 5
74078 1
74079 5
74080 9
74081 0
74082 3
74083 2
74084 2
74085 2
74086 2
74087 5
74088 173
74089 8
74090 3
74091 1
74092 4
74093 25
74094 2
74095 2
74096 3
74097 1
74098 1
74099 5
74100 9
74101 6
74102 3
74103 2
74104 6
74105 2
74106 1
74107 0
74108 2
74109 4
74110 1
74111 3
74112 2
74113 2
74114 2
74115 1
74116 4
74117 1
74118 3
74119 1
74120 6
74121 1
74122 2
74123 2
74124 8
74125 1
74126 0
74127 4
74128 6
74129 2
74130 12
74131 12
74132 3
74133 2
74134 0
74135 2
74136 1
74137 2
74138 0
74139 6
74140 3
74141 1
74142 1
74143 4
74144 0
74145 1
74146 1
74147 2
74148 7
74149 5
74150 3
74151 4
74152 8
74153 3
74154 0
74155 2
74156 3
74157 3
74158 1
74159 2
74160 2
74161 6
74162 3
74163 0
74164 7
74165 6
74166 1
74167 5
74168 6
74169 4
74170 2
74171 1
74172 5
74173 7
74174 1
74175 2
74176 2
74177 9
74178 4
74179 2
74180 1
74181 5
74182 1
74183 3
74184 4
74185 0
74186 3
74187 2
74188 1
74189 5
74190 0
74191 3
74192 0
74193 0
74194 4
74195 0
74196 1
74197 2
74198 0
74199 1
74200 7
74201 7
74202 5
74203 3
74204 3
74205 2
74206 0
74207 1
74208 2
74209 7
74210 2
74211 5
74212 1
74213 1
74214 4
74215 3
74216 2
74217 0
74218 1
74219 6
74220 4
74221 3
74222 2
74223 1
74224 0
74225 1
74226 2
74227 3
74228 1
74229 3
74230 3
74231 7
74232 0
74233 2
74234 3
74235 2
74236 1
74237 2
74238 0
74239 2
74240 13
74241 2
74242 2
74243 0
74244 0
74245 5
74246 0
74247 5
74248 7
74249 1
74250 6
74251 1
74252 1
74253 3
74254 3
74255 4
74256 43
74257 10
74258 1
74259 3
74260 5
74261 4
74262 1
74263 2
74264 3
74265 0
74266 0
74267 1
74268 1
74269 7
74270 1
74271 5
74272 0
74273 7
74274 2
74275 0
74276 2
74277 2
74278 0
74279 4
74280 11
74281 3
74282 2
74283 2
74284 4
74285 1
74286 3
74287 4
74288 3
74289 2
74290 11
74291 2
74292 0
74293 6
74294 0
74295 3
74296 4
74297 5
74298 2
74299 3
74300 1
74301 0
74302 1
74303 0
74304 18
74305 17
74306 5
74307 2
74308 5
74309 3
74310 1
74311 3
74312 1
74313 3
74314 2
74315 0
74316 10
74317 3
74318 2
74319 4
74320 1
74321 4
74322 3
74323 5
74324 6
74325 1
74326 4
74327 1
74328 2
74329 10
74330 2
74331 3
74332 1
74333 2
74334 0
74335 7
74336 0
74337 0
74338 7
74339 2
74340 6
74341 5
74342 0
74343 0
74344 1
74345 1
74346 2
74347 5
74348 0
74349 3
74350 1
74351 2
74352 1
74353 1
74354 0
74355 2
74356 2
74357 6
74358 9
74359 6
74360 2
74361 2
74362 2
74363 0
74364 2
74365 2
74366 1
74367 2
74368 9
74369 4
74370 1
74371 5
74372 3
74373 1
74374 3
74375 8
74376 3
74377 7
74378 1
74379 2
74380 4
74381 7
74382 11
74383 6
74384 3
74385 5
74386 1
74387 2
74388 3
74389 2
74390 1
74391 4
74392 1
74393 1
74394 0
74395 2
74396 2
74397 2
74398 0
74399 2
74400 10
74401 2
74402 1
74403 1
74404 1
74405 6
74406 3
74407 4
74408 1
74409 3
74410 2
74411 3
74412 20
74413 5
74414 1
74415 3
74416 9
74417 6
74418 0
74419 5
74420 3
74421 1
74422 2
74423 1
74424 2
74425 2
74426 1
74427 1
74428 1
74429 4
74430 3
74431 11
74432 4
74433 3
74434 2
74435 4
74436 2
74437 1
74438 3
74439 3
74440 2
74441 9
74442 1
74443 5
74444 1
74445 2
74446 3
74447 7
74448 9
74449 7
74450 2
74451 4
74452 2
74453 10
74454 0
74455 2
74456 1
74457 0
74458 2
74459 1
74460 7
74461 0
74462 0
74463 2
74464 2
74465 4
74466 3
74467 1
74468 1
74469 6
74470 2
74471 6
74472 1
74473 5
74474 2
74475 1
74476 10
74477 2
74478 0
74479 3
74480 4
74481 2
74482 3
74483 2
74484 8
74485 1
74486 0
74487 2
74488 3
74489 8
74490 1
74491 4
74492 3
74493 4
74494 3
74495 2
74496 8
74497 8
74498 5
74499 4
74500 3
74501 1
74502 0
74503 4
74504 4
74505 1
74506 1
74507 8
74508 2
74509 5
74510 4
74511 2
74512 5
74513 4
74514 1
74515 5
74516 3
74517 3
74518 2
74519 1
74520 2
74521 13
74522 1
74523 0
74524 6
74525 1
74526 2
74527 7
74528 14
74529 48
74530 5
74531 8
74532 0
74533 4
74534 3
74535 2
74536 8
74537 0
74538 0
74539 2
74540 3
74541 0
74542 2
74543 4
74544 6
74545 1
74546 2
74547 7
74548 1
74549 2
74550 9
74551 5
74552 0
74553 0
74554 4
74555 2
74556 4
74557 2
74558 2
74559 1
74560 3
74561 2
74562 2
74563 8
74564 2
74565 3
74566 0
74567 2
74568 6
74569 1
74570 2
74571 4
74572 4
74573 3
74574 2
74575 0
74576 5
74577 2
74578 4
74579 1
74580 4
74581 5
74582 4
74583 0
74584 1
74585 3
74586 2
74587 6
74588 1
74589 1
74590 2
74591 2
74592 13
74593 11
74594 6
74595 1
74596 1
74597 7
74598 2
74599 6
74600 2
74601 13
74602 0
74603 1
74604 4
74605 0
74606 2
74607 0
74608 3
74609 9
74610 4
74611 8
74612 5
74613 58
74614 8
74615 2
74616 5
74617 1
74618 3
74619 4
74620 5
74621 2
74622 0
74623 0
74624 4
74625 1
74626 4
74627 4
74628 6
74629 5
74630 1
74631 5
74632 3
74633 2
74634 2
74635 3
74636 2
74637 7
74638 1
74639 4
74640 3
74641 2
74642 2
74643 2
74644 1
74645 2
74646 2
74647 6
74648 6
74649 4
74650 1
74651 1
74652 2
74653 3
74654 0
74655 4
74656 0
74657 2
74658 2
74659 0
74660 2
74661 2
74662 1
74663 2
74664 3
74665 25
74666 3
74667 4
74668 1
74669 0
74670 5
74671 4
74672 1
74673 2
74674 3
74675 7
74676 12
74677 4
74678 5
74679 1
74680 1
74681 0
74682 2
74683 2
74684 0
74685 7
74686 1
74687 5
74688 7
74689 3
74690 4
74691 5
74692 0
74693 1
74694 1
74695 0
74696 2
74697 1
74698 5
74699 13
74700 6
74701 2
74702 1
74703 0
74704 5
74705 2
74706 1
74707 9
74708 2
74709 1
74710 2
74711 1
74712 3
74713 9
74714 6
74715 0
74716 0
74717 8
74718 1
74719 3
74720 4
74721 0
74722 1
74723 1
74724 2
74725 4
74726 2
74727 0
74728 4
74729 5
74730 0
74731 2
74732 3
74733 4
74734 1
74735 1
74736 8
74737 1
74738 0
74739 1
74740 5
74741 5
74742 1
74743 2
74744 3
74745 2
74746 2
74747 52
74748 3
74749 0
74750 4
74751 2
74752 9
74753 3
74754 0
74755 0
74756 1
74757 3
74758 3
74759 11
74760 11
74761 7
74762 0
74763 6
74764 3
74765 1
74766 3
74767 0
74768 1
74769 0
74770 4
74771 5
74772 5
74773 1
74774 2
74775 2
74776 2
74777 2
74778 3
74779 8
74780 4
74781 5
74782 1
74783 3
74784 10
74785 3
74786 2
74787 3
74788 4
74789 0
74790 2
74791 4
74792 8
74793 3
74794 0
74795 0
74796 1
74797 8
74798 0
74799 2
74800 6
74801 4
74802 3
74803 1
74804 0
74805 1
74806 2
74807 1
74808 4
74809 2
74810 1
74811 4
74812 4
74813 0
74814 2
74815 1
74816 5
74817 3
74818 1
74819 0
74820 3
74821 4
74822 2
74823 3
74824 10
74825 3
74826 3
74827 2
74828 4
74829 2
74830 2
74831 8
74832 4
74833 4
74834 1
74835 2
74836 3
74837 1
74838 1
74839 0
74840 2
74841 5
74842 0
74843 7
74844 10
74845 0
74846 0
74847 2
74848 4
74849 8
74850 5
74851 3
74852 2
74853 2
74854 3
74855 1
74856 3
74857 9
74858 2
74859 0
74860 3
74861 2
74862 3
74863 0
74864 6
74865 11
74866 1
74867 2
74868 6
74869 6
74870 1
74871 1
74872 5
74873 5
74874 3
74875 10
74876 1
74877 1
74878 3
74879 7
74880 32
74881 3
74882 3
74883 3
74884 3
74885 4
74886 5
74887 5
74888 5
74889 2
74890 1
74891 4
74892 7
74893 2
74894 0
74895 2
74896 8
74897 9
74898 16
74899 6
74900 7
74901 4
74902 1
74903 2
74904 2
74905 0
74906 2
74907 7
74908 2
74909 3
74910 1
74911 1
74912 4
74913 2
74914 2
74915 0
74916 2
74917 4
74918 20
74919 8
74920 2
74921 1
74922 1
74923 2
74924 2
74925 3
74926 0
74927 3
74928 5
74929 1
74930 1
74931 0
74932 5
74933 2
74934 5
74935 6
74936 4
74937 4
74938 2
74939 3
74940 1
74941 4
74942 1
74943 2
74944 8
74945 3
74946 10
74947 6
74948 3
74949 4
74950 2
74951 2
74952 2
74953 4
74954 1
74955 0
74956 2
74957 4
74958 1
74959 6
74960 4
74961 1
74962 0
74963 0
74964 4
74965 2
74966 2
74967 2
74968 1
74969 4
74970 12
74971 1
74972 4
74973 3
74974 2
74975 5
74976 3
74977 3
74978 4
74979 0
74980 2
74981 0
74982 2
74983 0
74984 3
74985 0
74986 2
74987 1
74988 0
74989 2
74990 1
74991 6
74992 5
74993 1
74994 2
74995 2
74996 2
74997 4
74998 9
74999 12
75000 40
75001 7
75002 3
75003 1
75004 1
75005 3
75006 4
75007 7
75008 7
75009 1
75010 3
75011 4
75012 11
75013 7
75014 0
75015 2
75016 0
75017 5
75018 0
75019 3
75020 12
75021 5
75022 2
75023 13
75024 49
75025 219
75026 25
75027 11
75028 8
75029 8
75030 1
75031 3
75032 3
75033 0
75034 1
75035 1
75036 6
75037 7
75038 1
75039 5
75040 5
75041 13
75042 1
75043 3
75044 1
75045 0
75046 2
75047 1
75048 7
75049 3
75050 3
75051 4
75052 8
75053 9
75054 3
75055 4
75056 5
75057 3
75058 1
75059 3
75060 2
75061 3
75062 1
75063 5
75064 1
75065 2
75066 0
75067 12
75068 0
75069 2
75070 0
75071 2
75072 1
75073 4
75074 1
75075 46
75076 42
75077 28
75078 10
75079 5
75080 7
75081 1
75082 1
75083 2
75084 3
75085 0
75086 3
75087 2
75088 1
75089 3
75090 1
75091 2
75092 3
75093 2
75094 3
75095 2
75096 5
75097 1
75098 3
75099 3
75100 1
75101 2
75102 1
75103 0
75104 1
75105 0
75106 1
75107 2
75108 8
75109 3
75110 0
75111 7
75112 3
75113 3
75114 7
75115 2
75116 2
75117 6
75118 1
75119 1
75120 5
75121 3
75122 5
75123 3
75124 1
75125 3
75126 5
75127 2
75128 1
75129 3
75130 9
75131 2
75132 3
75133 5
75134 0
75135 5
75136 2
75137 1
75138 5
75139 4
75140 7
75141 3
75142 0
75143 0
75144 3
75145 3
75146 1
75147 1
75148 2
75149 5
75150 9
75151 1
75152 2
75153 4
75154 6
75155 1
75156 3
75157 4
75158 0
75159 0
75160 1
75161 4
75162 0
75163 3
75164 3
75165 1
75166 4
75167 16
75168 12
75169 12
75170 7
75171 2
75172 2
75173 3
75174 8
75175 24
75176 4
75177 1
75178 2
75179 1
75180 7
75181 5
75182 0
75183 3
75184 4
75185 2
75186 3
75187 0
75188 0
75189 1
75190 2
75191 1
75192 5
75193 5
75194 1
75195 1
75196 1
75197 4
75198 2
75199 1
75200 7
75201 1
75202 3
75203 1
75204 3
75205 3
75206 4
75207 2
75208 4
75209 6
75210 3
75211 3
75212 0
75213 2
75214 0
75215 2
75216 1
75217 5
75218 0
75219 2
75220 2
75221 7
75222 2
75223 11
75224 2
75225 3
75226 2
75227 7
75228 1
75229 2
75230 0
75231 4
75232 3
75233 1
75234 3
75235 2
75236 2
75237 3
75238 1
75239 5
75240 6
75241 12
75242 2
75243 5
75244 2
75245 0
75246 0
75247 2
75248 5
75249 5
75250 1
75251 1
75252 5
75253 9
75254 2
75255 3
75256 4
75257 0
75258 8
75259 11
75260 5
75261 1
75262 1
75263 5
75264 23
75265 0
75266 6
75267 2
75268 3
75269 7
75270 2
75271 1
75272 15
75273 0
75274 2
75275 3
75276 4
75277 9
75278 2
75279 0
75280 1
75281 2
75282 1
75283 1
75284 6
75285 2
75286 2
75287 2
75288 0
75289 2
75290 4
75291 4
75292 2
75293 2
75294 1
75295 4
75296 1
75297 3
75298 0
75299 2
75300 0
75301 2
75302 5
75303 5
75304 3
75305 2
75306 3
75307 7
75308 0
75309 1
75310 2
75311 3
75312 2
75313 4
75314 3
75315 2
75316 8
75317 3
75318 3
75319 4
75320 7
75321 0
75322 0
75323 6
75324 5
75325 2
75326 0
75327 2
75328 5
75329 8
75330 5
75331 2
75332 0
75333 2
75334 1
75335 3
75336 2
75337 2
75338 2
75339 1
75340 1
75341 2
75342 2
75343 1
75344 4
75345 1
75346 5
75347 2
75348 6
75349 4
75350 2
75351 2
75352 0
75353 9
75354 0
75355 1
75356 0
75357 5
75358 1
75359 5
75360 3
75361 69
75362 1
75363 3
75364 0
75365 0
75366 0
75367 4
75368 3
75369 0
75370 2
75371 1
75372 3
75373 1
75374 3
75375 4
75376 4
75377 6
75378 2
75379 0
75380 3
75381 4
75382 2
75383 1
75384 6
75385 3
75386 3
75387 2
75388 1
75389 3
75390 4
75391 10
75392 7
75393 2
75394 1
75395 1
75396 3
75397 3
75398 2
75399 0
75400 7
75401 3
75402 4
75403 5
75404 0
75405 4
75406 1
75407 1
75408 2
75409 0
75410 1
75411 4
75412 5
75413 4
75414 1
75415 3
75416 0
75417 4
75418 2
75419 3
75420 3
75421 0
75422 2
75423 1
75424 3
75425 3
75426 1
75427 1
75428 0
75429 0
75430 5
75431 6
75432 3
75433 2
75434 3
75435 2
75436 0
75437 3
75438 3
75439 3
75440 4
75441 4
75442 1
75443 1
75444 4
75445 1
75446 2
75447 1
75448 1
75449 6
75450 2
75451 3
75452 0
75453 1
75454 1
75455 0
75456 6
75457 4
75458 0
75459 2
75460 5
75461 1
75462 4
75463 3
75464 3
75465 4
75466 7
75467 0
75468 4
75469 2
75470 3
75471 1
75472 3
75473 0
75474 2
75475 1
75476 1
75477 0
75478 0
75479 3
75480 7
75481 0
75482 2
75483 0
75484 0
75485 0
75486 3
75487 0
75488 0
75489 1
75490 2
75491 2
75492 3
75493 1
75494 5
75495 11
75496 2
75497 2
75498 6
75499 3
75500 6
75501 1
75502 0
75503 5
75504 9
75505 1
75506 0
75507 2
75508 0
75509 2
75510 5
75511 6
75512 1
75513 0
75514 2
75515 2
75516 9
75517 6
75518 1
75519 0
75520 4
75521 9
75522 2
75523 0
75524 1
75525 8
75526 0
75527 9
75528 2
75529 3
75530 3
75531 4
75532 1
75533 11
75534 1
75535 0
75536 3
75537 2
75538 1
75539 5
75540 6
75541 6
75542 4
75543 1
75544 2
75545 4
75546 1
75547 5
75548 2
75549 1
75550 1
75551 2
75552 5
75553 9
75554 1
75555 4
75556 1
75557 45
75558 4
75559 3
75560 2
75561 3
75562 2
75563 0
75564 0
75565 1
75566 0
75567 2
75568 2
75569 2
75570 3
75571 2
75572 2
75573 7
75574 0
75575 2
75576 6
75577 17
75578 0
75579 3
75580 3
75581 7
75582 83
75583 5
75584 1
75585 2
75586 0
75587 1
75588 2
75589 3
75590 1
75591 2
75592 7
75593 1
75594 0
75595 11
75596 1
75597 1
75598 3
75599 7
75600 238
75601 8
75602 1
75603 2
75604 1
75605 1
75606 2
75607 1
75608 1
75609 5
75610 3
75611 2
75612 1
75613 3
75614 4
75615 3
75616 3
75617 4
75618 2
75619 2
75620 2
75621 6
75622 0
75623 0
75624 4
75625 49
75626 4
75627 3
75628 2
75629 5
75630 3
75631 2
75632 6
75633 2
75634 6
75635 7
75636 3
75637 2
75638 2
75639 4
75640 3
75641 6
75642 0
75643 1
75644 2
75645 1
75646 2
75647 3
75648 3
75649 0
75650 6
75651 0
75652 1
75653 8
75654 4
75655 0
75656 5
75657 4
75658 8
75659 7
75660 4
75661 0
75662 2
75663 2
75664 3
75665 7
75666 1
75667 2
75668 4
75669 1
75670 0
75671 1
75672 2
75673 2
75674 5
75675 5
75676 1
75677 0
75678 2
75679 1
75680 0
75681 4
75682 3
75683 3
75684 1
75685 2
75686 2
75687 0
75688 4
75689 3
75690 3
75691 0
75692 2
75693 3
75694 0
75695 2
75696 4
75697 0
75698 1
75699 1
75700 5
75701 5
75702 4
75703 9
75704 3
75705 1
75706 3
75707 8
75708 3
75709 2
75710 0
75711 3
75712 4
75713 2
75714 5
75715 0
75716 1
75717 0
75718 0
75719 1
75720 5
75721 11
75722 0
75723 2
75724 5
75725 8
75726 3
75727 0
75728 0
75729 0
75730 1
75731 2
75732 4
75733 1
75734 3
75735 13
75736 4
75737 4
75738 4
75739 3
75740 1
75741 2
75742 1
75743 4
75744 8
75745 0
75746 1
75747 1
75748 3
75749 0
75750 4
75751 2
75752 0
75753 6
75754 4
75755 1
75756 2
75757 4
75758 1
75759 1
75760 2
75761 4
75762 2
75763 5
75764 2
75765 3
75766 1
75767 4
75768 10
75769 3
75770 2
75771 3
75772 4
75773 3
75774 2
75775 10
75776 11
75777 7
75778 3
75779 2
75780 5
75781 5
75782 3
75783 0
75784 1
75785 0
75786 0
75787 3
75788 1
75789 1
75790 6
75791 0
75792 5
75793 4
75794 2
75795 4
75796 2
75797 9
75798 2
75799 3
75800 2
75801 2
75802 0
75803 2
75804 3
75805 0
75806 0
75807 1
75808 2
75809 7
75810 8
75811 4
75812 4
75813 0
75814 1
75815 1
75816 9
75817 0
75818 1
75819 7
75820 4
75821 4
75822 1
75823 3
75824 2
75825 4
75826 0
75827 1
75828 0
75829 0
75830 1
75831 3
75832 2
75833 3
75834 1
75835 3
75836 3
75837 1
75838 3
75839 1
75840 7
75841 2
75842 5
75843 7
75844 3
75845 4
75846 1
75847 3
75848 3
75849 0
75850 0
75851 5
75852 69
75853 10
75854 1
75855 7
75856 13
75857 5
75858 2
75859 5
75860 1
75861 2
75862 3
75863 1
75864 1
75865 2
75866 3
75867 2
75868 1
75869 5
75870 3
75871 0
75872 1
75873 3
75874 0
75875 1
75876 4
75877 2
75878 2
75879 3
75880 4
75881 2
75882 3
75883 4
75884 3
75885 1
75886 0
75887 4
75888 5
75889 1
75890 0
75891 0
75892 2
75893 1
75894 8
75895 3
75896 1
75897 0
75898 4
75899 4
75900 6
75901 2
75902 0
75903 0
75904 3
75905 12
75906 1
75907 4
75908 3
75909 1
75910 2
75911 2
75912 3
75913 14
75914 2
75915 2
75916 2
75917 0
75918 2
75919 1
75920 13
75921 2
75922 2
75923 5
75924 10
75925 3
75926 3
75927 2
75928 2
75929 0
75930 0
75931 6
75932 2
75933 2
75934 1
75935 2
75936 6
75937 5
75938 9
75939 1
75940 0
75941 4
75942 2
75943 0
75944 5
75945 0
75946 0
75947 1
75948 2
75949 6
75950 2
75951 3
75952 4
75953 1
75954 0
75955 2
75956 1
75957 2
75958 0
75959 4
75960 4
75961 4
75962 5
75963 1
75964 0
75965 8
75966 3
75967 2
75968 0
75969 3
75970 2
75971 0
75972 3
75973 8
75974 0
75975 4
75976 1
75977 2
75978 1
75979 9
75980 3
75981 3
75982 1
75983 3
75984 2
75985 6
75986 2
75987 0
75988 0
75989 5
75990 2
75991 7
75992 6
75993 3
75994 6
75995 0
75996 1
75997 15
75998 3
75999 3
76000 18
76001 9
76002 1
76003 8
76004 1
76005 1
76006 2
76007 0
76008 2
76009 0
76010 2
76011 4
76012 2
76013 2
76014 0
76015 2
76016 3
76017 2
76018 0
76019 2
76020 4
76021 5
76022 0
76023 1
76024 4
76025 2
76026 0
76027 1
76028 2
76029 0
76030 0
76031 7
76032 29
76033 0
76034 1
76035 5
76036 0
76037 2
76038 5
76039 7
76040 4
76041 3
76042 2
76043 1
76044 2
76045 0
76046 2
76047 1
76048 5
76049 11
76050 18
76051 3
76052 1
76053 3
76054 1
76055 5
76056 4
76057 2
76058 1
76059 5
76060 1
76061 2
76062 1
76063 3
76064 1
76065 1
76066 6
76067 5
76068 9
76069 2
76070 2
76071 2
76072 2
76073 5
76074 1
76075 0
76076 18
76077 2
76078 2
76079 2
76080 0
76081 4
76082 1
76083 0
76084 20
76085 4
76086 3
76087 1
76088 2
76089 0
76090 3
76091 2
76092 6
76093 1
76094 0
76095 3
76096 18
76097 2
76098 1
76099 6
76100 1
76101 0
76102 3
76103 4
76104 9
76105 3
76106 1
76107 1
76108 3
76109 1
76110 12
76111 6
76112 6
76113 4
76114 2
76115 1
76116 3
76117 3
76118 1
76119 0
76120 1
76121 7
76122 1
76123 4
76124 0
76125 6
76126 2
76127 5
76128 5
76129 4
76130 4
76131 3
76132 1
76133 1
76134 1
76135 3
76136 4
76137 1
76138 1
76139 3
76140 3
76141 0
76142 1
76143 1
76144 3
76145 5
76146 7
76147 2
76148 2
76149 0
76150 1
76151 5
76152 3
76153 9
76154 2
76155 2
76156 2
76157 3
76158 0
76159 1
76160 17
76161 3
76162 1
76163 6
76164 1
76165 3
76166 3
76167 13
76168 6
76169 0
76170 0
76171 4
76172 1
76173 1
76174 3
76175 4
76176 43
76177 3
76178 2
76179 2
76180 4
76181 0
76182 4
76183 0
76184 1
76185 1
76186 0
76187 1
76188 9
76189 0
76190 2
76191 2
76192 1
76193 1
76194 2
76195 2
76196 2
76197 3
76198 1
76199 3
76200 9
76201 2
76202 3
76203 0
76204 1
76205 1
76206 4
76207 3
76208 3
76209 3
76210 1
76211 2
76212 7
76213 7
76214 4
76215 1
76216 3
76217 1
76218 0
76219 1
76220 1
76221 9
76222 3
76223 0
76224 4
76225 3
76226 0
76227 3
76228 3
76229 2
76230 13
76231 2
76232 3
76233 6
76234 0
76235 2
76236 5
76237 7
76238 1
76239 0
76240 0
76241 3
76242 1
76243 3
76244 0
76245 13
76246 2
76247 2
76248 1
76249 7
76250 5
76251 5
76252 2
76253 1
76254 0
76255 1
76256 3
76257 1
76258 6
76259 3
76260 2
76261 4
76262 3
76263 9
76264 9
76265 0
76266 3
76267 3
76268 2
76269 2
76270 0
76271 1
76272 2
76273 1
76274 0
76275 4
76276 0
76277 0
76278 0
76279 3
76280 1
76281 0
76282 2
76283 4
76284 2
76285 3
76286 2
76287 3
76288 4
76289 6
76290 1
76291 0
76292 0
76293 4
76294 0
76295 2
76296 9
76297 4
76298 1
76299 3
76300 6
76301 6
76302 4
76303 2
76304 2
76305 7
76306 1
76307 0
76308 4
76309 6
76310 1
76311 3
76312 3
76313 1
76314 3
76315 0
76316 0
76317 7
76318 4
76319 2
76320 7
76321 2
76322 6
76323 3
76324 2
76325 0
76326 5
76327 1
76328 3
76329 3
76330 4
76331 1
76332 9
76333 2
76334 2
76335 1
76336 2
76337 0
76338 1
76339 0
76340 5
76341 2
76342 2
76343 7
76344 2
76345 2
76346 0
76347 0
76348 0
76349 1
76350 2
76351 2
76352 3
76353 1
76354 2
76355 6
76356 1
76357 6
76358 0
76359 3
76360 3
76361 0
76362 3
76363 4
76364 2
76365 0
76366 0
76367 36
76368 3
76369 3
76370 0
76371 1
76372 3
76373 3
76374 3
76375 4
76376 1
76377 0
76378 2
76379 3
76380 0
76381 1
76382 1
76383 2
76384 12
76385 3
76386 1
76387 2
76388 1
76389 3
76390 2
76391 4
76392 2
76393 2
76394 2
76395 2
76396 0
76397 0
76398 6
76399 0
76400 2
76401 2
76402 1
76403 3
76404 6
76405 1
76406 4
76407 1
76408 0
76409 3
76410 2
76411 2
76412 1
76413 2
76414 3
76415 5
76416 10
76417 4
76418 2
76419 2
76420 2
76421 2
76422 2
76423 5
76424 10
76425 1
76426 2
76427 1
76428 1
76429 3
76430 1
76431 2
76432 2
76433 1
76434 3
76435 1
76436 2
76437 3
76438 8
76439 1
76440 23
76441 8
76442 3
76443 9
76444 3
76445 0
76446 4
76447 1
76448 2
76449 5
76450 3
76451 0
76452 6
76453 4
76454 5
76455 1
76456 6
76457 3
76458 8
76459 6
76460 4
76461 2
76462 0
76463 4
76464 8
76465 2
76466 5
76467 3
76468 6
76469 0
76470 0
76471 2
76472 1
76473 0
76474 3
76475 2
76476 4
76477 0
76478 5
76479 3
76480 3
76481 4
76482 2
76483 5
76484 0
76485 1
76486 1
76487 5
76488 3
76489 1
76490 1
76491 2
76492 0
76493 4
76494 1
76495 4
76496 1
76497 2
76498 1
76499 2
76500 8
76501 8
76502 1
76503 1
76504 2
76505 1
76506 0
76507 1
76508 1
76509 1
76510 2
76511 2
76512 0
76513 2
76514 1
76515 2
76516 4
76517 1
76518 7
76519 5
76520 3
76521 1
76522 1
76523 2
76524 2
76525 3
76526 2
76527 3
76528 1
76529 0
76530 2
76531 1
76532 3
76533 2
76534 0
76535 2
76536 2
76537 5
76538 2
76539 10
76540 3
76541 4
76542 1
76543 31
76544 25
76545 39
76546 2
76547 3
76548 6
76549 2
76550 0
76551 2
76552 4
76553 1
76554 2
76555 1
76556 0
76557 1
76558 0
76559 1
76560 13
76561 11
76562 2
76563 0
76564 0
76565 1
76566 3
76567 3
76568 6
76569 2
76570 3
76571 0
76572 2
76573 4
76574 2
76575 0
76576 3
76577 0
76578 2
76579 11
76580 1
76581 5
76582 3
76583 1
76584 1
76585 2
76586 1
76587 1
76588 0
76589 3
76590 4
76591 3
76592 4
76593 1
76594 1
76595 0
76596 3
76597 5
76598 1
76599 4
76600 1
76601 2
76602 0
76603 4
76604 1
76605 1
76606 4
76607 6
76608 16
76609 7
76610 3
76611 1
76612 0
76613 5
76614 4
76615 8
76616 3
76617 2
76618 1
76619 2
76620 5
76621 5
76622 2
76623 1
76624 1
76625 4
76626 3
76627 27
76628 3
76629 5
76630 5
76631 4
76632 6
76633 0
76634 1
76635 2
76636 18
76637 2
76638 1
76639 1
76640 5
76641 0
76642 5
76643 1
76644 0
76645 0
76646 1
76647 1
76648 3
76649 4
76650 7
76651 7
76652 0
76653 2
76654 2
76655 3
76656 0
76657 3
76658 3
76659 2
76660 4
76661 2
76662 4
76663 2
76664 2
76665 4
76666 9
76667 38
76668 1
76669 0
76670 3
76671 2
76672 1
76673 0
76674 2
76675 1
76676 4
76677 1
76678 3
76679 7
76680 5
76681 1
76682 4
76683 0
76684 5
76685 1
76686 3
76687 1
76688 4
76689 0
76690 1
76691 1
76692 7
76693 3
76694 0
76695 0
76696 2
76697 3
76698 0
76699 2
76700 0
76701 0
76702 2
76703 0
76704 4
76705 4
76706 1
76707 0
76708 0
76709 2
76710 4
76711 2
76712 5
76713 1
76714 3
76715 0
76716 0
76717 2
76718 4
76719 0
76720 10
76721 4
76722 4
76723 4
76724 3
76725 17
76726 7
76727 5
76728 6
76729 62
76730 5
76731 2
76732 0
76733 10
76734 0
76735 2
76736 8
76737 0
76738 3
76739 4
76740 3
76741 2
76742 1
76743 0
76744 1
76745 0
76746 2
76747 0
76748 1
76749 0
76750 4
76751 10
76752 8
76753 2
76754 3
76755 5
76756 1
76757 4
76758 0
76759 3
76760 3
76761 1
76762 3
76763 3
76764 1
76765 1
76766 2
76767 3
76768 1
76769 4
76770 3
76771 7
76772 1
76773 2
76774 2
76775 3
76776 7
76777 16
76778 1
76779 1
76780 3
76781 5
76782 3
76783 1
76784 2
76785 0
76786 0
76787 1
76788 5
76789 1
76790 5
76791 2
76792 0
76793 2
76794 3
76795 2
76796 0
76797 2
76798 2
76799 2
76800 28
76801 14
76802 0
76803 3
76804 1
76805 6
76806 7
76807 1
76808 1
76809 7
76810 1
76811 4
76812 0
76813 1
76814 3
76815 0
76816 3
76817 1
76818 3
76819 3
76820 2
76821 1
76822 0
76823 1
76824 4
76825 0
76826 0
76827 0
76828 1
76829 5
76830 3
76831 11
76832 38
76833 4
76834 5
76835 2
76836 2
76837 3
76838 3
76839 0
76840 12
76841 1
76842 0
76843 0
76844 2
76845 4
76846 5
76847 4
76848 6
76849 2
76850 4
76851 4
76852 0
76853 2
76854 2
76855 5
76856 6
76857 9
76858 1
76859 2
76860 4
76861 4
76862 1
76863 0
76864 0
76865 2
76866 4
76867 4
76868 2
76869 2
76870 1
76871 5
76872 4
76873 3
76874 3
76875 12
76876 0
76877 1
76878 1
76879 3
76880 15
76881 3
76882 2
76883 5
76884 4
76885 1
76886 2
76887 2
76888 2
76889 2
76890 1
76891 2
76892 2
76893 1
76894 3
76895 8
76896 4
76897 2
76898 1
76899 2
76900 0
76901 1
76902 1
76903 1
76904 1
76905 4
76906 0
76907 3
76908 6
76909 0
76910 0
76911 0
76912 16
76913 6
76914 2
76915 1
76916 1
76917 0
76918 5
76919 3
76920 5
76921 5
76922 2
76923 18
76924 0
76925 3
76926 3
76927 5
76928 3
76929 4
76930 1
76931 5
76932 2
76933 3
76934 3
76935 2
76936 4
76937 1
76938 0
76939 1
76940 1
76941 2
76942 1
76943 6
76944 7
76945 1
76946 0
76947 2
76948 1
76949 2
76950 3
76951 9
76952 1
76953 2
76954 2
76955 4
76956 3
76957 1
76958 2
76959 1
76960 4
76961 2
76962 2
76963 6
76964 1
76965 4
76966 2
76967 5
76968 2
76969 1
76970 0
76971 0
76972 7
76973 1
76974 0
76975 0
76976 4
76977 2
76978 5
76979 1
76980 2
76981 4
76982 2
76983 4
76984 1
76985 5
76986 4
76987 1
76988 1
76989 1
76990 1
76991 0
76992 3
76993 3
76994 3
76995 3
76996 5
76997 2
76998 4
76999 4
77000 11
77001 2
77002 0
77003 1
77004 0
77005 1
77006 7
77007 5
77008 4
77009 2
77010 7
77011 4
77012 0
77013 3
77014 2
77015 1
77016 3
77017 5
77018 1
77019 5
77020 1
77021 1
77022 3
77023 7
77024 3
77025 3
77026 2
77027 2
77028 7
77029 0
77030 1
77031 6
77032 1
77033 0
77034 2
77035 0
77036 0
77037 1
77038 1
77039 1
77040 6
77041 4
77042 3
77043 2
77044 5
77045 6
77046 1
77047 12
77048 1
77049 2
77050 1
77051 2
77052 4
77053 5
77054 4
77055 0
77056 8
77057 6
77058 5
77059 4
77060 1
77061 4
77062 1
77063 5
77064 5
77065 0
77066 1
77067 6
77068 1
77069 3
77070 5
77071 3
77072 2
77073 1
77074 0
77075 2
77076 5
77077 18
77078 5
77079 5
77080 2
77081 2
77082 0
77083 2
77084 3
77085 1
77086 1
77087 2
77088 3
77089 1
77090 3
77091 0
77092 6
77093 3
77094 1
77095 1
77096 3
77097 4
77098 3
77099 0
77100 3
77101 7
77102 5
77103 0
77104 0
77105 1
77106 0
77107 0
77108 1
77109 0
77110 2
77111 1
77112 8
77113 1
77114 0
77115 3
77116 1
77117 3
77118 2
77119 1
77120 4
77121 5
77122 1
77123 1
77124 5
77125 4
77126 0
77127 1
77128 5
77129 2
77130 1
77131 1
77132 3
77133 3
77134 2
77135 4
77136 2
77137 4
77138 1
77139 1
77140 4
77141 6
77142 6
77143 2
77144 1
77145 2
77146 1
77147 1
77148 2
77149 0
77150 2
77151 0
77152 5
77153 3
77154 1
77155 4
77156 0
77157 0
77158 0
77159 0
77160 1
77161 3
77162 2
77163 1
77164 2
77165 0
77166 2
77167 2
77168 3
77169 0
77170 2
77171 7
77172 1
77173 3
77174 2
77175 23
77176 1
77177 7
77178 2
77179 0
77180 3
77181 3
77182 1
77183 2
77184 7
77185 3
77186 1
77187 2
77188 1
77189 1
77190 2
77191 6
77192 0
77193 1
77194 6
77195 3
77196 1
77197 2
77198 4
77199 2
77200 6
77201 1
77202 1
77203 1
77204 0
77205 1
77206 3
77207 2
77208 4
77209 2
77210 1
77211 1
77212 4
77213 6
77214 0
77215 1
77216 5
77217 0
77218 0
77219 4
77220 13
77221 2
77222 0
77223 0
77224 8
77225 2
77226 3
77227 0
77228 0
77229 0
77230 2
77231 7
77232 3
77233 2
77234 4
77235 1
77236 3
77237 11
77238 4
77239 0
77240 0
77241 1
77242 0
77243 1
77244 1
77245 3
77246 2
77247 0
77248 6
77249 2
77250 1
77251 4
77252 1
77253 1
77254 0
77255 0
77256 1
77257 3
77258 3
77259 0
77260 2
77261 6
77262 1
77263 4
77264 1
77265 5
77266 2
77267 7
77268 0
77269 9
77270 6
77271 0
77272 2
77273 1
77274 4
77275 4
77276 4
77277 5
77278 1
77279 11
77280 20
77281 2
77282 3
77283 3
77284 21
77285 11
77286 2
77287 0
77288 2
77289 2
77290 2
77291 4
77292 6
77293 3
77294 2
77295 0
77296 3
77297 3
77298 2
77299 3
77300 2
77301 4
77302 1
77303 0
77304 2
77305 4
77306 1
77307 0
77308 1
77309 2
77310 2
77311 3
77312 5
77313 0
77314 3
77315 0
77316 2
77317 3
77318 0
77319 4
77320 3
77321 1
77322 4
77323 9
77324 3
77325 2
77326 3
77327 2
77328 5
77329 0
77330 3
77331 0
77332 0
77333 0
77334 2
77335 2
77336 2
77337 2
77338 1
77339 1
77340 4
77341 1
77342 0
77343 3
77344 4
77345 0
77346 0
77347 1
77348 2
77349 2
77350 8
77351 3
77352 6
77353 3
77354 1
77355 1
77356 3
77357 0
77358 4
77359 5
77360 5
77361 2
77362 2
77363 5
77364 2
77365 1
77366 1
77367 0
77368 3
77369 3
77370 1
77371 1
77372 5
77373 2
77374 1
77375 4
77376 1
77377 53
77378 5
77379 1
77380 1
77381 1
77382 0
77383 6
77384 4
77385 10
77386 3
77387 3
77388 7
77389 1
77390 1
77391 2
77392 1
77393 2
77394 2
77395 0
77396 3
77397 1
77398 0
77399 3
77400 3
77401 2
77402 3
77403 3
77404 0
77405 2
77406 7
77407 2
77408 1
77409 1
77410 3
77411 0
77412 2
77413 0
77414 4
77415 1
77416 1
77417 6
77418 5
77419 6
77420 1
77421 8
77422 1
77423 3
77424 4
77425 2
77426 5
77427 2
77428 0
77429 4
77430 1
77431 4
77432 0
77433 1
77434 3
77435 2
77436 2
77437 3
77438 1
77439 2
77440 8
77441 8
77442 1
77443 1
77444 1
77445 2
77446 1
77447 10
77448 4
77449 2
77450 1
77451 4
77452 1
77453 1
77454 1
77455 1
77456 2
77457 3
77458 3
77459 5
77460 2
77461 1
77462 0
77463 1
77464 1
77465 3
77466 5
77467 1
77468 0
77469 3
77470 3
77471 2
77472 5
77473 2
77474 1
77475 3
77476 2
77477 34
77478 0
77479 3
77480 1
77481 1
77482 0
77483 0
77484 3
77485 5
77486 2
77487 0
77488 3
77489 6
77490 11
77491 4
77492 1
77493 1
77494 1
77495 1
77496 1
77497 2
77498 6
77499 4
77500 11
77501 1
77502 0
77503 3
77504 2
77505 3
77506 5
77507 4
77508 1
77509 5
77510 2
77511 3
77512 2
77513 4
77514 2
77515 3
77516 1
77517 2
77518 1
77519 12
77520 54
77521 8
77522 0
77523 3
77524 0
77525 2
77526 1
77527 10
77528 3
77529 2
77530 4
77531 7
77532 1
77533 6
77534 0
77535 0
77536 0
77537 6
77538 0
77539 3
77540 8
77541 2
77542 0
77543 3
77544 0
77545 3
77546 2
77547 1
77548 1
77549 4
77550 4
77551 6
77552 0
77553 0
77554 2
77555 2
77556 4
77557 17
77558 2
77559 2
77560 7
77561 0
77562 1
77563 7
77564 0
77565 1
77566 1
77567 1
77568 2
77569 5
77570 4
77571 5
77572 5
77573 3
77574 3
77575 3
77576 6
77577 5
77578 1
77579 1
77580 6
77581 0
77582 3
77583 0
77584 2
77585 1
77586 0
77587 4
77588 1
77589 0
77590 1
77591 2
77592 1
77593 5
77594 0
77595 4
77596 1
77597 3
77598 2
77599 0
77600 5
77601 3
77602 3
77603 1
77604 1
77605 0
77606 3
77607 0
77608 3
77609 2
77610 1
77611 1
77612 1
77613 5
77614 2
77615 2
77616 36
77617 20
77618 6
77619 1
77620 7
77621 7
77622 2
77623 5
77624 2
77625 2
77626 1
77627 2
77628 0
77629 1
77630 3
77631 2
77632 3
77633 2
77634 2
77635 6
77636 2
77637 3
77638 1
77639 0
77640 5
77641 6
77642 4
77643 1
77644 2
77645 5
77646 0
77647 5
77648 3
77649 9
77650 4
77651 1
77652 2
77653 5
77654 2
77655 2
77656 2
77657 2
77658 19
77659 12
77660 3
77661 1
77662 0
77663 1
77664 4
77665 1
77666 0
77667 4
77668 2
77669 4
77670 2
77671 13
77672 3
77673 0
77674 2
77675 1
77676 3
77677 5
77678 3
77679 3
77680 1
77681 4
77682 2
77683 26
77684 2
77685 5
77686 2
77687 5
77688 10
77689 10
77690 3
77691 2
77692 1
77693 3
77694 3
77695 4
77696 4
77697 3
77698 0
77699 2
77700 10
77701 9
77702 0
77703 0
77704 1
77705 5
77706 5
77707 6
77708 3
77709 2
77710 2
77711 19
77712 4
77713 9
77714 4
77715 3
77716 1
77717 4
77718 0
77719 7
77720 3
77721 2
77722 1
77723 5
77724 2
77725 2
77726 4
77727 4
77728 0
77729 3
77730 4
77731 4
77732 2
77733 2
77734 1
77735 1
77736 0
77737 1
77738 0
77739 1
77740 0
77741 1
77742 2
77743 9
77744 16
77745 5
77746 2
77747 13
77748 7
77749 1
77750 0
77751 1
77752 4
77753 2
77754 1
77755 4
77756 0
77757 5
77758 0
77759 5
77760 50
77761 15
77762 1
77763 3
77764 2
77765 0
77766 4
77767 6
77768 0
77769 2
77770 7
77771 5
77772 3
77773 28
77774 2
77775 3
77776 10
77777 34
77778 15
77779 10
77780 2
77781 4
77782 2
77783 6
77784 1
77785 3
77786 3
77787 3
77788 3
77789 4
77790 2
77791 1
77792 9
77793 6
77794 4
77795 2
77796 5
77797 21
77798 3
77799 3
77800 4
77801 2
77802 1
77803 1
77804 1
77805 12
77806 5
77807 0
77808 3
77809 2
77810 2
77811 2
77812 1
77813 5
77814 1
77815 6
77816 4
77817 0
77818 1
77819 1
77820 0
77821 7
77822 1
77823 9
77824 22
77825 8
77826 1
77827 1
77828 3
77829 1
77830 5
77831 0
77832 3
77833 0
77834 0
77835 0
77836 4
77837 10
77838 0
77839 7
77840 4
77841 34
77842 5
77843 0
77844 3
77845 2
77846 0
77847 2
77848 1
77849 1
77850 4
77851 1
77852 0
77853 2
77854 1
77855 1
77856 4
77857 4
77858 4
77859 3
77860 2
77861 3
77862 2
77863 3
77864 1
77865 1
77866 1
77867 7
77868 2
77869 2
77870 0
77871 3
77872 2
77873 2
77874 6
77875 4
77876 0
77877 3
77878 4
77879 5
77880 5
77881 1
77882 3
77883 0
77884 3
77885 1
77886 1
77887 4
77888 6
77889 0
77890 3
77891 1
77892 0
77893 2
77894 0
77895 2
77896 5
77897 4
77898 4
77899 9
77900 2
77901 0
77902 0
77903 2
77904 7
77905 1
77906 2
77907 2
77908 1
77909 3
77910 8
77911 3
77912 1
77913 1
77914 0
77915 4
77916 2
77917 2
77918 3
77919 2
77920 0
77921 1
77922 4
77923 3
77924 8
77925 2
77926 1
77927 0
77928 0
77929 3
77930 3
77931 0
77932 0
77933 3
77934 6
77935 0
77936 1
77937 2
77938 4
77939 2
77940 2
77941 2
77942 0
77943 0
77944 2
77945 0
77946 5
77947 3
77948 1
77949 2
77950 2
77951 6
77952 14
77953 5
77954 1
77955 7
77956 1
77957 2
77958 2
77959 7
77960 6
77961 0
77962 1
77963 1
77964 3
77965 2
77966 0
77967 2
77968 2
77969 15
77970 3
77971 3
77972 0
77973 2
77974 3
77975 1
77976 12
77977 42
77978 4
77979 2
77980 6
77981 6
77982 0
77983 2
77984 1
77985 1
77986 3
77987 4
77988 2
77989 1
77990 1
77991 1
77992 3
77993 0
77994 3
77995 2
77996 0
77997 6
77998 3
77999 19
78000 27
78001 2
78002 1
78003 4
78004 2
78005 8
78006 3
78007 9
78008 2
78009 0
78010 0
78011 0
78012 4
78013 8
78014 3
78015 3
78016 0
78017 3
78018 1
78019 3
78020 1
78021 3
78022 0
78023 5
78024 2
78025 5
78026 0
78027 0
78028 4
78029 2
78030 5
78031 5
78032 3
78033 5
78034 3
78035 4
78036 1
78037 3
78038 0
78039 2
78040 6
78041 4
78042 1
78043 0
78044 3
78045 8
78046 2
78047 2
78048 6
78049 2
78050 3
78051 2
78052 6
78053 3
78054 0
78055 4
78056 1
78057 1
78058 1
78059 1
78060 5
78061 5
78062 1
78063 6
78064 5
78065 0
78066 0
78067 0
78068 1
78069 0
78070 2
78071 1
78072 1
78073 1
78074 2
78075 0
78076 3
78077 2
78078 17
78079 7
78080 12
78081 0
78082 1
78083 1
78084 0
78085 3
78086 2
78087 0
78088 1
78089 14
78090 6
78091 0
78092 1
78093 3
78094 3
78095 6
78096 3
78097 0
78098 2
78099 1
78100 1
78101 14
78102 3
78103 1
78104 3
78105 2
78106 1
78107 1
78108 0
78109 2
78110 0
78111 2
78112 4
78113 2
78114 1
78115 7
78116 4
78117 6
78118 2
78119 8
78120 30
78121 26
78122 2
78123 6
78124 24
78125 373
78126 63
78127 11
78128 1
78129 8
78130 9
78131 6
78132 8
78133 8
78134 6
78135 7
78136 2
78137 8
78138 3
78139 3
78140 1
78141 3
78142 5
78143 1
78144 11
78145 2
78146 2
78147 8
78148 3
78149 1
78150 5
78151 8
78152 0
78153 0
78154 2
78155 15
78156 4
78157 11
78158 1
78159 2
78160 3
78161 1
78162 1
78163 7
78164 0
78165 1
78166 2
78167 3
78168 2
78169 1
78170 1
78171 2
78172 1
78173 5
78174 2
78175 1
78176 0
78177 1
78178 0
78179 1
78180 4
78181 3
78182 2
78183 5
78184 7
78185 2
78186 1
78187 3
78188 6
78189 2
78190 3
78191 2
78192 5
78193 3
78194 0
78195 4
78196 4
78197 1
78198 0
78199 3
78200 6
78201 0
78202 0
78203 3
78204 8
78205 6
78206 2
78207 1
78208 1
78209 2
78210 11
78211 2
78212 1
78213 4
78214 0
78215 1
78216 5
78217 2
78218 2
78219 1
78220 3
78221 3
78222 2
78223 1
78224 2
78225 2
78226 2
78227 3
78228 2
78229 2
78230 2
78231 1
78232 1
78233 4
78234 1
78235 0
78236 0
78237 1
78238 1
78239 1
78240 6
78241 3
78242 2
78243 6
78244 9
78245 2
78246 6
78247 2
78248 3
78249 0
78250 5
78251 1
78252 2
78253 18
78254 4
78255 7
78256 3
78257 4
78258 0
78259 6
78260 4
78261 2
78262 2
78263 1
78264 2
78265 1
78266 0
78267 4
78268 3
78269 3
78270 0
78271 1
78272 3
78273 5
78274 1
78275 4
78276 4
78277 4
78278 2
78279 3
78280 2
78281 3
78282 4
78283 5
78284 1
78285 2
78286 0
78287 3
78288 5
78289 2
78290 2
78291 0
78292 2
78293 1
78294 1
78295 1
78296 4
78297 0
78298 0
78299 1
78300 9
78301 9
78302 6
78303 3
78304 4
78305 0
78306 4
78307 4
78308 0
78309 1
78310 2
78311 0
78312 1
78313 2
78314 0
78315 2
78316 3
78317 4
78318 4
78319 2
78320 4
78321 0
78322 3
78323 1
78324 3
78325 1
78326 0
78327 1
78328 3
78329 5
78330 9
78331 2
78332 3
78333 0
78334 2
78335 3
78336 21
78337 3
78338 3
78339 3
78340 1
78341 3
78342 3
78343 2
78344 3
78345 4
78346 1
78347 2
78348 2
78349 1
78350 0
78351 4
78352 3
78353 4
78354 6
78355 1
78356 3
78357 3
78358 1
78359 1
78360 5
78361 1
78362 0
78363 3
78364 1
78365 4
78366 3
78367 2
78368 5
78369 8
78370 2
78371 1
78372 5
78373 4
78374 2
78375 1
78376 5
78377 2
78378 1
78379 2
78380 4
78381 3
78382 3
78383 0
78384 2
78385 3
78386 1
78387 3
78388 1
78389 3
78390 1
78391 7
78392 4
78393 3
78394 1
78395 1
78396 0
78397 0
78398 0
78399 6
78400 49
78401 14
78402 3
78403 4
78404 7
78405 2
78406 6
78407 8
78408 24
78409 15
78410 3
78411 1
78412 3
78413 1
78414 5
78415 0
78416 11
78417 0
78418 4
78419 0
78420 8
78421 2
78422 1
78423 2
78424 1
78425 0
78426 1
78427 1
78428 8
78429 1
78430 3
78431 3
78432 6
78433 6
78434 5
78435 4
78436 3
78437 0
78438 0
78439 8
78440 5
78441 5
78442 1
78443 0
78444 2
78445 2
78446 0
78447 2
78448 5
78449 2
78450 0
78451 3
78452 1
78453 1
78454 1
78455 0
78456 3
78457 2
78458 1
78459 1
78460 2
78461 1
78462 1
78463 1
78464 4
78465 0
78466 3
78467 6
78468 3
78469 1
78470 1
78471 1
78472 5
78473 1
78474 1
78475 4
78476 6
78477 1
78478 1
78479 0
78480 8
78481 4
78482 1
78483 3
78484 5
78485 2
78486 4
78487 17
78488 4
78489 8
78490 3
78491 0
78492 2
78493 2
78494 1
78495 4
78496 2
78497 4
78498 9
78499 4
78500 1
78501 2
78502 0
78503 0
78504 3
78505 1
78506 5
78507 6
78508 1
78509 6
78510 0
78511 3
78512 1
78513 0
78514 0
78515 2
78516 4
78517 2
78518 1
78519 4
78520 3
78521 1
78522 0
78523 0
78524 1
78525 1
78526 0
78527 3
78528 3
78529 2
78530 2
78531 1
78532 2
78533 0
78534 0
78535 1
78536 1
78537 0
78538 0
78539 8
78540 37
78541 10
78542 2
78543 2
78544 2
78545 3
78546 2
78547 6
78548 1
78549 1
78550 0
78551 0
78552 2
78553 4
78554 0
78555 1
78556 2
78557 10
78558 1
78559 0
78560 2
78561 4
78562 3
78563 1
78564 0
78565 1
78566 0
78567 3
78568 3
78569 7
78570 4
78571 3
78572 0
78573 5
78574 2
78575 2
78576 6
78577 5
78578 5
78579 1
78580 0
78581 1
78582 0
78583 1
78584 1
78585 2
78586 2
78587 2
78588 2
78589 2
78590 2
78591 4
78592 9
78593 7
78594 1
78595 6
78596 2
78597 7
78598 1
78599 5
78600 5
78601 3
78602 4
78603 2
78604 2
78605 0
78606 5
78607 10
78608 31
78609 5
78610 4
78611 0
78612 0
78613 0
78614 4
78615 2
78616 0
78617 1
78618 0
78619 0
78620 0
78621 1
78622 1
78623 3
78624 47
78625 21
78626 2
78627 2
78628 5
78629 3
78630 1
78631 3
78632 3
78633 1
78634 0
78635 2
78636 1
78637 1
78638 1
78639 0
78640 0
78641 1
78642 6
78643 21
78644 6
78645 4
78646 2
78647 2
78648 4
78649 4
78650 5
78651 9
78652 9
78653 11
78654 5
78655 6
78656 4
78657 0
78658 4
78659 2
78660 13
78661 8
78662 0
78663 2
78664 4
78665 1
78666 3
78667 2
78668 0
78669 2
78670 2
78671 0
78672 2
78673 1
78674 4
78675 2
78676 1
78677 2
78678 2
78679 6
78680 3
78681 0
78682 3
78683 1
78684 4
78685 4
78686 2
78687 3
78688 4
78689 2
78690 4
78691 3
78692 0
78693 1
78694 5
78695 2
78696 6
78697 2
78698 4
78699 0
78700 2
78701 1
78702 0
78703 0
78704 3
78705 12
78706 4
78707 4
78708 5
78709 0
78710 4
78711 2
78712 3
78713 3
78714 0
78715 1
78716 1
78717 8
78718 0
78719 2
78720 10
78721 3
78722 0
78723 1
78724 2
78725 2
78726 5
78727 0
78728 7
78729 13
78730 6
78731 9
78732 134
78733 9
78734 6
78735 4
78736 13
78737 9
78738 1
78739 3
78740 3
78741 2
78742 1
78743 1
78744 5
78745 6
78746 1
78747 0
78748 3
78749 4
78750 44
78751 5
78752 3
78753 4
78754 1
78755 2
78756 4
78757 0
78758 1
78759 2
78760 5
78761 7
78762 3
78763 1
78764 4
78765 3
78766 4
78767 0
78768 2
78769 0
78770 2
78771 1
78772 0
78773 1
78774 2
78775 1
78776 3
78777 2
78778 5
78779 11
78780 4
78781 7
78782 0
78783 0
78784 1
78785 5
78786 4
78787 55
78788 1
78789 0
78790 2
78791 11
78792 7
78793 6
78794 1
78795 1
78796 0
78797 6
78798 2
78799 5
78800 7
78801 0
78802 0
78803 3
78804 7
78805 1
78806 1
78807 2
78808 1
78809 5
78810 3
78811 2
78812 6
78813 5
78814 3
78815 4
78816 1
78817 0
78818 1
78819 7
78820 1
78821 4
78822 0
78823 4
78824 5
78825 2
78826 3
78827 0
78828 1
78829 2
78830 1
78831 1
78832 4
78833 1
78834 3
78835 0
78836 2
78837 0
78838 1
78839 4
78840 8
78841 1
78842 0
78843 4
78844 1
78845 2
78846 1
78847 2
78848 17
78849 7
78850 2
78851 4
78852 1
78853 3
78854 1
78855 1
78856 0
78857 5
78858 3
78859 2
78860 1
78861 2
78862 1
78863 1
78864 2
78865 1
78866 1
78867 0
78868 3
78869 0
78870 1
78871 0
78872 1
78873 1
78874 2
78875 1
78876 3
78877 16
78878 1
78879 0
78880 7
78881 8
78882 3
78883 3
78884 1
78885 0
78886 1
78887 45
78888 6
78889 12
78890 2
78891 2
78892 1
78893 2
78894 3
78895 2
78896 0
78897 7
78898 1
78899 2
78900 4
78901 18
78902 1
78903 2
78904 1
78905 5
78906 4
78907 4
78908 2
78909 4
78910 10
78911 3
78912 11
78913 4
78914 7
78915 4
78916 1
78917 4
78918 1
78919 4
78920 3
78921 0
78922 1
78923 2
78924 1
78925 0
78926 0
78927 1
78928 2
78929 6
78930 3
78931 1
78932 4
78933 1
78934 0
78935 1
78936 7
78937 5
78938 2
78939 5
78940 2
78941 3
78942 1
78943 3
78944 0
78945 0
78946 1
78947 2
78948 1
78949 0
78950 0
78951 2
78952 3
78953 0
78954 3
78955 1
78956 1
78957 2
78958 2
78959 3
78960 15
78961 44
78962 3
78963 2
78964 1
78965 1
78966 2
78967 2
78968 2
78969 1
78970 0
78971 2
78972 2
78973 3
78974 2
78975 28
78976 8
78977 6
78978 3
78979 8
78980 2
78981 7
78982 0
78983 1
78984 2
78985 2
78986 0
78987 4
78988 2
78989 9
78990 1
78991 0
78992 0
78993 2
78994 0
78995 2
78996 3
78997 0
78998 1
78999 3
79000 9
79001 4
79002 15
79003 58
79004 0
79005 0
79006 3
79007 3
79008 11
79009 0
79010 0
79011 2
79012 2
79013 1
79014 0
79015 5
79016 1
79017 5
79018 1
79019 1
79020 2
79021 1
79022 1
79023 4
79024 1
79025 4
79026 3
79027 3
79028 0
79029 1
79030 2
79031 3
79032 3
79033 3
79034 0
79035 4
79036 1
79037 2
79038 0
79039 4
79040 8
79041 2
79042 5
79043 3
79044 3
79045 1
79046 1
79047 5
79048 2
79049 0
79050 4
79051 4
79052 1
79053 2
79054 7
79055 1
79056 12
79057 3
79058 1
79059 1
79060 0
79061 1
79062 0
79063 3
79064 2
79065 5
79066 2
79067 2
79068 1
79069 1
79070 0
79071 2
79072 0
79073 1
79074 4
79075 2
79076 0
79077 1
79078 3
79079 15
79080 2
79081 6
79082 0
79083 1
79084 2
79085 2
79086 2
79087 5
79088 2
79089 0
79090 5
79091 9
79092 24
79093 3
79094 1
79095 0
79096 5
79097 4
79098 1
79099 1
79100 2
79101 3
79102 2
79103 1
79104 6
79105 2
79106 0
79107 3
79108 2
79109 2
79110 1
79111 7
79112 4
79113 2
79114 1
79115 2
79116 7
79117 2
79118 8
79119 2
79120 4
79121 3
79122 0
79123 0
79124 1
79125 1
79126 1
79127 1
79128 4
79129 2
79130 2
79131 1
79132 0
79133 2
79134 5
79135 6
79136 1
79137 3
79138 0
79139 2
79140 1
79141 0
79142 1
79143 3
79144 2
79145 1
79146 3
79147 3
79148 0
79149 1
79150 2
79151 3
79152 0
79153 6
79154 2
79155 2
79156 1
79157 2
79158 2
79159 3
79160 2
79161 3
79162 7
79163 0
79164 6
79165 4
79166 1
79167 2
79168 2
79169 3
79170 21
79171 1
79172 5
79173 0
79174 4
79175 1
79176 0
79177 4
79178 4
79179 3
79180 3
79181 3
79182 3
79183 3
79184 2
79185 5
79186 6
79187 0
79188 1
79189 3
79190 1
79191 2
79192 0
79193 7
79194 1
79195 2
79196 3
79197 3
79198 0
79199 3
79200 32
79201 33
79202 2
79203 1
79204 5
79205 6
79206 9
79207 3
79208 4
79209 6
79210 6
79211 4
79212 6
79213 3
79214 2
79215 1
79216 3
79217 1
79218 5
79219 3
79220 3
79221 5
79222 6
79223 3
79224 1
79225 5
79226 4
79227 0
79228 2
79229 6
79230 3
79231 1
79232 1
79233 6
79234 4
79235 3
79236 3
79237 1
79238 7
79239 0
79240 5
79241 6
79242 3
79243 3
79244 4
79245 3
79246 1
79247 1
79248 13
79249 4
79250 1
79251 1
79252 2
79253 4
79254 2
79255 3
79256 2
79257 1
79258 1
79259 9
79260 5
79261 4
79262 1
79263 0
79264 4
79265 2
79266 8
79267 3
79268 2
79269 0
79270 1
79271 1
79272 3
79273 4
79274 0
79275 2
79276 2
79277 0
79278 1
79279 4
79280 4
79281 4
79282 0
79283 1
79284 1
79285 2
79286 6
79287 0
79288 2
79289 0
79290 4
79291 2
79292 5
79293 3
79294 0
79295 3
79296 8
79297 3
79298 0
79299 0
79300 4
79301 4
79302 0
79303 1
79304 4
79305 1
79306 2
79307 3
79308 3
79309 1
79310 2
79311 0
79312 0
79313 0
79314 1
79315 1
79316 7
79317 4
79318 2
79319 7
79320 2
79321 1
79322 0
79323 1
79324 3
79325 1
79326 7
79327 4
79328 7
79329 0
79330 0
79331 1
79332 2
79333 6
79334 0
79335 8
79336 2
79337 6
79338 5
79339 3
79340 1
79341 0
79342 1
79343 2
79344 5
79345 6
79346 1
79347 0
79348 1
79349 3
79350 3
79351 2
79352 3
79353 5
79354 4
79355 2
79356 3
79357 3
79358 3
79359 0
79360 33
79361 2
79362 1
79363 1
79364 1
79365 6
79366 5
79367 0
79368 1
79369 1
79370 2
79371 3
79372 3
79373 2
79374 1
79375 3
79376 8
79377 5
79378 4
79379 7
79380 34
79381 27
79382 1
79383 0
79384 8
79385 4
79386 3
79387 1
79388 0
79389 2
79390 2
79391 2
79392 4
79393 6
79394 0
79395 0
79396 2
79397 27
79398 3
79399 5
79400 3
79401 9
79402 1
79403 3
79404 1
79405 3
79406 0
79407 1
79408 0
79409 1
79410 0
79411 1
79412 2
79413 0
79414 0
79415 7
79416 2
79417 1
79418 1
79419 4
79420 5
79421 7
79422 7
79423 3
79424 8
79425 0
79426 3
79427 4
79428 1
79429 2
79430 2
79431 4
79432 2
79433 4
79434 2
79435 0
79436 0
79437 1
79438 1
79439 6
79440 3
79441 4
79442 3
79443 4
79444 3
79445 3
79446 1
79447 2
79448 4
79449 2
79450 3
79451 0
79452 2
79453 9
79454 0
79455 2
79456 4
79457 1
79458 3
79459 7
79460 0
79461 5
79462 2
79463 3
79464 14
79465 1
79466 2
79467 2
79468 2
79469 2
79470 5
79471 1
79472 2
79473 2
79474 2
79475 4
79476 2
79477 3
79478 1
79479 3
79480 4
79481 1
79482 0
79483 0
79484 1
79485 4
79486 2
79487 1
79488 4
79489 0
79490 3
79491 1
79492 3
79493 8
79494 4
79495 1
79496 2
79497 6
79498 0
79499 5
79500 1
79501 9
79502 1
79503 1
79504 2
79505 2
79506 16
79507 145
79508 15
79509 2
79510 1
79511 1
79512 2
79513 2
79514 2
79515 2
79516 5
79517 2
79518 4
79519 2
79520 4
79521 3
79522 4
79523 25
79524 47
79525 3
79526 2
79527 2
79528 3
79529 0
79530 1
79531 9
79532 1
79533 0
79534 8
79535 3
79536 4
79537 4
79538 0
79539 0
79540 3
79541 1
79542 2
79543 3
79544 4
79545 2
79546 3
79547 11
79548 3
79549 5
79550 2
79551 3
79552 2
79553 7
79554 8
79555 1
79556 0
79557 1
79558 1
79559 5
79560 11
79561 3
79562 2
79563 2
79564 0
79565 2
79566 1
79567 3
79568 3
79569 4
79570 2
79571 1
79572 1
79573 0
79574 2
79575 1
79576 3
79577 4
79578 4
79579 10
79580 0
79581 1
79582 3
79583 4
79584 4
79585 1
79586 3
79587 2
79588 1
79589 3
79590 3
79591 0
79592 8
79593 1
79594 1
79595 0
79596 1
79597 3
79598 0
79599 3
79600 7
79601 1
79602 0
79603 5
79604 0
79605 8
79606 1
79607 6
79608 3
79609 6
79610 2
79611 3
79612 3
79613 7
79614 3
79615 0
79616 3
79617 2
79618 0
79619 2
79620 1
79621 4
79622 2
79623 1
79624 3
79625 17
79626 0
79627 3
79628 2
79629 0
79630 0
79631 11
79632 7
79633 8
79634 4
79635 1
79636 2
79637 4
79638 0
79639 5
79640 3
79641 7
79642 1
79643 1
79644 3
79645 0
79646 1
79647 4
79648 4
79649 2
79650 6
79651 1
79652 1
79653 2
79654 1
79655 1
79656 1
79657 5
79658 0
79659 0
79660 4
79661 0
79662 1
79663 0
79664 6
79665 0
79666 0
79667 3
79668 0
79669 2
79670 5
79671 0
79672 6
79673 6
79674 1
79675 1
79676 1
79677 2
79678 2
79679 1
79680 5
79681 2
79682 6
79683 5
79684 2
79685 4
79686 1
79687 10
79688 6
79689 2
79690 2
79691 4
79692 1
79693 7
79694 1
79695 19
79696 5
79697 19
79698 0
79699 18
79700 5
79701 1
79702 1
79703 1
79704 9
79705 3
79706 1
79707 5
79708 3
79709 0
79710 1
79711 3
79712 1
79713 1
79714 0
79715 0
79716 8
79717 5
79718 1
79719 2
79720 5
79721 3
79722 1
79723 1
79724 0
79725 1
79726 0
79727 2
79728 4
79729 5
79730 7
79731 2
79732 2
79733 2
79734 2
79735 3
79736 0
79737 0
79738 5
79739 9
79740 5
79741 1
79742 2
79743 7
79744 3
79745 3
79746 1
79747 2
79748 1
79749 0
79750 22
79751 2
79752 0
79753 2
79754 1
79755 0
79756 5
79757 10
79758 1
79759 2
79760 5
79761 0
79762 2
79763 0
79764 1
79765 2
79766 0
79767 0
79768 3
79769 1
79770 1
79771 2
79772 1
79773 6
79774 0
79775 2
79776 4
79777 15
79778 5
79779 4
79780 3
79781 3
79782 5
79783 0
79784 1
79785 5
79786 2
79787 0
79788 3
79789 0
79790 3
79791 1
79792 0
79793 0
79794 4
79795 1
79796 1
79797 2
79798 1
79799 5
79800 27
79801 4
79802 3
79803 3
79804 2
79805 3
79806 4
79807 1
79808 8
79809 2
79810 6
79811 4
79812 0
79813 6
79814 1
79815 3
79816 4
79817 9
79818 1
79819 1
79820 9
79821 6
79822 0
79823 1
79824 2
79825 1
79826 22
79827 8
79828 3
79829 1
79830 1
79831 2
79832 3
79833 16
79834 6
79835 1
79836 7
79837 1
79838 3
79839 6
79840 6
79841 1
79842 1
79843 3
79844 2
79845 0
79846 3
79847 7
79848 8
79849 2
79850 2
79851 0
79852 3
79853 4
79854 1
79855 4
79856 2
79857 0
79858 0
79859 1
79860 8
79861 4
79862 0
79863 2
79864 6
79865 3
79866 2
79867 11
79868 0
79869 2
79870 2
79871 2
79872 25
79873 4
79874 0
79875 0
79876 1
79877 2
79878 1
79879 0
79880 0
79881 0
79882 1
79883 2
79884 1
79885 2
79886 3
79887 1
79888 2
79889 5
79890 0
79891 2
79892 4
79893 1
79894 0
79895 1
79896 2
79897 4
79898 4
79899 3
79900 0
79901 3
79902 5
79903 2
79904 2
79905 1
79906 0
79907 8
79908 0
79909 4
79910 1
79911 0
79912 2
79913 1
79914 1
79915 1
79916 0
79917 0
79918 4
79919 2
79920 14
79921 6
79922 4
79923 0
79924 3
79925 4
79926 3
79927 0
79928 1
79929 1
79930 2
79931 1
79932 2
79933 1
79934 3
79935 2
79936 7
79937 1
79938 0
79939 9
79940 2
79941 3
79942 0
79943 3
79944 4
79945 4
79946 1
79947 2
79948 5
79949 1
79950 4
79951 0
79952 3
79953 2
79954 1
79955 1
79956 3
79957 2
79958 2
79959 1
79960 3
79961 0
79962 2
79963 1
79964 1
79965 1
79966 1
79967 5
79968 14
79969 2
79970 0
79971 4
79972 1
79973 1
79974 6
79975 1
79976 3
79977 1
79978 2
79979 12
79980 1
79981 7
79982 3
79983 3
79984 2
79985 2
79986 0
79987 7
79988 3
79989 5
79990 3
79991 2
79992 6
79993 6
79994 2
79995 2
79996 0
79997 37
79998 6
79999 58
80000 86
80001 11
80002 4
80003 3
80004 2
80005 4
80006 3
80007 2
80008 13
80009 5
80010 14
80011 2
80012 0
80013 1
80014 0
80015 2
80016 5
80017 5
80018 4
80019 1
80020 3
80021 5
80022 1
80023 2
80024 2
80025 4
80026 1
80027 0
80028 4
80029 8
80030 2
80031 0
80032 3
80033 2
80034 1
80035 2
80036 2
80037 1
80038 1
80039 0
80040 9
80041 3
80042 0
80043 4
80044 0
80045 1
80046 0
80047 1
80048 0
80049 0
80050 3
80051 10
80052 2
80053 2
80054 1
80055 2
80056 2
80057 2
80058 2
80059 0
80060 1
80061 0
80062 2
80063 1
80064 2
80065 5
80066 2
80067 1
80068 0
80069 1
80070 9
80071 8
80072 4
80073 2
80074 2
80075 3
80076 0
80077 4
80078 2
80079 1
80080 54
80081 2
80082 1
80083 1
80084 3
80085 1
80086 2
80087 4
80088 10
80089 45
80090 2
80091 2
80092 5
80093 1
80094 6
80095 2
80096 3
80097 0
80098 3
80099 1
80100 3
80101 1
80102 1
80103 1
80104 8
80105 2
80106 1
80107 3
80108 6
80109 2
80110 2
80111 7
80112 7
80113 3
80114 0
80115 0
80116 1
80117 2
80118 2
80119 0
80120 2
80121 0
80122 0
80123 0
80124 2
80125 1
80126 5
80127 1
80128 6
80129 2
80130 2
80131 1
80132 3
80133 7
80134 1
80135 2
80136 10
80137 12
80138 4
80139 1
80140 4
80141 9
80142 4
80143 2
80144 5
80145 8
80146 4
80147 4
80148 0
80149 7
80150 4
80151 1
80152 3
80153 5
80154 2
80155 1
80156 0
80157 2
80158 0
80159 1
80160 14
80161 5
80162 2
80163 5
80164 2
80165 0
80166 3
80167 1
80168 0
80169 1
80170 2
80171 2
80172 1
80173 3
80174 1
80175 0
80176 4
80177 9
80178 3
80179 3
80180 6
80181 0
80182 2
80183 0
80184 3
80185 4
80186 0
80187 1
80188 2
80189 19
80190 11
80191 6
80192 4
80193 1
80194 1
80195 1
80196 12
80197 2
80198 1
80199 5
80200 20
80201 3
80202 1
80203 0
80204 2
80205 1
80206 0
80207 5
80208 4
80209 5
80210 0
80211 3
80212 0
80213 0
80214 0
80215 2
80216 2
80217 3
80218 4
80219 0
80220 2
80221 4
80222 1
80223 3
80224 1
80225 2
80226 0
80227 1
80228 2
80229 0
80230 2
80231 4
80232 1
80233 2
80234 4
80235 1
80236 4
80237 3
80238 2
80239 2
80240 1
80241 5
80242 1
80243 2
80244 0
80245 1
80246 2
80247 0
80248 2
80249 1
80250 2
80251 3
80252 2
80253 2
80254 1
80255 4
80256 10
80257 3
80258 5
80259 2
80260 1
80261 1
80262 10
80263 3
80264 2
80265 2
80266 0
80267 1
80268 1
80269 3
80270 1
80271 2
80272 3
80273 3
80274 0
80275 2
80276 1
80277 1
80278 1
80279 1
80280 1
80281 3
80282 6
80283 1
80284 4
80285 2
80286 2
80287 0
80288 2
80289 3
80290 2
80291 4
80292 0
80293 1
80294 1
80295 1
80296 7
80297 3
80298 1
80299 1
80300 4
80301 0
80302 2
80303 0
80304 5
80305 2
80306 0
80307 2
80308 4
80309 3
80310 0
80311 5
80312 12
80313 11
80314 2
80315 0
80316 4
80317 6
80318 2
80319 0
80320 5
80321 3
80322 2
80323 1
80324 3
80325 5
80326 3
80327 0
80328 2
80329 2
80330 5
80331 3
80332 1
80333 7
80334 3
80335 1
80336 0
80337 1
80338 0
80339 1
80340 3
80341 4
80342 3
80343 1
80344 2
80345 2
80346 1
80347 2
80348 2
80349 2
80350 0
80351 3
80352 5
80353 4
80354 8
80355 6
80356 1
80357 2
80358 1
80359 3
80360 9
80361 7
80362 0
80363 2
80364 2
80365 2
80366 3
80367 2
80368 1
80369 2
80370 1
80371 1
80372 3
80373 0
80374 2
80375 2
80376 0
80377 1
80378 2
80379 3
80380 6
80381 2
80382 0
80383 2
80384 10
80385 1
80386 2
80387 0
80388 11
80389 0
80390 2
80391 5
80392 2
80393 1
80394 2
80395 1
80396 2
80397 0
80398 0
80399 1
80400 4
80401 4
80402 0
80403 1
80404 9
80405 1
80406 0
80407 3
80408 3
80409 2
80410 6
80411 0
80412 5
80413 2
80414 0
80415 1
80416 4
80417 4
80418 1
80419 2
80420 0
80421 2
80422 5
80423 0
80424 3
80425 1
80426 2
80427 0
80428 4
80429 9
80430 5
80431 1
80432 1
80433 0
80434 1
80435 3
80436 6
80437 1
80438 5
80439 1
80440 7
80441 2
80442 1
80443 1
80444 14
80445 1
80446 3
80447 9
80448 5
80449 4
80450 2
80451 5
80452 0
80453 3
80454 1
80455 2
80456 0
80457 4
80458 1
80459 0
80460 3
80461 4
80462 0
80463 2
80464 8
80465 5
80466 2
80467 0
80468 1
80469 2
80470 2
80471 3
80472 5
80473 3
80474 2
80475 5
80476 7
80477 2
80478 4
80479 1
80480 2
80481 4
80482 1
80483 0
80484 4
80485 1
80486 0
80487 6
80488 7
80489 1
80490 1
80491 3
80492 2
80493 1
80494 0
80495 1
80496 6
80497 3
80498 0
80499 1
80500 4
80501 1
80502 0
80503 4
80504 3
80505 5
80506 2
80507 4
80508 2
80509 1
80510 2
80511 7
80512 2
80513 4
80514 0
80515 4
80516 3
80517 0
80518 12
80519 9
80520 8
80521 1
80522 3
80523 0
80524 5
80525 6
80526 12
80527 0
80528 2
80529 0
80530 2
80531 5
80532 7
80533 4
80534 0
80535 16
80536 1
80537 3
80538 0
80539 2
80540 2
80541 0
80542 0
80543 0
80544 4
80545 2
80546 1
80547 1
80548 1
80549 2
80550 1
80551 4
80552 1
80553 1
80554 1
80555 0
80556 0
80557 1
80558 0
80559 2
80560 4
80561 1
80562 0
80563 0
80564 4
80565 2
80566 1
80567 1
80568 5
80569 5
80570 3
80571 2
80572 3
80573 3
80574 0
80575 1
80576 0
80577 4
80578 1
80579 3
80580 5
80581 23
80582 0
80583 2
80584 10
80585 1
80586 4
80587 5
80588 0
80589 4
80590 1
80591 1
80592 4
80593 1
80594 1
80595 2
80596 2
80597 2
80598 6
80599 8
80600 10
80601 7
80602 3
80603 3
80604 2
80605 3
80606 0
80607 1
80608 13
80609 1
80610 3
80611 2
80612 3
80613 1
80614 1
80615 1
80616 2
80617 4
80618 0
80619 1
80620 3
80621 2
80622 0
80623 3
80624 2
80625 6
80626 4
80627 2
80628 1
80629 1
80630 2
80631 3
80632 3
80633 3
80634 1
80635 1
80636 2
80637 0
80638 4
80639 8
80640 264
80641 5
80642 3
80643 3
80644 2
80645 0
80646 3
80647 3
80648 1
80649 0
80650 2
80651 7
80652 6
80653 4
80654 0
80655 4
80656 22
80657 8
80658 4
80659 2
80660 5
80661 6
80662 2
80663 1
80664 6
80665 9
80666 3
80667 3
80668 1
80669 11
80670 4
80671 6
80672 5
80673 2
80674 2
80675 2
80676 4
80677 4
80678 1
80679 1
80680 4
80681 3
80682 2
80683 4
80684 1
80685 2
80686 1
80687 6
80688 3
80689 3
80690 1
80691 0
80692 4
80693 0
80694 4
80695 2
80696 2
80697 4
80698 1
80699 0
80700 3
80701 2
80702 5
80703 0
80704 3
80705 1
80706 0
80707 1
80708 1
80709 2
80710 1
80711 1
80712 2
80713 2
80714 2
80715 1
80716 0
80717 2
80718 2
80719 2
80720 1
80721 1
80722 3
80723 1
80724 11
80725 1
80726 2
80727 1
80728 2
80729 2
80730 30
80731 6
80732 1
80733 0
80734 0
80735 2
80736 5
80737 5
80738 3
80739 6
80740 1
80741 3
80742 2
80743 2
80744 3
80745 5
80746 0
80747 4
80748 0
80749 6
80750 7
80751 0
80752 4
80753 4
80754 3
80755 2
80756 2
80757 9
80758 0
80759 3
80760 5
80761 2
80762 0
80763 0
80764 3
80765 3
80766 2
80767 2
80768 3
80769 1
80770 2
80771 0
80772 2
80773 0
80774 1
80775 2
80776 3
80777 9
80778 0
80779 3
80780 5
80781 8
80782 40
80783 10
80784 9
80785 2
80786 0
80787 0
80788 0
80789 4
80790 1
80791 4
80792 2
80793 0
80794 6
80795 2
80796 3
80797 1
80798 1
80799 1
80800 6
80801 12
80802 4
80803 12
80804 1
80805 3
80806 0
80807 0
80808 14
80809 13
80810 1
80811 6
80812 12
80813 0
80814 0
80815 3
80816 6
80817 1
80818 0
80819 8
80820 6
80821 3
80822 2
80823 3
80824 3
80825 2
80826 4
80827 0
80828 4
80829 1
80830 1
80831 5
80832 4
80833 3
80834 1
80835 1
80836 3
80837 2
80838 5
80839 1
80840 1
80841 2
80842 3
80843 2
80844 5
80845 2
80846 1
80847 1
80848 0
80849 7
80850 9
80851 5
80852 1
80853 0
80854 1
80855 2
80856 7
80857 0
80858 0
80859 0
80860 3
80861 1
80862 1
80863 8
80864 9
80865 3
80866 1
80867 2
80868 3
80869 1
80870 0
80871 2
80872 4
80873 0
80874 2
80875 3
80876 2
80877 1
80878 0
80879 0
80880 1
80881 2
80882 1
80883 5
80884 2
80885 0
80886 5
80887 1
80888 5
80889 1
80890 3
80891 1
80892 11
80893 0
80894 3
80895 0
80896 11
80897 6
80898 2
80899 2
80900 1
80901 1
80902 2
80903 2
80904 1
80905 0
80906 2
80907 0
80908 1
80909 14
80910 9
80911 9
80912 2
80913 2
80914 5
80915 0
80916 4
80917 6
80918 1
80919 14
80920 7
80921 3
80922 0
80923 2
80924 0
80925 0
80926 4
80927 2
80928 9
80929 10
80930 1
80931 1
80932 1
80933 2
80934 3
80935 1
80936 1
80937 3
80938 5
80939 4
80940 8
80941 4
80942 2
80943 2
80944 0
80945 0
80946 2
80947 3
80948 1
80949 4
80950 1
80951 1
80952 1
80953 4
80954 5
80955 4
80956 4
80957 0
80958 0
80959 1
80960 8
80961 3
80962 1
80963 11
80964 3
80965 3
80966 1
80967 0
80968 1
80969 1
80970 0
80971 0
80972 4
80973 0
80974 2
80975 2
80976 5
80977 2
80978 1
80979 4
80980 0
80981 1
80982 4
80983 6
80984 1
80985 1
80986 1
80987 2
80988 3
80989 10
80990 1
80991 3
80992 1
80993 1
80994 1
80995 0
80996 2
80997 0
80998 3
80999 5
81000 52
81001 13
81002 3
81003 8
81004 5
81005 3
81006 2
81007 2
81008 2
81009 5
81010 3
81011 3
81012 1
81013 4
81014 3
81015 4
81016 3
81017 8
81018 7
81019 7
81020 1
81021 2
81022 2
81023 2
81024 1
81025 3
81026 1
81027 2
81028 5
81029 1
81030 4
81031 4
81032 3
81033 2
81034 2
81035 1
81036 0
81037 0
81038 0
81039 0
81040 1
81041 3
81042 2
81043 2
81044 1
81045 2
81046 1
81047 7
81048 4
81049 4
81050 4
81051 0
81052 2
81053 0
81054 0
81055 6
81056 1
81057 5
81058 3
81059 1
81060 5
81061 1
81062 0
81063 0
81064 0
81065 1
81066 2
81067 0
81068 0
81069 2
81070 2
81071 3
81072 3
81073 1
81074 1
81075 6
81076 0
81077 2
81078 3
81079 3
81080 7
81081 39
81082 2
81083 5
81084 2
81085 3
81086 1
81087 0
81088 13
81089 1
81090 14
81091 5
81092 1
81093 0
81094 0
81095 2
81096 2
81097 6
81098 8
81099 3
81100 3
81101 7
81102 1
81103 10
81104 3
81105 4
81106 2
81107 0
81108 1
81109 3
81110 3
81111 3
81112 7
81113 2
81114 4
81115 2
81116 0
81117 0
81118 3
81119 7
81120 5
81121 3
81122 1
81123 0
81124 5
81125 3
81126 6
81127 2
81128 1
81129 1
81130 3
81131 6
81132 2
81133 4
81134 0
81135 3
81136 6
81137 1
81138 0
81139 5
81140 1
81141 2
81142 0
81143 1
81144 6
81145 1
81146 2
81147 3
81148 1
81149 3
81150 5
81151 2
81152 4
81153 2
81154 1
81155 2
81156 2
81157 5
81158 1
81159 2
81160 0
81161 3
81162 4
81163 3
81164 0
81165 0
81166 1
81167 4
81168 2
81169 0
81170 2
81171 2
81172 6
81173 1
81174 1
81175 0
81176 1
81177 2
81178 4
81179 4
81180 7
81181 15
81182 2
81183 1
81184 3
81185 1
81186 5
81187 1
81188 6
81189 0
81190 2
81191 11
81192 4
81193 2
81194 3
81195 1
81196 1
81197 3
81198 2
81199 6
81200 8
81201 7
81202 0
81203 0
81204 1
81205 3
81206 4
81207 2
81208 1
81209 3
81210 3
81211 0
81212 4
81213 2
81214 2
81215 2
81216 6
81217 5
81218 2
81219 0
81220 2
81221 4
81222 1
81223 5
81224 9
81225 43
81226 2
81227 1
81228 4
81229 4
81230 2
81231 4
81232 0
81233 4
81234 4
81235 6
81236 0
81237 2
81238 2
81239 5
81240 3
81241 0
81242 1
81243 0
81244 3
81245 5
81246 1
81247 4
81248 2
81249 7
81250 15
81251 4
81252 4
81253 2
81254 2
81255 4
81256 2
81257 2
81258 0
81259 0
81260 1
81261 2
81262 1
81263 3
81264 2
81265 3
81266 1
81267 1
81268 1
81269 1
81270 7
81271 3
81272 2
81273 1
81274 1
81275 0
81276 7
81277 1
81278 4
81279 2
81280 5
81281 12
81282 2
81283 3
81284 4
81285 1
81286 2
81287 2
81288 3
81289 3
81290 0
81291 4
81292 2
81293 4
81294 2
81295 2
81296 3
81297 1
81298 1
81299 4
81300 6
81301 1
81302 1
81303 2
81304 2
81305 3
81306 1
81307 2
81308 6
81309 1
81310 3
81311 1
81312 12
81313 7
81314 0
81315 0
81316 2
81317 5
81318 5
81319 2
81320 4
81321 1
81322 0
81323 1
81324 4
81325 5
81326 5
81327 3
81328 3
81329 0
81330 3
81331 3
81332 1
81333 4
81334 0
81335 2
81336 1
81337 2
81338 0
81339 2
81340 4
81341 2
81342 0
81343 4
81344 5
81345 12
81346 1
81347 0
81348 1
81349 1
81350 2
81351 1
81352 1
81353 3
81354 0
81355 0
81356 55
81357 1
81358 1
81359 3
81360 6
81361 2
81362 1
81363 3
81364 0
81365 1
81366 1
81367 2
81368 4
81369 2
81370 1
81371 7
81372 2
81373 5
81374 1
81375 8
81376 5
81377 5
81378 1
81379 2
81380 4
81381 1
81382 1
81383 2
81384 6
81385 1
81386 1
81387 4
81388 2
81389 4
81390 8
81391 2
81392 4
81393 1
81394 3
81395 5
81396 21
81397 3
81398 1
81399 2
81400 8
81401 10
81402 8
81403 0
81404 2
81405 4
81406 5
81407 3
81408 7
81409 4
81410 2
81411 2
81412 2
81413 5
81414 1
81415 2
81416 0
81417 0
81418 2
81419 0
81420 3
81421 4
81422 1
81423 5
81424 1
81425 1
81426 2
81427 3
81428 3
81429 1
81430 3
81431 0
81432 6
81433 3
81434 2
81435 3
81436 0
81437 0
81438 0
81439 4
81440 8
81441 6
81442 2
81443 2
81444 5
81445 6
81446 2
81447 2
81448 0
81449 0
81450 2
81451 1
81452 4
81453 3
81454 0
81455 1
81456 5
81457 4
81458 1
81459 1
81460 1
81461 0
81462 3
81463 18
81464 4
81465 4
81466 6
81467 0
81468 1
81469 0
81470 0
81471 0
81472 4
81473 2
81474 0
81475 1
81476 3
81477 1
81478 2
81479 2
81480 2
81481 3
81482 3
81483 3
81484 0
81485 3
81486 4
81487 4
81488 6
81489 3
81490 1
81491 1
81492 0
81493 6
81494 3
81495 1
81496 2
81497 3
81498 2
81499 6
81500 0
81501 2
81502 0
81503 1
81504 4
81505 3
81506 0
81507 0
81508 2
81509 10
81510 25
81511 4
81512 2
81513 2
81514 2
81515 3
81516 0
81517 6
81518 3
81519 2
81520 1
81521 1
81522 2
81523 2
81524 6
81525 1
81526 2
81527 0
81528 1
81529 2
81530 0
81531 1
81532 4
81533 4
81534 3
81535 5
81536 12
81537 5
81538 1
81539 2
81540 3
81541 3
81542 5
81543 2
81544 1
81545 0
81546 4
81547 10
81548 4
81549 7
81550 1
81551 8
81552 3
81553 3
81554 2
81555 2
81556 1
81557 4
81558 1
81559 1
81560 1
81561 0
81562 0
81563 1
81564 2
81565 1
81566 0
81567 4
81568 4
81569 3
81570 2
81571 2
81572 1
81573 1
81574 3
81575 0
81576 6
81577 2
81578 3
81579 1
81580 3
81581 1
81582 0
81583 1
81584 9
81585 4
81586 3
81587 1
81588 0
81589 3
81590 2
81591 0
81592 1
81593 0
81594 1
81595 2
81596 1
81597 3
81598 2
81599 3
81600 22
81601 4
81602 2
81603 0
81604 0
81605 2
81606 6
81607 3
81608 5
81609 1
81610 2
81611 8
81612 2
81613 2
81614 1
81615 0
81616 1
81617 0
81618 1
81619 21
81620 6
81621 1
81622 7
81623 3
81624 4
81625 4
81626 2
81627 2
81628 3
81629 2
81630 0
81631 4
81632 2
81633 0
81634 5
81635 4
81636 2
81637 3
81638 4
81639 3
81640 0
81641 1
81642 1
81643 1
81644 2
81645 0
81646 0
81647 8
81648 46
81649 7
81650 3
81651 1
81652 3
81653 3
81654 2
81655 2
81656 0
81657 1
81658 1
81659 0
81660 4
81661 5
81662 1
81663 2
81664 13
81665 2
81666 1
81667 3
81668 1
81669 2
81670 0
81671 13
81672 1
81673 1
81674 1
81675 24
81676 6
81677 7
81678 0
81679 1
81680 2
81681 2
81682 1
81683 3
81684 2
81685 0
81686 4
81687 1
81688 1
81689 3
81690 7
81691 0
81692 1
81693 4
81694 0
81695 0
81696 2
81697 1
81698 0
81699 0
81700 3
81701 1
81702 7
81703 5
81704 1
81705 2
81706 5
81707 3
81708 4
81709 4
81710 0
81711 2
81712 3
81713 3
81714 1
81715 0
81716 2
81717 1
81718 4
81719 27
81720 7
81721 2
81722 1
81723 1
81724 2
81725 1
81726 1
81727 3
81728 3
81729 2
81730 5
81731 2
81732 2
81733 2
81734 1
81735 2
81736 3
81737 1
81738 2
81739 3
81740 2
81741 1
81742 0
81743 2
81744 2
81745 4
81746 2
81747 3
81748 2
81749 3
81750 4
81751 1
81752 5
81753 1
81754 3
81755 0
81756 3
81757 1
81758 0
81759 0
81760 6
81761 6
81762 0
81763 5
81764 2
81765 1
81766 5
81767 5
81768 4
81769 7
81770 20
81771 1
81772 1
81773 3
81774 5
81775 0
81776 0
81777 0
81778 3
81779 0
81780 7
81781 1
81782 3
81783 3
81784 3
81785 2
81786 3
81787 1
81788 2
81789 3
81790 6
81791 3
81792 5
81793 2
81794 3
81795 1
81796 53
81797 6
81798 3
81799 6
81800 2
81801 3
81802 6
81803 1
81804 2
81805 5
81806 1
81807 2
81808 2
81809 11
81810 14
81811 3
81812 2
81813 2
81814 5
81815 3
81816 10
81817 7
81818 15
81819 11
81820 3
81821 1
81822 5
81823 2
81824 1
81825 1
81826 3
81827 0
81828 5
81829 1
81830 0
81831 2
81832 3
81833 1
81834 2
81835 2
81836 0
81837 5
81838 2
81839 14
81840 12
81841 2
81842 1
81843 0
81844 4
81845 1
81846 3
81847 2
81848 6
81849 0
81850 1
81851 1
81852 2
81853 14
81854 0
81855 1
81856 5
81857 2
81858 2
81859 3
81860 3
81861 1
81862 2
81863 3
81864 8
81865 4
81866 0
81867 1
81868 1
81869 6
81870 0
81871 1
81872 6
81873 4
81874 2
81875 4
81876 4
81877 2
81878 1
81879 0
81880 4
81881 2
81882 2
81883 3
81884 0
81885 2
81886 1
81887 1
81888 6
81889 2
81890 2
81891 2
81892 2
81893 0
81894 0
81895 0
81896 3
81897 2
81898 1
81899 4
81900 51
81901 26
81902 3
81903 1
81904 2
81905 3
81906 1
81907 3
81908 2
81909 1
81910 6
81911 1
81912 3
81913 2
81914 2
81915 7
81916 5
81917 5
81918 10
81919 33
81920 192
81921 14
81922 5
81923 5
81924 5
81925 6
81926 9
81927 9
81928 5
81929 13
81930 7
81931 6
81932 2
81933 0
81934 2
81935 0
81936 7
81937 3
81938 1
81939 1
81940 2
81941 2
81942 0
81943 1
81944 0
81945 0
81946 2
81947 2
81948 1
81949 2
81950 2
81951 0
81952 4
81953 4
81954 3
81955 2
81956 4
81957 0
81958 1
81959 4
81960 2
81961 1
81962 1
81963 2
81964 0
81965 3
81966 1
81967 0
81968 3
81969 3
81970 2
81971 4
81972 6
81973 3
81974 1
81975 4
81976 2
81977 2
81978 1
81979 0
81980 1
81981 2
81982 1
81983 0
81984 8
81985 2
81986 1
81987 2
81988 4
81989 1
81990 1
81991 2
81992 2
81993 1
81994 2
81995 3
81996 0
81997 3
81998 1
81999 1
82000 12
82001 4
82002 1
82003 6
82004 10
82005 17
82006 1
82007 4
82008 4
82009 9
82010 0
82011 1
82012 3
82013 10
82014 2
82015 2
82016 2
82017 3
82018 0
82019 0
82020 5
82021 8
82022 2
82023 7
82024 1
82025 7
82026 4
82027 2
82028 0
82029 7
82030 0
82031 3
82032 2
82033 1
82034 2
82035 0
82036 0
82037 1
82038 3
82039 2
82040 2
82041 1
82042 1
82043 2
82044 1
82045 1
82046 1
82047 9
82048 4
82049 1
82050 2
82051 3
82052 1
82053 3
82054 0
82055 1
82056 1
82057 6
82058 1
82059 2
82060 4
82061 1
82062 1
82063 3
82064 10
82065 0
82066 2
82067 1
82068 2
82069 0
82070 5
82071 2
82072 1
82073 16
82074 3
82075 5
82076 1
82077 2
82078 0
82079 0
82080 22
82081 11
82082 6
82083 1
82084 0
82085 3
82086 1
82087 3
82088 4
82089 1
82090 1
82091 3
82092 1
82093 1
82094 3
82095 2
82096 0
82097 4
82098 1
82099 3
82100 1
82101 3
82102 3
82103 1
82104 4
82105 1
82106 0
82107 1
82108 0
82109 1
82110 26
82111 2
82112 4
82113 7
82114 2
82115 2
82116 3
82117 4
82118 3
82119 3
82120 2
82121 2
82122 1
82123 1
82124 1
82125 3
82126 1
82127 3
82128 8
82129 13
82130 0
82131 4
82132 4
82133 4
82134 6
82135 2
82136 0
82137 5
82138 0
82139 4
82140 2
82141 3
82142 2
82143 0
82144 2
82145 6
82146 3
82147 1
82148 2
82149 2
82150 2
82151 3
82152 2
82153 2
82154 1
82155 2
82156 2
82157 1
82158 0
82159 4
82160 22
82161 4
82162 2
82163 3
82164 0
82165 1
82166 1
82167 8
82168 4
82169 2
82170 2
82171 3
82172 2
82173 3
82174 2
82175 0
82176 4
82177 3
82178 1
82179 4
82180 3
82181 0
82182 0
82183 3
82184 1
82185 2
82186 3
82187 2
82188 4
82189 2
82190 2
82191 0
82192 1
82193 1
82194 3
82195 0
82196 1
82197 0
82198 0
82199 3
82200 5
82201 7
82202 1
82203 1
82204 0
82205 2
82206 2
82207 2
82208 2
82209 1
82210 1
82211 2
82212 7
82213 5
82214 1
82215 12
82216 1
82217 6
82218 1
82219 2
82220 1
82221 4
82222 2
82223 6
82224 7
82225 15
82226 1
82227 0
82228 3
82229 1
82230 1
82231 2
82232 1
82233 0
82234 2
82235 2
82236 3
82237 5
82238 2
82239 1
82240 6
82241 11
82242 1
82243 3
82244 3
82245 3
82246 0
82247 0
82248 3
82249 3
82250 7
82251 29
82252 2
82253 1
82254 4
82255 0
82256 2
82257 0
82258 2
82259 0
82260 6
82261 5
82262 0
82263 1
82264 0
82265 2
82266 2
82267 5
82268 2
82269 2
82270 1
82271 0
82272 3
82273 1
82274 1
82275 3
82276 1
82277 2
82278 8
82279 2
82280 5
82281 3
82282 0
82283 0
82284 1
82285 0
82286 3
82287 2
82288 4
82289 2
82290 6
82291 3
82292 1
82293 1
82294 1
82295 2
82296 2
82297 3
82298 2
82299 0
82300 1
82301 4
82302 1
82303 1
82304 2
82305 2
82306 4
82307 2
82308 4
82309 1
82310 4
82311 2
82312 4
82313 2
82314 1
82315 3
82316 0
82317 0
82318 1
82319 3
82320 23
82321 10
82322 0
82323 2
82324 3
82325 4
82326 1
82327 1
82328 1
82329 1
82330 1
82331 1
82332 2
82333 3
82334 1
82335 3
82336 2
82337 0
82338 1
82339 2
82340 5
82341 2
82342 1
82343 3
82344 0
82345 3
82346 2
82347 1
82348 4
82349 2
82350 9
82351 6
82352 1
82353 0
82354 2
82355 3
82356 1
82357 1
82358 0
82359 0
82360 3
82361 0
82362 7
82363 1
82364 0
82365 7
82366 1
82367 8
82368 23
82369 32
82370 1
82371 1
82372 4
82373 4
82374 5
82375 4
82376 8
82377 9
82378 0
82379 1
82380 1
82381 3
82382 1
82383 2
82384 2
82385 2
82386 3
82387 2
82388 0
82389 3
82390 4
82391 2
82392 5
82393 1
82394 1
82395 1
82396 3
82397 0
82398 6
82399 1
82400 3
82401 3
82402 1
82403 1
82404 4
82405 1
82406 1
82407 0
82408 6
82409 1
82410 1
82411 3
82412 2
82413 1
82414 1
82415 0
82416 3
82417 3
82418 1
82419 2
82420 1
82421 7
82422 0
82423 1
82424 3
82425 4
82426 1
82427 0
82428 7
82429 0
82430 2
82431 7
82432 14
82433 2
82434 2
82435 4
82436 2
82437 0
82438 0
82439 0
82440 5
82441 1
82442 0
82443 2
82444 0
82445 1
82446 2
82447 5
82448 6
82449 4
82450 1
82451 4
82452 4
82453 3
82454 0
82455 2
82456 2
82457 2
82458 1
82459 3
82460 5
82461 4
82462 0
82463 1
82464 3
82465 1
82466 1
82467 3
82468 1
82469 4
82470 0
82471 4
82472 2
82473 1
82474 2
82475 0
82476 2
82477 3
82478 1
82479 0
82480 1
82481 1
82482 1
82483 1
82484 5
82485 3
82486 1
82487 1
82488 5
82489 1
82490 2
82491 1
82492 2
82493 3
82494 4
82495 0
82496 2
82497 0
82498 4
82499 19
82500 16
82501 6
82502 1
82503 2
82504 2
82505 2
82506 1
82507 1
82508 7
82509 3
82510 2
82511 0
82512 5
82513 15
82514 2
82515 0
82516 2
82517 2
82518 1
82519 2
82520 0
82521 1
82522 3
82523 1
82524 4
82525 3
82526 4
82527 1
82528 2
82529 1
82530 5
82531 2
82532 2
82533 1
82534 4
82535 3
82536 6
82537 5
82538 3
82539 2
82540 1
82541 1
82542 2
82543 2
82544 2
82545 2
82546 2
82547 1
82548 0
82549 7
82550 1
82551 0
82552 3
82553 2
82554 2
82555 4
82556 2
82557 0
82558 0
82559 3
82560 7
82561 6
82562 0
82563 0
82564 2
82565 2
82566 2
82567 3
82568 4
82569 0
82570 2
82571 3
82572 2
82573 2
82574 1
82575 2
82576 5
82577 4
82578 0
82579 1
82580 1
82581 1
82582 1
82583 2
82584 5
82585 3
82586 0
82587 4
82588 0
82589 0
82590 1
82591 4
82592 3
82593 6
82594 4
82595 1
82596 2
82597 4
82598 1
82599 1
82600 5
82601 3
82602 3
82603 3
82604 0
82605 1
82606 0
82607 2
82608 3
82609 9
82610 8
82611 2
82612 2
82613 0
82614 6
82615 9
82616 3
82617 3
82618 2
82619 7
82620 4
82621 17
82622 1
82623 3
82624 1
82625 3
82626 0
82627 0
82628 7
82629 9
82630 4
82631 2
82632 6
82633 1
82634 2
82635 0
82636 1
82637 0
82638 2
82639 2
82640 6
82641 0
82642 2
82643 2
82644 2
82645 0
82646 1
82647 2
82648 2
82649 2
82650 11
82651 1
82652 2
82653 0
82654 6
82655 4
82656 19
82657 7
82658 0
82659 0
82660 2
82661 3
82662 4
82663 2
82664 2
82665 4
82666 2
82667 0
82668 1
82669 2
82670 3
82671 1
82672 0
82673 2
82674 0
82675 4
82676 2
82677 19
82678 0
82679 3
82680 5
82681 8
82682 3
82683 2
82684 4
82685 4
82686 0
82687 0
82688 7
82689 0
82690 4
82691 5
82692 3
82693 0
82694 3
82695 1
82696 1
82697 1
82698 2
82699 3
82700 5
82701 1
82702 3
82703 0
82704 5
82705 5
82706 2
82707 1
82708 4
82709 3
82710 2
82711 9
82712 1
82713 2
82714 2
82715 1
82716 3
82717 1
82718 2
82719 3
82720 6
82721 9
82722 5
82723 7
82724 0
82725 3
82726 2
82727 6
82728 8
82729 3
82730 2
82731 1
82732 3
82733 1
82734 2
82735 1
82736 1
82737 1
82738 2
82739 2
82740 0
82741 3
82742 3
82743 3
82744 1
82745 0
82746 1
82747 2
82748 1
82749 0
82750 2
82751 2
82752 7
82753 5
82754 1
82755 1
82756 4
82757 6
82758 5
82759 2
82760 2
82761 1
82762 0
82763 5
82764 2
82765 4
82766 3
82767 2
82768 3
82769 3
82770 2
82771 2
82772 0
82773 4
82774 2
82775 4
82776 2
82777 3
82778 0
82779 2
82780 5
82781 7
82782 0
82783 3
82784 1
82785 3
82786 0
82787 9
82788 1
82789 1
82790 3
82791 0
82792 2
82793 2
82794 1
82795 1
82796 0
82797 0
82798 0
82799 7
82800 29
82801 3
82802 2
82803 2
82804 1
82805 2
82806 1
82807 10
82808 3
82809 2
82810 2
82811 7
82812 1
82813 3
82814 4
82815 1
82816 0
82817 0
82818 1
82819 0
82820 0
82821 0
82822 0
82823 2
82824 9
82825 1
82826 3
82827 2
82828 4
82829 1
82830 3
82831 3
82832 1
82833 5
82834 5
82835 4
82836 1
82837 2
82838 2
82839 1
82840 2
82841 2
82842 2
82843 0
82844 2
82845 4
82846 1
82847 3
82848 1
82849 3
82850 2
82851 0
82852 1
82853 0
82854 1
82855 2
82856 1
82857 4
82858 1
82859 4
82860 1
82861 13
82862 0
82863 2
82864 2
82865 4
82866 1
82867 1
82868 0
82869 4
82870 2
82871 3
82872 4
82873 0
82874 1
82875 4
82876 0
82877 2
82878 3
82879 0
82880 12
82881 0
82882 2
82883 4
82884 2
82885 2
82886 0
82887 3
82888 3
82889 6
82890 2
82891 0
82892 1
82893 1
82894 0
82895 2
82896 4
82897 2
82898 4
82899 4
82900 1
82901 3
82902 2
82903 1
82904 2
82905 1
82906 2
82907 1
82908 17
82909 0
82910 4
82911 0
82912 5
82913 4
82914 0
82915 3
82916 4
82917 1
82918 3
82919 5
82920 4
82921 0
82922 2
82923 2
82924 3
82925 1
82926 7
82927 0
82928 7
82929 2
82930 1
82931 2
82932 1
82933 0
82934 1
82935 2
82936 2
82937 2
82938 2
82939 8
82940 7
82941 3
82942 5
82943 17
82944 203
82945 14
82946 2
82947 3
82948 10
82949 5
82950 7
82951 1
82952 5
82953 6
82954 5
82955 3
82956 7
82957 0
82958 3
82959 3
82960 6
82961 4
82962 5
82963 4
82964 1
82965 3
82966 4
82967 1
82968 8
82969 1
82970 0
82971 3
82972 1
82973 1
82974 0
82975 0
82976 5
82977 3
82978 2
82979 3
82980 7
82981 2
82982 1
82983 8
82984 4
82985 4
82986 1
82987 1
82988 4
82989 3
82990 1
82991 4
82992 11
82993 3
82994 5
82995 1
82996 3
82997 4
82998 3
82999 2
83000 1
83001 1
83002 0
83003 7
83004 0
83005 0
83006 2
83007 0
83008 4
83009 4
83010 1
83011 1
83012 5
83013 5
83014 0
83015 0
83016 6
83017 0
83018 0
83019 2
83020 3
83021 3
83022 3
83023 1
83024 6
83025 2
83026 0
83027 2
83028 15
83029 9
83030 3
83031 1
83032 2
83033 4
83034 2
83035 2
83036 2
83037 0
83038 4
83039 1
83040 6
83041 0
83042 2
83043 0
83044 3
83045 3
83046 5
83047 3
83048 3
83049 2
83050 3
83051 0
83052 5
83053 3
83054 1
83055 2
83056 4
83057 1
83058 3
83059 0
83060 4
83061 4
83062 2
83063 0
83064 1
83065 2
83066 1
83067 0
83068 1
83069 0
83070 0
83071 1
83072 4
83073 1
83074 6
83075 3
83076 3
83077 8
83078 1
83079 6
83080 0
83081 1
83082 1
83083 1
83084 1
83085 0
83086 4
83087 1
83088 9
83089 5
83090 0
83091 0
83092 3
83093 2
83094 0
83095 0
83096 5
83097 10
83098 3
83099 6
83100 7
83101 7
83102 0
83103 1
83104 10
83105 2
83106 2
83107 3
83108 2
83109 0
83110 0
83111 2
83112 2
83113 4
83114 0
83115 0
83116 1
83117 9
83118 1
83119 5
83120 1
83121 5
83122 6
83123 1
83124 0
83125 5
83126 4
83127 1
83128 0
83129 0
83130 1
83131 2
83132 4
83133 0
83134 3
83135 1
83136 4
83137 7
83138 1
83139 0
83140 3
83141 0
83142 5
83143 6
83144 2
83145 1
83146 0
83147 0
83148 2
83149 2
83150 1
83151 2
83152 3
83153 2
83154 1
83155 1
83156 1
83157 1
83158 0
83159 5
83160 215
83161 16
83162 1
83163 3
83164 2
83165 0
83166 2
83167 3
83168 3
83169 1
83170 2
83171 2
83172 2
83173 0
83174 7
83175 3
83176 2
83177 3
83178 1
83179 2
83180 0
83181 6
83182 3
83183 1
83184 9
83185 3
83186 0
83187 9
83188 5
83189 4
83190 5
83191 2
83192 1
83193 2
83194 1
83195 0
83196 2
83197 0
83198 0
83199 1
83200 4
83201 3
83202 3
83203 4
83204 7
83205 3
83206 3
83207 6
83208 0
83209 3
83210 3
83211 1
83212 1
83213 1
83214 3
83215 11
83216 0
83217 0
83218 2
83219 7
83220 6
83221 4
83222 2
83223 0
83224 6
83225 2
83226 2
83227 6
83228 1
83229 1
83230 3
83231 12
83232 27
83233 26
83234 3
83235 1
83236 2
83237 0
83238 7
83239 1
83240 1
83241 1
83242 2
83243 3
83244 1
83245 0
83246 1
83247 2
83248 6
83249 6
83250 1
83251 2
83252 5
83253 0
83254 1
83255 0
83256 2
83257 3
83258 1
83259 4
83260 3
83261 3
83262 1
83263 2
83264 6
83265 21
83266 4
83267 5
83268 1
83269 7
83270 4
83271 2
83272 1
83273 2
83274 0
83275 1
83276 0
83277 3
83278 2
83279 1
83280 3
83281 5
83282 2
83283 0
83284 0
83285 3
83286 3
83287 1
83288 2
83289 1
83290 4
83291 4
83292 2
83293 0
83294 2
83295 4
83296 0
83297 1
83298 2
83299 3
83300 10
83301 3
83302 0
83303 1
83304 10
83305 3
83306 1
83307 0
83308 0
83309 1
83310 1
83311 5
83312 13
83313 6
83314 1
83315 7
83316 2
83317 7
83318 0
83319 3
83320 0
83321 2
83322 1
83323 1
83324 1
83325 8
83326 0
83327 0
83328 17
83329 2
83330 1
83331 1
83332 2
83333 45
83334 5
83335 1
83336 1
83337 2
83338 3
83339 13
83340 5
83341 3
83342 3
83343 2
83344 3
83345 0
83346 2
83347 1
83348 1
83349 32
83350 0
83351 2
83352 1
83353 1
83354 2
83355 5
83356 0
83357 6
83358 0
83359 0
83360 5
83361 3
83362 0
83363 0
83364 0
83365 1
83366 1
83367 0
83368 2
83369 0
83370 1
83371 0
83372 2
83373 1
83374 4
83375 1
83376 8
83377 4
83378 0
83379 0
83380 0
83381 4
83382 0
83383 11
83384 3
83385 1
83386 2
83387 3
83388 0
83389 3
83390 1
83391 7
83392 2
83393 3
83394 3
83395 1
83396 1
83397 0
83398 3
83399 6
83400 5
83401 4
83402 2
83403 0
83404 3
83405 0
83406 5
83407 5
83408 3
83409 1
83410 0
83411 2
83412 3
83413 2
83414 2
83415 3
83416 1
83417 1
83418 1
83419 1
83420 4
83421 5
83422 1
83423 3
83424 4
83425 2
83426 1
83427 0
83428 0
83429 1
83430 0
83431 14
83432 2
83433 4
83434 1
83435 5
83436 8
83437 8
83438 3
83439 2
83440 12
83441 0
83442 3
83443 5
83444 0
83445 1
83446 1
83447 0
83448 4
83449 4
83450 0
83451 1
83452 3
83453 2
83454 3
83455 1
83456 7
83457 0
83458 0
83459 1
83460 2
83461 2
83462 0
83463 0
83464 4
83465 3
83466 0
83467 2
83468 1
83469 1
83470 1
83471 1
83472 0
83473 2
83474 0
83475 1
83476 2
83477 4
83478 2
83479 2
83480 2
83481 1
83482 0
83483 1
83484 2
83485 3
83486 3
83487 3
83488 6
83489 3
83490 6
83491 3
83492 2
83493 1
83494 1
83495 1
83496 1
83497 4
83498 0
83499 1
83500 4
83501 2
83502 0
83503 1
83504 4
83505 7
83506 1
83507 4
83508 3
83509 1
83510 1
83511 3
83512 3
83513 2
83514 2
83515 3
83516 0
83517 0
83518 10
83519 1
83520 32
83521 212
83522 36
83523 1
83524 6
83525 5
83526 2
83527 2
83528 1
83529 1
83530 0
83531 0
83532 1
83533 3
83534 0
83535 1
83536 2
83537 24
83538 13
83539 5
83540 2
83541 0
83542 0
83543 0
83544 2
83545 1
83546 3
83547 0
83548 1
83549 1
83550 0
83551 1
83552 2
83553 0
83554 2
83555 4
83556 3
83557 3
83558 0
83559 5
83560 0
83561 3
83562 1
83563 1
83564 1
83565 0
83566 3
83567 0
83568 7
83569 3
83570 0
83571 3
83572 0
83573 0
83574 1
83575 1
83576 3
83577 0
83578 1
83579 5
83580 3
83581 2
83582 2
83583 0
83584 1
83585 2
83586 2
83587 4
83588 1
83589 3
83590 2
83591 5
83592 4
83593 3
83594 5
83595 3
83596 1
83597 2
83598 0
83599 3
83600 12
83601 4
83602 9
83603 2
83604 2
83605 0
83606 2
83607 1
83608 1
83609 4
83610 4
83611 2
83612 0
83613 1
83614 0
83615 3
83616 5
83617 4
83618 2
83619 3
83620 6
83621 6
83622 4
83623 2
83624 0
83625 2
83626 2
83627 0
83628 4
83629 2
83630 0
83631 3
83632 1
83633 1
83634 1
83635 3
83636 0
83637 1
83638 5
83639 9
83640 8
83641 13
83642 0
83643 2
83644 0
83645 0
83646 0
83647 0
83648 6
83649 1
83650 2
83651 3
83652 1
83653 8
83654 1
83655 9
83656 2
83657 9
83658 5
83659 2
83660 2
83661 5
83662 1
83663 5
83664 7
83665 15
83666 5
83667 7
83668 1
83669 2
83670 6
83671 0
83672 3
83673 4
83674 2
83675 2
83676 2
83677 2
83678 2
83679 2
83680 9
83681 1
83682 2
83683 3
83684 2
83685 5
83686 1
83687 0
83688 6
83689 0
83690 1
83691 1
83692 5
83693 1
83694 3
83695 4
83696 0
83697 0
83698 0
83699 1
83700 9
83701 2
83702 1
83703 0
83704 1
83705 2
83706 0
83707 4
83708 1
83709 1
83710 2
83711 28
83712 4
83713 1
83714 2
83715 1
83716 2
83717 3
83718 2
83719 0
83720 17
83721 5
83722 1
83723 0
83724 0
83725 1
83726 1
83727 3
83728 3
83729 1
83730 7
83731 3
83732 0
83733 0
83734 2
83735 0
83736 10
83737 14
83738 2
83739 0
83740 3
83741 0
83742 0
83743 0
83744 1
83745 1
83746 2
83747 0
83748 2
83749 0
83750 0
83751 2
83752 5
83753 1
83754 1
83755 3
83756 1
83757 0
83758 2
83759 0
83760 5
83761 5
83762 0
83763 0
83764 2
83765 1
83766 2
83767 5
83768 4
83769 3
83770 0
83771 0
83772 3
83773 3
83774 1
83775 1
83776 7
83777 6
83778 1
83779 1
83780 5
83781 0
83782 4
83783 0
83784 0
83785 2
83786 2
83787 1
83788 0
83789 0
83790 9
83791 3
83792 5
83793 2
83794 1
83795 3
83796 1
83797 0
83798 2
83799 3
83800 2
83801 0
83802 2
83803 1
83804 3
83805 6
83806 2
83807 1
83808 3
83809 6
83810 15
83811 10
83812 0
83813 6
83814 3
83815 0
83816 1
83817 0
83818 2
83819 1
83820 1
83821 3
83822 2
83823 1
83824 7
83825 1
83826 0
83827 1
83828 3
83829 1
83830 0
83831 1
83832 1
83833 11
83834 3
83835 2
83836 1
83837 3
83838 1
83839 2
83840 2
83841 0
83842 2
83843 5
83844 1
83845 8
83846 3
83847 1
83848 7
83849 0
83850 1
83851 1
83852 0
83853 4
83854 2
83855 1
83856 0
83857 1
83858 3
83859 1
83860 2
83861 1
83862 0
83863 1
83864 0
83865 2
83866 0
83867 0
83868 0
83869 5
83870 1
83871 4
83872 1
83873 4
83874 0
83875 2
83876 5
83877 4
83878 1
83879 4
83880 13
83881 8
83882 1
83883 1
83884 6
83885 1
83886 3
83887 2
83888 2
83889 1
83890 3
83891 2
83892 1
83893 1
83894 2
83895 2
83896 0
83897 0
83898 2
83899 0
83900 1
83901 1
83902 2
83903 8
83904 7
83905 1
83906 5
83907 1
83908 4
83909 1
83910 1
83911 5
83912 2
83913 0
83914 1
83915 1
83916 10
83917 1
83918 1
83919 2
83920 1
83921 4
83922 0
83923 2
83924 0
83925 5
83926 1
83927 2
83928 2
83929 0
83930 1
83931 3
83932 1
83933 1
83934 1
83935 1
83936 0
83937 1
83938 2
83939 5
83940 2
83941 1
83942 1
83943 2
83944 2
83945 2
83946 3
83947 1
83948 1
83949 0
83950 4
83951 1
83952 7
83953 2
83954 0
83955 1
83956 2
83957 1
83958 1
83959 1
83960 1
83961 1
83962 1
83963 2
83964 4
83965 1
83966 0
83967 1
83968 8
83969 6
83970 3
83971 1
83972 5
83973 2
83974 0
83975 2
83976 5
83977 5
83978 1
83979 3
83980 18
83981 6
83982 5
83983 2
83984 2
83985 0
83986 4
83987 5
83988 0
83989 0
83990 3
83991 1
83992 1
83993 1
83994 4
83995 3
83996 2
83997 4
83998 0
83999 1
84000 38
84001 7
84002 3
84003 2
84004 0
84005 0
84006 4
84007 2
84008 4
84009 3
84010 3
84011 4
84012 0
84013 3
84014 0
84015 1
84016 2
84017 11
84018 2
84019 3
84020 0
84021 0
84022 0
84023 3
84024 3
84025 2
84026 8
84027 2
84028 0
84029 1
84030 1
84031 2
84032 1
84033 5
84034 7
84035 36
84036 4
84037 3
84038 0
84039 0
84040 4
84041 1
84042 5
84043 3
84044 1
84045 3
84046 1
84047 8
84048 8
84049 5
84050 11
84051 3
84052 1
84053 3
84054 2
84055 2
84056 3
84057 2
84058 0
84059 4
84060 2
84061 2
84062 0
84063 1
84064 4
84065 0
84066 0
84067 6
84068 2
84069 0
84070 1
84071 2
84072 1
84073 0
84074 5
84075 5
84076 0
84077 2
84078 2
84079 1
84080 6
84081 0
84082 2
84083 2
84084 24
84085 1
84086 2
84087 0
84088 0
84089 2
84090 7
84091 4
84092 1
84093 1
84094 2
84095 2
84096 2
84097 1
84098 0
84099 4
84100 33
84101 6
84102 1
84103 3
84104 0
84105 3
84106 2
84107 0
84108 0
84109 1
84110 4
84111 0
84112 0
84113 3
84114 2
84115 1
84116 0
84117 0
84118 3
84119 6
84120 4
84121 7
84122 1
84123 0
84124 4
84125 3
84126 1
84127 3
84128 1
84129 6
84130 0
84131 4
84132 4
84133 1
84134 23
84135 9
84136 2
84137 5
84138 0
84139 3
84140 0
84141 4
84142 1
84143 2
84144 2
84145 6
84146 4
84147 0
84148 1
84149 2
84150 3
84151 4
84152 3
84153 2
84154 0
84155 4
84156 0
84157 3
84158 5
84159 4
84160 8
84161 2
84162 5
84163 7
84164 0
84165 3
84166 0
84167 2
84168 4
84169 5
84170 3
84171 0
84172 0
84173 2
84174 0
84175 3
84176 1
84177 2
84178 0
84179 3
84180 5
84181 5
84182 0
84183 2
84184 0
84185 2
84186 3
84187 2
84188 4
84189 1
84190 3
84191 1
84192 1
84193 1
84194 0
84195 2
84196 9
84197 3
84198 3
84199 3
84200 3
84201 2
84202 0
84203 1
84204 0
84205 1
84206 0
84207 3
84208 3
84209 3
84210 3
84211 6
84212 2
84213 6
84214 0
84215 1
84216 4
84217 6
84218 1
84219 3
84220 0
84221 7
84222 0
84223 7
84224 2
84225 1
84226 1
84227 1
84228 2
84229 4
84230 2
84231 3
84232 1
84233 2
84234 0
84235 0
84236 1
84237 0
84238 2
84239 4
84240 22
84241 5
84242 3
84243 0
84244 1
84245 5
84246 6
84247 4
84248 0
84249 6
84250 4
84251 2
84252 3
84253 9
84254 3
84255 2
84256 1
84257 3
84258 5
84259 12
84260 1
84261 4
84262 0
84263 5
84264 0
84265 2
84266 3
84267 0
84268 3
84269 1
84270 1
84271 3
84272 1
84273 2
84274 1
84275 0
84276 1
84277 2
84278 2
84279 4
84280 9
84281 3
84282 4
84283 0
84284 3
84285 6
84286 0
84287 0
84288 2
84289 3
84290 0
84291 6
84292 1
84293 1
84294 2
84295 2
84296 1
84297 1
84298 1
84299 7
84300 5
84301 0
84302 3
84303 2
84304 2
84305 2
84306 1
84307 1
84308 2
84309 3
84310 2
84311 4
84312 9
84313 5
84314 0
84315 6
84316 0
84317 5
84318 0
84319 6
84320 7
84321 5
84322 7
84323 1
84324 1
84325 0
84326 3
84327 2
84328 0
84329 2
84330 3
84331 1
84332 2
84333 0
84334 1
84335 1
84336 4
84337 4
84338 4
84339 0
84340 1
84341 1
84342 1
84343 1
84344 2
84345 2
84346 5
84347 8
84348 8
84349 3
84350 2
84351 3
84352 5
84353 0
84354 3
84355 2
84356 1
84357 3
84358 4
84359 1
84360 7
84361 3
84362 1
84363 0
84364 2
84365 2
84366 2
84367 2
84368 3
84369 2
84370 4
84371 1
84372 2
84373 2
84374 2
84375 55
84376 2
84377 3
84378 4
84379 2
84380 1
84381 5
84382 2
84383 2
84384 2
84385 1
84386 0
84387 4
84388 5
84389 9
84390 5
84391 4
84392 2
84393 0
84394 0
84395 1
84396 2
84397 0
84398 1
84399 2
84400 0
84401 4
84402 2
84403 2
84404 2
84405 1
84406 2
84407 1
84408 1
84409 1
84410 0
84411 2
84412 3
84413 1
84414 2
84415 0
84416 5
84417 0
84418 0
84419 7
84420 3
84421 4
84422 4
84423 1
84424 4
84425 3
84426 1
84427 0
84428 1
84429 0
84430 0
84431 4
84432 3
84433 0
84434 4
84435 2
84436 1
84437 5
84438 3
84439 0
84440 1
84441 2
84442 1
84443 8
84444 1
84445 3
84446 0
84447 1
84448 17
84449 12
84450 1
84451 0
84452 0
84453 0
84454 2
84455 3
84456 7
84457 14
84458 2
84459 4
84460 0
84461 1
84462 2
84463 7
84464 5
84465 2
84466 1
84467 1
84468 0
84469 1
84470 3
84471 0
84472 1
84473 4
84474 10
84475 0
84476 1
84477 3
84478 0
84479 4
84480 55
84481 9
84482 4
84483 5
84484 1
84485 0
84486 6
84487 2
84488 1
84489 5
84490 8
84491 2
84492 1
84493 4
84494 3
84495 2
84496 6
84497 2
84498 1
84499 7
84500 8
84501 0
84502 4
84503 6
84504 5
84505 0
84506 1
84507 0
84508 1
84509 3
84510 7
84511 1
84512 2
84513 2
84514 0
84515 2
84516 2
84517 3
84518 2
84519 1
84520 3
84521 6
84522 0
84523 3
84524 8
84525 7
84526 0
84527 1
84528 0
84529 0
84530 1
84531 3
84532 0
84533 6
84534 1
84535 1
84536 3
84537 2
84538 1
84539 0
84540 4
84541 1
84542 3
84543 0
84544 6
84545 1
84546 5
84547 2
84548 5
84549 1
84550 5
84551 4
84552 1
84553 3
84554 3
84555 2
84556 1
84557 0
84558 4
84559 1
84560 2
84561 1
84562 1
84563 0
84564 1
84565 5
84566 0
84567 1
84568 1
84569 1
84570 2
84571 1
84572 3
84573 1
84574 3
84575 6
84576 4
84577 2
84578 1
84579 0
84580 2
84581 6
84582 1
84583 2
84584 0
84585 2
84586 1
84587 2
84588 4
84589 2
84590 3
84591 4
84592 0
84593 1
84594 2
84595 2
84596 0
84597 1
84598 3
84599 1
84600 7
84601 5
84602 3
84603 0
84604 3
84605 0
84606 0
84607 5
84608 2
84609 2
84610 3
84611 4
84612 0
84613 0
84614 5
84615 1
84616 4
84617 0
84618 3
84619 1
84620 3
84621 2
84622 2
84623 0
84624 4
84625 6
84626 18
84627 1
84628 0
84629 4
84630 21
84631 4
84632 1
84633 1
84634 0
84635 3
84636 2
84637 1
84638 1
84639 1
84640 5
84641 0
84642 1
84643 1
84644 5
84645 3
84646 0
84647 0
84648 1
84649 2
84650 4
84651 2
84652 3
84653 2
84654 1
84655 3
84656 3
84657 6
84658 5
84659 1
84660 6
84661 1
84662 1
84663 4
84664 1
84665 2
84666 8
84667 0
84668 0
84669 1
84670 0
84671 1
84672 58
84673 7
84674 0
84675 0
84676 1
84677 1
84678 2
84679 2
84680 8
84681 15
84682 1
84683 1
84684 8
84685 0
84686 2
84687 3
84688 1
84689 0
84690 1
84691 4
84692 1
84693 2
84694 1
84695 1
84696 4
84697 3
84698 3
84699 1
84700 15
84701 7
84702 0
84703 0
84704 2
84705 0
84706 3
84707 1
84708 2
84709 2
84710 0
84711 3
84712 1
84713 0
84714 1
84715 1
84716 1
84717 1
84718 0
84719 3
84720 6
84721 6
84722 2
84723 0
84724 1
84725 5
84726 1
84727 6
84728 0
84729 0
84730 0
84731 7
84732 4
84733 2
84734 2
84735 2
84736 3
84737 8
84738 2
84739 1
84740 1
84741 4
84742 0
84743 1
84744 4
84745 4
84746 1
84747 0
84748 2
84749 3
84750 2
84751 1
84752 3
84753 2
84754 3
84755 0
84756 6
84757 1
84758 0
84759 0
84760 2
84761 4
84762 2
84763 2
84764 2
84765 2
84766 1
84767 0
84768 5
84769 8
84770 4
84771 3
84772 2
84773 2
84774 2
84775 1
84776 0
84777 1
84778 0
84779 3
84780 3
84781 3
84782 0
84783 1
84784 3
84785 0
84786 1
84787 2
84788 3
84789 3
84790 3
84791 0
84792 1
84793 6
84794 1
84795 1
84796 1
84797 1
84798 2
84799 5
84800 2
84801 0
84802 1
84803 0
84804 0
84805 0
84806 3
84807 3
84808 0
84809 4
84810 4
84811 6
84812 2
84813 1
84814 5
84815 2
84816 7
84817 7
84818 1
84819 2
84820 3
84821 1
84822 2
84823 2
84824 4
84825 8
84826 0
84827 3
84828 6
84829 0
84830 0
84831 3
84832 2
84833 1
84834 1
84835 2
84836 3
84837 1
84838 1
84839 3
84840 10
84841 4
84842 0
84843 0
84844 2
84845 0
84846 2
84847 4
84848 5
84849 3
84850 3
84851 1
84852 6
84853 0
84854 3
84855 0
84856 0
84857 1
84858 1
84859 1
84860 3
84861 1
84862 1
84863 2
84864 14
84865 1
84866 3
84867 0
84868 1
84869 6
84870 5
84871 6
84872 4
84873 1
84874 1
84875 2
84876 1
84877 3
84878 2
84879 3
84880 2
84881 1
84882 2
84883 5
84884 1
84885 1
84886 0
84887 2
84888 8
84889 4
84890 0
84891 1
84892 1
84893 7
84894 0
84895 2
84896 4
84897 3
84898 1
84899 7
84900 0
84901 0
84902 0
84903 4
84904 5
84905 2
84906 6
84907 5
84908 0
84909 2
84910 7
84911 3
84912 3
84913 5
84914 0
84915 9
84916 0
84917 2
84918 5
84919 1
84920 4
84921 0
84922 1
84923 0
84924 3
84925 3
84926 1
84927 2
84928 1
84929 3
84930 1
84931 0
84932 0
84933 1
84934 1
84935 0
84936 0
84937 2
84938 0
84939 2
84940 1
84941 3
84942 1
84943 4
84944 0
84945 1
84946 0
84947 3
84948 16
84949 2
84950 0
84951 0
84952 1
84953 4
84954 0
84955 0
84956 0
84957 1
84958 0
84959 2
84960 3
84961 9
84962 2
84963 1
84964 0
84965 1
84966 8
84967 5
84968 4
84969 2
84970 3
84971 1
84972 3
84973 0
84974 3
84975 1
84976 2
84977 2
84978 2
84979 3
84980 1
84981 1
84982 1
84983 0
84984 2
84985 2
84986 2
84987 0
84988 0
84989 3
84990 2
84991 1
84992 11
84993 2
84994 1
84995 1
84996 4
84997 9
84998 2
84999 3
85000 9
85001 1
85002 0
85003 0
85004 2
85005 6
85006 0
85007 3
85008 10
85009 3
85010 1
85011 1
85012 2
85013 4
85014 0
85015 3
85016 3
85017 3
85018 3
85019 0
85020 0
85021 3
85022 2
85023 1
85024 1
85025 0
85026 3
85027 2
85028 2
85029 2
85030 0
85031 1
85032 3
85033 2
85034 1
85035 5
85036 3
85037 1
85038 3
85039 1
85040 2
85041 4
85042 2
85043 0
85044 2
85045 0
85046 1
85047 1
85048 7
85049 3
85050 18
85051 2
85052 1
85053 2
85054 1
85055 1
85056 11
85057 2
85058 2
85059 0
85060 0
85061 6
85062 3
85063 2
85064 7
85065 8
85066 2
85067 2
85068 3
85069 2
85070 1
85071 4
85072 2
85073 5
85074 3
85075 1
85076 2
85077 1
85078 5
85079 1
85080 6
85081 2
85082 2
85083 1
85084 2
85085 86
85086 6
85087 6
85088 1
85089 2
85090 2
85091 4
85092 3
85093 6
85094 3
85095 2
85096 6
85097 0
85098 1
85099 3
85100 2
85101 2
85102 5
85103 1
85104 2
85105 1
85106 3
85107 0
85108 2
85109 2
85110 2
85111 0
85112 0
85113 1
85114 1
85115 0
85116 3
85117 2
85118 3
85119 3
85120 18
85121 5
85122 0
85123 1
85124 0
85125 2
85126 5
85127 1
85128 4
85129 0
85130 3
85131 1
85132 0
85133 1
85134 1
85135 1
85136 0
85137 2
85138 5
85139 1
85140 10
85141 1
85142 1
85143 2
85144 2
85145 2
85146 0
85147 4
85148 0
85149 2
85150 5
85151 1
85152 2
85153 1
85154 1
85155 3
85156 2
85157 0
85158 5
85159 4
85160 1
85161 3
85162 7
85163 6
85164 3
85165 1
85166 2
85167 1
85168 7
85169 9
85170 6
85171 4
85172 1
85173 3
85174 0
85175 2
85176 16
85177 6
85178 0
85179 4
85180 3
85181 0
85182 6
85183 8
85184 93
85185 3
85186 6
85187 0
85188 1
85189 4
85190 2
85191 0
85192 0
85193 6
85194 2
85195 2
85196 8
85197 0
85198 2
85199 6
85200 5
85201 1
85202 2
85203 1
85204 1
85205 0
85206 3
85207 1
85208 1
85209 2
85210 1
85211 1
85212 3
85213 0
85214 0
85215 6
85216 4
85217 1
85218 0
85219 1
85220 5
85221 1
85222 7
85223 4
85224 4
85225 3
85226 2
85227 7
85228 3
85229 9
85230 3
85231 2
85232 0
85233 4
85234 0
85235 1
85236 2
85237 3
85238 1
85239 3
85240 2
85241 2
85242 4
85243 2
85244 0
85245 2
85246 1
85247 3
85248 11
85249 2
85250 4
85251 1
85252 1
85253 2
85254 1
85255 1
85256 0
85257 2
85258 2
85259 6
85260 11
85261 5
85262 0
85263 6
85264 25
85265 5
85266 0
85267 2
85268 5
85269 2
85270 1
85271 1
85272 18
85273 1
85274 0
85275 3
85276 2
85277 1
85278 3
85279 1
85280 8
85281 2
85282 1
85283 1
85284 2
85285 8
85286 0
85287 0
85288 5
85289 4
85290 3
85291 3
85292 1
85293 15
85294 1
85295 0
85296 3
85297 3
85298 2
85299 2
85300 2
85301 0
85302 2
85303 6
85304 2
85305 6
85306 5
85307 0
85308 5
85309 2
85310 12
85311 3
85312 1
85313 7
85314 2
85315 2
85316 5
85317 2
85318 4
85319 2
85320 17
85321 2
85322 0
85323 0
85324 1
85325 1
85326 3
85327 1
85328 4
85329 6
85330 6
85331 1
85332 2
85333 3
85334 4
85335 0
85336 3
85337 2
85338 2
85339 1
85340 1
85341 1
85342 2
85343 3
85344 14
85345 2
85346 0
85347 2
85348 0
85349 4
85350 2
85351 1
85352 1
85353 3
85354 0
85355 3
85356 1
85357 2
85358 4
85359 1
85360 6
85361 5
85362 3
85363 1
85364 4
85365 6
85366 1
85367 1
85368 1
85369 1
85370 1
85371 3
85372 1
85373 1
85374 2
85375 4
85376 6
85377 4
85378 1
85379 0
85380 1
85381 3
85382 0
85383 0
85384 5
85385 1
85386 0
85387 1
85388 1
85389 2
85390 0
85391 2
85392 6
85393 0
85394 0
85395 1
85396 3
85397 0
85398 1
85399 3
85400 4
85401 0
85402 2
85403 2
85404 0
85405 13
85406 2
85407 0
85408 4
85409 0
85410 5
85411 7
85412 1
85413 0
85414 2
85415 1
85416 1
85417 1
85418 0
85419 1
85420 2
85421 0
85422 0
85423 1
85424 3
85425 3
85426 2
85427 1
85428 3
85429 2
85430 2
85431 2
85432 0
85433 1
85434 0
85435 1
85436 1
85437 1
85438 1
85439 9
85440 6
85441 2
85442 0
85443 5
85444 1
85445 2
85446 0
85447 2
85448 5
85449 2
85450 1
85451 2
85452 3
85453 5
85454 0
85455 2
85456 6
85457 2
85458 3
85459 1
85460 4
85461 4
85462 2
85463 2
85464 4
85465 1
85466 0
85467 1
85468 0
85469 5
85470 17
85471 3
85472 0
85473 2
85474 0
85475 6
85476 8
85477 1
85478 2
85479 0
85480 9
85481 5
85482 3
85483 0
85484 0
85485 2
85486 2
85487 6
85488 1
85489 25
85490 2
85491 12
85492 5
85493 1
85494 0
85495 1
85496 1
85497 2
85498 2
85499 3
85500 15
85501 0
85502 1
85503 4
85504 8
85505 1
85506 6
85507 6
85508 0
85509 1
85510 0
85511 9
85512 2
85513 4
85514 3
85515 0
85516 1
85517 3
85518 1
85519 2
85520 0
85521 2
85522 2
85523 1
85524 3
85525 6
85526 3
85527 5
85528 0
85529 3
85530 0
85531 1
85532 0
85533 1
85534 1
85535 2
85536 25
85537 2
85538 2
85539 3
85540 0
85541 3
85542 2
85543 3
85544 4
85545 7
85546 0
85547 4
85548 0
85549 2
85550 3
85551 1
85552 0
85553 2
85554 2
85555 2
85556 4
85557 2
85558 2
85559 0
85560 5
85561 6
85562 3
85563 6
85564 0
85565 1
85566 1
85567 4
85568 4
85569 7
85570 5
85571 3
85572 1
85573 1
85574 0
85575 2
85576 1
85577 6
85578 1
85579 2
85580 6
85581 1
85582 1
85583 3
85584 2
85585 2
85586 2
85587 0
85588 1
85589 2
85590 4
85591 5
85592 1
85593 0
85594 2
85595 5
85596 2
85597 3
85598 2
85599 0
85600 9
85601 1
85602 2
85603 3
85604 2
85605 2
85606 2
85607 4
85608 3
85609 11
85610 3
85611 4
85612 1
85613 1
85614 5
85615 0
85616 1
85617 4
85618 0
85619 2
85620 3
85621 3
85622 0
85623 0
85624 1
85625 9
85626 15
85627 6
85628 3
85629 6
85630 3
85631 0
85632 5
85633 8
85634 1
85635 2
85636 2
85637 0
85638 1
85639 6
85640 1
85641 1
85642 2
85643 0
85644 1
85645 2
85646 3
85647 3
85648 0
85649 2
85650 1
85651 1
85652 2
85653 2
85654 2
85655 2
85656 2
85657 0
85658 5
85659 3
85660 6
85661 1
85662 1
85663 7
85664 2
85665 0
85666 3
85667 5
85668 0
85669 1
85670 2
85671 2
85672 2
85673 4
85674 3
85675 3
85676 0
85677 2
85678 0
85679 5
85680 60
85681 7
85682 1
85683 14
85684 6
85685 2
85686 1
85687 2
85688 1
85689 1
85690 3
85691 3
85692 3
85693 1
85694 2
85695 2
85696 4
85697 11
85698 4
85699 5
85700 5
85701 5
85702 2
85703 4
85704 4
85705 3
85706 0
85707 2
85708 1
85709 0
85710 3
85711 5
85712 3
85713 6
85714 5
85715 3
85716 4
85717 3
85718 1
85719 0
85720 0
85721 0
85722 3
85723 2
85724 2
85725 2
85726 3
85727 1
85728 2
85729 0
85730 2
85731 2
85732 1
85733 1
85734 1
85735 3
85736 3
85737 1
85738 0
85739 1
85740 2
85741 3
85742 1
85743 2
85744 5
85745 0
85746 0
85747 1
85748 3
85749 3
85750 14
85751 9
85752 1
85753 2
85754 0
85755 0
85756 3
85757 0
85758 1
85759 3
85760 6
85761 1
85762 1
85763 2
85764 3
85765 0
85766 2
85767 2
85768 1
85769 0
85770 2
85771 7
85772 2
85773 5
85774 4
85775 1
85776 3
85777 3
85778 3
85779 3
85780 1
85781 2
85782 2
85783 1
85784 2
85785 1
85786 2
85787 4
85788 5
85789 1
85790 1
85791 3
85792 3
85793 2
85794 1
85795 1
85796 3
85797 1
85798 1
85799 0
85800 13
85801 9
85802 1
85803 2
85804 0
85805 3
85806 1
85807 0
85808 3
85809 0
85810 1
85811 1
85812 1
85813 2
85814 3
85815 1
85816 1
85817 1
85818 5
85819 2
85820 2
85821 0
85822 2
85823 0
85824 2
85825 0
85826 6
85827 2
85828 3
85829 5
85830 2
85831 5
85832 1
85833 1
85834 1
85835 2
85836 3
85837 2
85838 1
85839 4
85840 4
85841 5
85842 5
85843 7
85844 4
85845 1
85846 0
85847 13
85848 5
85849 47
85850 7
85851 0
85852 2
85853 13
85854 1
85855 3
85856 1
85857 0
85858 1
85859 0
85860 3
85861 3
85862 1
85863 2
85864 2
85865 3
85866 1
85867 0
85868 2
85869 1
85870 4
85871 1
85872 2
85873 2
85874 2
85875 1
85876 4
85877 2
85878 3
85879 7
85880 3
85881 2
85882 3
85883 1
85884 1
85885 2
85886 5
85887 6
85888 9
85889 4
85890 1
85891 0
85892 2
85893 3
85894 1
85895 1
85896 1
85897 3
85898 2
85899 2
85900 5
85901 2
85902 0
85903 3
85904 4
85905 12
85906 1
85907 3
85908 2
85909 6
85910 3
85911 1
85912 0
85913 2
85914 0
85915 1
85916 1
85917 1
85918 0
85919 2
85920 1
85921 0
85922 7
85923 1
85924 3
85925 1
85926 5
85927 3
85928 0
85929 4
85930 0
85931 2
85932 12
85933 8
85934 0
85935 2
85936 12
85937 2
85938 4
85939 2
85940 0
85941 2
85942 1
85943 0
85944 2
85945 0
85946 3
85947 6
85948 1
85949 1
85950 6
85951 4
85952 2
85953 0
85954 0
85955 0
85956 3
85957 2
85958 3
85959 1
85960 5
85961 1
85962 3
85963 2
85964 4
85965 1
85966 0
85967 2
85968 5
85969 4
85970 3
85971 7
85972 1
85973 1
85974 5
85975 0
85976 5
85977 0
85978 1
85979 1
85980 1
85981 2
85982 2
85983 0
85984 4
85985 0
85986 3
85987 2
85988 4
85989 2
85990 4
85991 5
85992 6
85993 1
85994 3
85995 14
85996 2
85997 1
85998 2
85999 12
86000 0
86001 1
86002 2
86003 0
86004 2
86005 1
86006 1
86007 0
86008 3
86009 5
86010 8
86011 3
86012 1
86013 3
86014 2
86015 5
86016 64
86017 2
86018 1
86019 2
86020 7
86021 18
86022 4
86023 0
86024 1
86025 5
86026 1
86027 6
86028 0
86029 4
86030 2
86031 3
86032 1
86033 3
86034 0
86035 1
86036 1
86037 4
86038 1
86039 0
86040 3
86041 2
86042 0
86043 2
86044 0
86045 0
86046 3
86047 1
86048 5
86049 2
86050 1
86051 1
86052 3
86053 1
86054 5
86055 1
86056 2
86057 0
86058 2
86059 0
86060 2
86061 1
86062 5
86063 9
86064 4
86065 2
86066 2
86067 0
86068 3
86069 6
86070 1
86071 4
86072 1
86073 2
86074 1
86075 0
86076 2
86077 1
86078 2
86079 0
86080 3
86081 1
86082 2
86083 2
86084 0
86085 5
86086 4
86087 3
86088 9
86089 1
86090 4
86091 1
86092 1
86093 1
86094 0
86095 2
86096 2
86097 1
86098 4
86099 2
86100 5
86101 2
86102 1
86103 0
86104 2
86105 0
86106 2
86107 0
86108 1
86109 1
86110 3
86111 8
86112 6
86113 5
86114 1
86115 3
86116 0
86117 1
86118 2
86119 2
86120 2
86121 5
86122 0
86123 5
86124 2
86125 9
86126 0
86127 2
86128 0
86129 1
86130 4
86131 2
86132 2
86133 2
86134 0
86135 1
86136 5
86137 3
86138 1
86139 5
86140 2
86141 1
86142 3
86143 19
86144 2
86145 2
86146 2
86147 5
86148 1
86149 4
86150 3
86151 2
86152 4
86153 0
86154 1
86155 0
86156 5
86157 2
86158 5
86159 0
86160 4
86161 6
86162 1
86163 1
86164 2
86165 3
86166 3
86167 1
86168 2
86169 0
86170 1
86171 12
86172 3
86173 2
86174 3
86175 0
86176 4
86177 1
86178 1
86179 3
86180 1
86181 4
86182 1
86183 4
86184 15
86185 3
86186 0
86187 0
86188 1
86189 2
86190 2
86191 3
86192 1
86193 1
86194 0
86195 2
86196 1
86197 1
86198 1
86199 0
86200 2
86201 7
86202 1
86203 4
86204 3
86205 1
86206 1
86207 1
86208 5
86209 4
86210 2
86211 1
86212 2
86213 1
86214 4
86215 2
86216 2
86217 3
86218 1
86219 0
86220 0
86221 2
86222 1
86223 1
86224 2
86225 2
86226 3
86227 4
86228 0
86229 2
86230 2
86231 2
86232 1
86233 2
86234 0
86235 3
86236 1
86237 0
86238 1
86239 4
86240 7
86241 8
86242 6
86243 17
86244 1
86245 2
86246 2
86247 1
86248 2
86249 5
86250 7
86251 7
86252 3
86253 0
86254 2
86255 5
86256 1
86257 1
86258 6
86259 2
86260 1
86261 2
86262 1
86263 0
86264 3
86265 2
86266 0
86267 3
86268 7
86269 7
86270 0
86271 2
86272 4
86273 6
86274 2
86275 7
86276 2
86277 2
86278 0
86279 2
86280 2
86281 4
86282 0
86283 4
86284 0
86285 1
86286 4
86287 2
86288 0
86289 0
86290 1
86291 6
86292 4
86293 9
86294 0
86295 7
86296 4
86297 1
86298 1
86299 0
86300 2
86301 0
86302 2
86303 1
86304 11
86305 3
86306 1
86307 2
86308 1
86309 0
86310 8
86311 4
86312 1
86313 1
86314 3
86315 1
86316 1
86317 2
86318 1
86319 2
86320 4
86321 1
86322 1
86323 3
86324 2
86325 2
86326 0
86327 0
86328 2
86329 10
86330 3
86331 5
86332 2
86333 1
86334 0
86335 1
86336 2
86337 4
86338 2
86339 1
86340 0
86341 4
86342 2
86343 4
86344 2
86345 1
86346 1
86347 4
86348 1
86349 1
86350 2
86351 4
86352 2
86353 3
86354 2
86355 7
86356 2
86357 3
86358 0
86359 5
86360 7
86361 3
86362 2
86363 1
86364 3
86365 2
86366 1
86367 1
86368 1
86369 3
86370 1
86371 1
86372 3
86373 3
86374 1
86375 0
86376 1
86377 1
86378 2
86379 1
86380 1
86381 0
86382 1
86383 0
86384 1
86385 0
86386 1
86387 5
86388 5
86389 1
86390 1
86391 0
86392 4
86393 1
86394 3
86395 1
86396 1
86397 0
86398 0
86399 3
86400 173
86401 6
86402 1
86403 0
86404 2
86405 1
86406 1
86407 3
86408 5
86409 0
86410 2
86411 2
86412 0
86413 3
86414 0
86415 7
86416 2
86417 3
86418 3
86419 2
86420 9
86421 4
86422 2
86423 3
86424 5
86425 1
86426 4
86427 3
86428 3
86429 6
86430 7
86431 1
86432 2
86433 3
86434 0
86435 0
86436 49
86437 2
86438 1
86439 6
86440 1
86441 5
86442 2
86443 2
86444 1
86445 0
86446 0
86447 4
86448 4
86449 0
86450 7
86451 4
86452 0
86453 7
86454 2
86455 2
86456 1
86457 4
86458 1
86459 1
86460 3
86461 2
86462 0
86463 1
86464 14
86465 1
86466 3
86467 0
86468 0
86469 5
86470 0
86471 4
86472 10
86473 1
86474 1
86475 4
86476 4
86477 3
86478 14
86479 2
86480 1
86481 0
86482 0
86483 0
86484 0
86485 1
86486 5
86487 2
86488 4
86489 1
86490 1
86491 4
86492 1
86493 1
86494 0
86495 0
86496 10
86497 3
86498 1
86499 5
86500 3
86501 1
86502 2
86503 0
86504 4
86505 1
86506 3
86507 3
86508 1
86509 5
86510 1
86511 1
86512 0
86513 1
86514 0
86515 11
86516 1
86517 0
86518 0
86519 1
86520 7
86521 2
86522 1
86523 7
86524 1
86525 0
86526 21
86527 2
86528 14
86529 3
86530 1
86531 9
86532 1
86533 3
86534 1
86535 1
86536 1
86537 4
86538 5
86539 6
86540 3
86541 0
86542 2
86543 4
86544 8
86545 1
86546 1
86547 2
86548 2
86549 1
86550 8
86551 2
86552 2
86553 3
86554 3
86555 1
86556 4
86557 2
86558 3
86559 1
86560 4
86561 6
86562 4
86563 0
86564 2
86565 2
86566 0
86567 3
86568 3
86569 1
86570 1
86571 0
86572 2
86573 3
86574 1
86575 7
86576 4
86577 1
86578 3
86579 6
86580 7
86581 6
86582 0
86583 1
86584 2
86585 1
86586 1
86587 5
86588 0
86589 3
86590 3
86591 2
86592 5
86593 2
86594 2
86595 2
86596 1
86597 0
86598 4
86599 4
86600 1
86601 1
86602 4
86603 3
86604 3
86605 2
86606 6
86607 4
86608 6
86609 1
86610 2
86611 0
86612 0
86613 2
86614 1
86615 2
86616 5
86617 6
86618 3
86619 0
86620 2
86621 3
86622 4
86623 0
86624 0
86625 7
86626 1
86627 5
86628 0
86629 14
86630 1
86631 3
86632 7
86633 5
86634 1
86635 2
86636 3
86637 1
86638 1
86639 1
86640 12
86641 5
86642 7
86643 3
86644 1
86645 3
86646 2
86647 1
86648 0
86649 1
86650 0
86651 0
86652 0
86653 2
86654 0
86655 2
86656 1
86657 2
86658 4
86659 3
86660 3
86661 1
86662 4
86663 1
86664 0
86665 0
86666 0
86667 0
86668 2
86669 2
86670 3
86671 1
86672 0
86673 4
86674 4
86675 0
86676 2
86677 8
86678 4
86679 0
86680 1
86681 2
86682 4
86683 6
86684 1
86685 1
86686 1
86687 0
86688 23
86689 10
86690 0
86691 5
86692 1
86693 5
86694 0
86695 4
86696 7
86697 3
86698 3
86699 0
86700 3
86701 4
86702 0
86703 0
86704 5
86705 1
86706 1
86707 1
86708 1
86709 3
86710 6
86711 4
86712 4
86713 1
86714 0
86715 4
86716 7
86717 0
86718 1
86719 1
86720 1
86721 1
86722 3
86723 9
86724 6
86725 2
86726 4
86727 0
86728 2
86729 4
86730 2
86731 5
86732 0
86733 2
86734 0
86735 1
86736 10
86737 0
86738 2
86739 2
86740 3
86741 1
86742 4
86743 5
86744 6
86745 2
86746 1
86747 0
86748 1
86749 2
86750 0
86751 3
86752 1
86753 1
86754 2
86755 1
86756 1
86757 0
86758 0
86759 2
86760 3
86761 2
86762 3
86763 2
86764 1
86765 4
86766 1
86767 2
86768 7
86769 1
86770 1
86771 2
86772 3
86773 0
86774 1
86775 6
86776 0
86777 2
86778 1
86779 8
86780 1
86781 1
86782 3
86783 3
86784 5
86785 1
86786 0
86787 0
86788 0
86789 1
86790 0
86791 1
86792 0
86793 1
86794 2
86795 0
86796 9
86797 1
86798 0
86799 2
86800 23
86801 3
86802 5
86803 0
86804 4
86805 1
86806 1
86807 0
86808 1
86809 3
86810 2
86811 4
86812 5
86813 2
86814 3
86815 2
86816 5
86817 0
86818 1
86819 0
86820 0
86821 1
86822 0
86823 3
86824 2
86825 2
86826 0
86827 0
86828 7
86829 1
86830 4
86831 6
86832 5
86833 5
86834 2
86835 0
86836 1
86837 3
86838 2
86839 1
86840 4
86841 4
86842 0
86843 3
86844 3
86845 4
86846 0
86847 1
86848 3
86849 0
86850 1
86851 1
86852 1
86853 2
86854 0
86855 2
86856 3
86857 4
86858 2
86859 3
86860 2
86861 4
86862 2
86863 0
86864 1
86865 2
86866 1
86867 1
86868 4
86869 6
86870 5
86871 2
86872 2
86873 1
86874 1
86875 0
86876 2
86877 0
86878 2
86879 3
86880 3
86881 1
86882 0
86883 0
86884 0
86885 2
86886 2
86887 0
86888 5
86889 3
86890 0
86891 0
86892 0
86893 1
86894 1
86895 1
86896 2
86897 2
86898 4
86899 1
86900 3
86901 2
86902 2
86903 6
86904 2
86905 7
86906 4
86907 0
86908 3
86909 1
86910 0
86911 3
86912 8
86913 1
86914 4
86915 1
86916 3
86917 0
86918 3
86919 2
86920 1
86921 3
86922 5
86923 1
86924 3
86925 4
86926 0
86927 2
86928 2
86929 3
86930 3
86931 2
86932 0
86933 0
86934 1
86935 5
86936 2
86937 0
86938 1
86939 1
86940 16
86941 2
86942 1
86943 0
86944 9
86945 0
86946 4
86947 0
86948 1
86949 1
86950 3
86951 0
86952 0
86953 0
86954 0
86955 8
86956 1
86957 1
86958 5
86959 3
86960 1
86961 3
86962 2
86963 3
86964 5
86965 1
86966 0
86967 2
86968 10
86969 7
86970 0
86971 1
86972 1
86973 0
86974 0
86975 2
86976 6
86977 5
86978 1
86979 5
86980 1
86981 2
86982 1
86983 2
86984 0
86985 0
86986 3
86987 1
86988 6
86989 1
86990 1
86991 0
86992 1
86993 1
86994 3
86995 7
86996 3
86997 2
86998 0
86999 4
87000 9
87001 6
87002 0
87003 2
87004 1
87005 0
87006 1
87007 0
87008 1
87009 9
87010 1
87011 6
87012 2
87013 5
87014 1
87015 0
87016 1
87017 1
87018 1
87019 0
87020 1
87021 7
87022 2
87023 1
87024 8
87025 23
87026 2
87027 1
87028 0
87029 1
87030 3
87031 3
87032 5
87033 0
87034 0
87035 1
87036 1
87037 5
87038 0
87039 4
87040 25
87041 10
87042 1
87043 5
87044 0
87045 3
87046 1
87047 1
87048 5
87049 2
87050 3
87051 2
87052 4
87053 3
87054 3
87055 1
87056 1
87057 2
87058 2
87059 2
87060 1
87061 4
87062 1
87063 0
87064 0
87065 0
87066 4
87067 3
87068 1
87069 0
87070 1
87071 6
87072 0
87073 2
87074 0
87075 10
87076 0
87077 1
87078 0
87079 2
87080 3
87081 5
87082 1
87083 12
87084 4
87085 1
87086 2
87087 14
87088 0
87089 2
87090 2
87091 0
87092 1
87093 2
87094 0
87095 0
87096 6
87097 0
87098 0
87099 0
87100 2
87101 1
87102 1
87103 6
87104 4
87105 2
87106 1
87107 0
87108 3
87109 2
87110 2
87111 1
87112 0
87113 1
87114 4
87115 2
87116 3
87117 3
87118 0
87119 9
87120 78
87121 6
87122 1
87123 3
87124 1
87125 8
87126 3
87127 0
87128 2
87129 5
87130 1
87131 3
87132 1
87133 3
87134 1
87135 4
87136 3
87137 0
87138 1
87139 1
87140 2
87141 0
87142 2
87143 5
87144 3
87145 1
87146 3
87147 2
87148 0
87149 4
87150 1
87151 8
87152 0
87153 10
87154 4
87155 0
87156 3
87157 1
87158 1
87159 0
87160 1
87161 3
87162 1
87163 3
87164 8
87165 4
87166 1
87167 0
87168 2
87169 1
87170 0
87171 1
87172 1
87173 4
87174 1
87175 3
87176 2
87177 1
87178 3
87179 3
87180 2
87181 2
87182 0
87183 1
87184 1
87185 4
87186 3
87187 4
87188 0
87189 1
87190 0
87191 1
87192 6
87193 5
87194 1
87195 1
87196 0
87197 1
87198 5
87199 4
87200 2
87201 1
87202 0
87203 1
87204 0
87205 2
87206 2
87207 1
87208 4
87209 3
87210 17
87211 40
87212 3
87213 0
87214 0
87215 0
87216 2
87217 0
87218 2
87219 2
87220 0
87221 4
87222 3
87223 3
87224 1
87225 1
87226 2
87227 0
87228 2
87229 0
87230 4
87231 1
87232 3
87233 1
87234 1
87235 0
87236 3
87237 5
87238 8
87239 1
87240 3
87241 2
87242 1
87243 1
87244 1
87245 1
87246 2
87247 0
87248 1
87249 12
87250 0
87251 2
87252 4
87253 2
87254 4
87255 0
87256 0
87257 3
87258 10
87259 0
87260 2
87261 2
87262 1
87263 2
87264 0
87265 0
87266 0
87267 1
87268 1
87269 5
87270 3
87271 1
87272 2
87273 2
87274 4
87275 0
87276 0
87277 5
87278 1
87279 2
87280 2
87281 2
87282 0
87283 1
87284 2
87285 2
87286 0
87287 3
87288 2
87289 3
87290 4
87291 4
87292 0
87293 2
87294 4
87295 5
87296 29
87297 1
87298 1
87299 5
87300 3
87301 5
87302 2
87303 1
87304 2
87305 2
87306 4
87307 0
87308 3
87309 3
87310 3
87311 0
87312 6
87313 4
87314 3
87315 3
87316 1
87317 4
87318 5
87319 5
87320 5
87321 3
87322 0
87323 4
87324 3
87325 0
87326 0
87327 0
87328 6
87329 0
87330 0
87331 4
87332 3
87333 3
87334 2
87335 1
87336 5
87337 8
87338 0
87339 1
87340 2
87341 1
87342 4
87343 3
87344 2
87345 1
87346 0
87347 1
87348 1
87349 3
87350 0
87351 0
87352 3
87353 2
87354 1
87355 1
87356 0
87357 0
87358 3
87359 2
87360 42
87361 7
87362 12
87363 5
87364 4
87365 2
87366 5
87367 1
87368 5
87369 2
87370 1
87371 1
87372 4
87373 3
87374 3
87375 5
87376 4
87377 7
87378 6
87379 9
87380 49
87381 180
87382 57
87383 19
87384 13
87385 5
87386 1
87387 0
87388 8
87389 1
87390 4
87391 2
87392 6
87393 1
87394 0
87395 1
87396 2
87397 5
87398 1
87399 1
87400 5
87401 1
87402 2
87403 4
87404 3
87405 1
87406 2
87407 4
87408 3
87409 1
87410 3
87411 3
87412 1
87413 1
87414 1
87415 0
87416 2
87417 2
87418 2
87419 0
87420 1
87421 9
87422 0
87423 0
87424 4
87425 5
87426 2
87427 0
87428 1
87429 1
87430 0
87431 1
87432 4
87433 2
87434 3
87435 2
87436 1
87437 1
87438 3
87439 0
87440 1
87441 1
87442 0
87443 1
87444 5
87445 1
87446 1
87447 1
87448 11
87449 2
87450 7
87451 4
87452 4
87453 5
87454 0
87455 0
87456 2
87457 2
87458 0
87459 0
87460 1
87461 0
87462 1
87463 4
87464 5
87465 3
87466 4
87467 0
87468 1
87469 1
87470 0
87471 2
87472 5
87473 4
87474 2
87475 1
87476 2
87477 8
87478 2
87479 1
87480 18
87481 21
87482 0
87483 1
87484 0
87485 1
87486 4
87487 1
87488 6
87489 3
87490 1
87491 5
87492 1
87493 1
87494 0
87495 1
87496 1
87497 2
87498 1
87499 2
87500 14
87501 3
87502 1
87503 2
87504 4
87505 2
87506 0
87507 2
87508 2
87509 5
87510 3
87511 4
87512 4
87513 2
87514 1
87515 2
87516 50
87517 8
87518 0
87519 1
87520 3
87521 2
87522 2
87523 1
87524 1
87525 2
87526 0
87527 2
87528 3
87529 6
87530 3
87531 0
87532 2
87533 2
87534 5
87535 2
87536 2
87537 0
87538 2
87539 11
87540 6
87541 7
87542 10
87543 1
87544 2
87545 1
87546 3
87547 1
87548 1
87549 5
87550 4
87551 7
87552 15
87553 3
87554 2
87555 4
87556 3
87557 6
87558 2
87559 1
87560 1
87561 5
87562 1
87563 1
87564 5
87565 2
87566 2
87567 1
87568 11
87569 1
87570 4
87571 11
87572 0
87573 3
87574 0
87575 1
87576 7
87577 0
87578 1
87579 2
87580 1
87581 1
87582 2
87583 2
87584 2
87585 0
87586 0
87587 1
87588 1
87589 4
87590 0
87591 3
87592 1
87593 1
87594 8
87595 3
87596 3
87597 2
87598 1
87599 1
87600 3
87601 3
87602 2
87603 1
87604 2
87605 0
87606 1
87607 1
87608 4
87609 0
87610 1
87611 2
87612 1
87613 4
87614 2
87615 5
87616 50
87617 5
87618 2
87619 2
87620 1
87621 4
87622 2
87623 2
87624 5
87625 0
87626 2
87627 4
87628 3
87629 2
87630 1
87631 3
87632 6
87633 23
87634 3
87635 0
87636 2
87637 4
87638 1
87639 1
87640 3
87641 6
87642 2
87643 10
87644 3
87645 2
87646 0
87647 0
87648 10
87649 11
87650 1
87651 2
87652 3
87653 5
87654 8
87655 2
87656 2
87657 1
87658 2
87659 5
87660 2
87661 0
87662 1
87663 4
87664 2
87665 5
87666 0
87667 2
87668 1
87669 8
87670 1
87671 2
87672 3
87673 3
87674 0
87675 4
87676 2
87677 4
87678 3
87679 1
87680 8
87681 0
87682 2
87683 0
87684 1
87685 17
87686 6
87687 2
87688 1
87689 1
87690 2
87691 5
87692 1
87693 1
87694 1
87695 0
87696 12
87697 6
87698 4
87699 1
87700 3
87701 4
87702 3
87703 3
87704 5
87705 2
87706 1
87707 1
87708 1
87709 0
87710 0
87711 4
87712 5
87713 1
87714 0
87715 0
87716 4
87717 1
87718 1
87719 6
87720 8
87721 3
87722 0
87723 18
87724 6
87725 6
87726 4
87727 3
87728 2
87729 3
87730 6
87731 0
87732 2
87733 1
87734 6
87735 5
87736 1
87737 2
87738 1
87739 1
87740 3
87741 0
87742 0
87743 2
87744 2
87745 1
87746 4
87747 3
87748 0
87749 0
87750 12
87751 2
87752 3
87753 1
87754 1
87755 1
87756 3
87757 0
87758 4
87759 1
87760 4
87761 3
87762 1
87763 3
87764 1
87765 1
87766 0
87767 2
87768 5
87769 1
87770 2
87771 2
87772 1
87773 1
87774 0
87775 1
87776 8
87777 1
87778 2
87779 0
87780 27
87781 10
87782 0
87783 0
87784 4
87785 2
87786 0
87787 0
87788 3
87789 0
87790 0
87791 2
87792 2
87793 2
87794 1
87795 3
87796 0
87797 4
87798 3
87799 2
87800 8
87801 4
87802 7
87803 16
87804 5
87805 1
87806 1
87807 2
87808 32
87809 2
87810 1
87811 13
87812 2
87813 3
87814 4
87815 1
87816 1
87817 0
87818 0
87819 2
87820 1
87821 0
87822 0
87823 2
87824 8
87825 4
87826 1
87827 2
87828 2
87829 1
87830 4
87831 0
87832 1
87833 6
87834 2
87835 2
87836 2
87837 2
87838 5
87839 3
87840 17
87841 18
87842 5
87843 2
87844 1
87845 1
87846 14
87847 3
87848 1
87849 1
87850 1
87851 1
87852 1
87853 3
87854 2
87855 1
87856 5
87857 3
87858 0
87859 0
87860 2
87861 1
87862 1
87863 1
87864 5
87865 0
87866 1
87867 1
87868 3
87869 10
87870 0
87871 3
87872 0
87873 3
87874 0
87875 0
87876 3
87877 14
87878 4
87879 1
87880 2
87881 7
87882 1
87883 0
87884 2
87885 8
87886 2
87887 10
87888 7
87889 4
87890 9
87891 3
87892 7
87893 2
87894 8
87895 0
87896 2
87897 1
87898 0
87899 0
87900 2
87901 5
87902 4
87903 2
87904 2
87905 3
87906 1
87907 6
87908 2
87909 1
87910 0
87911 3
87912 17
87913 6
87914 2
87915 2
87916 2
87917 0
87918 4
87919 1
87920 5
87921 1
87922 4
87923 0
87924 6
87925 3
87926 0
87927 2
87928 1
87929 0
87930 2
87931 4
87932 4
87933 1
87934 0
87935 1
87936 6
87937 0
87938 1
87939 2
87940 4
87941 1
87942 0
87943 0
87944 1
87945 7
87946 1
87947 2
87948 2
87949 5
87950 2
87951 2
87952 0
87953 5
87954 2
87955 3
87956 0
87957 1
87958 1
87959 3
87960 4
87961 3
87962 1
87963 3
87964 1
87965 1
87966 1
87967 5
87968 2
87969 1
87970 5
87971 4
87972 3
87973 5
87974 1
87975 0
87976 2
87977 6
87978 8
87979 2
87980 5
87981 2
87982 0
87983 4
87984 4
87985 2
87986 3
87987 0
87988 2
87989 2
87990 13
87991 13
87992 0
87993 1
87994 0
87995 5
87996 3
87997 1
87998 0
87999 3
88000 22
88001 9
88002 2
88003 3
88004 1
88005 0
88006 1
88007 5
88008 8
88009 3
88010 6
88011 0
88012 1
88013 2
88014 3
88015 1
88016 3
88017 1
88018 1
88019 1
88020 2
88021 2
88022 6
88023 1
88024 3
88025 1
88026 1
88027 2
88028 2
88029 0
88030 3
88031 1
88032 4
88033 6
88034 3
88035 0
88036 3
88037 7
88038 1
88039 0
88040 4
88041 4
88042 0
88043 0
88044 5
88045 1
88046 0
88047 6
88048 5
88049 2
88050 2
88051 1
88052 2
88053 0
88054 1
88055 5
88056 3
88057 0
88058 0
88059 2
88060 7
88061 0
88062 0
88063 0
88064 10
88065 3
88066 2
88067 1
88068 1
88069 12
88070 1
88071 3
88072 2
88073 4
88074 2
88075 1
88076 2
88077 3
88078 2
88079 6
88080 3
88081 1
88082 1
88083 3
88084 2
88085 0
88086 2
88087 1
88088 30
88089 1
88090 1
88091 0
88092 8
88093 4
88094 0
88095 1
88096 2
88097 1
88098 0
88099 2
88100 3
88101 4
88102 4
88103 6
88104 1
88105 3
88106 1
88107 0
88108 2
88109 3
88110 11
88111 0
88112 5
88113 2
88114 2
88115 1
88116 3
88117 11
88118 1
88119 6
88120 0
88121 1
88122 2
88123 0
88124 0
88125 1
88126 0
88127 1
88128 10
88129 6
88130 0
88131 0
88132 8
88133 3
88134 1
88135 1
88136 0
88137 3
88138 1
88139 0
88140 5
88141 0
88142 0
88143 3
88144 1
88145 2
88146 5
88147 2
88148 0
88149 1
88150 1
88151 1
88152 4
88153 7
88154 2
88155 1
88156 1
88157 1
88158 0
88159 0
88160 3
88161 2
88162 1
88163 1
88164 2
88165 1
88166 2
88167 0
88168 2
88169 0
88170 1
88171 3
88172 1
88173 1
88174 1
88175 1
88176 3
88177 8
88178 8
88179 30
88180 2
88181 4
88182 4
88183 5
88184 1
88185 1
88186 4
88187 2
88188 8
88189 1
88190 0
88191 2
88192 4
88193 7
88194 1
88195 2
88196 1
88197 5
88198 8
88199 4
88200 97
88201 7
88202 0
88203 4
88204 1
88205 1
88206 3
88207 0
88208 6
88209 78
88210 3
88211 8
88212 5
88213 0
88214 4
88215 8
88216 0
88217 4
88218 6
88219 1
88220 3
88221 0
88222 1
88223 5
88224 2
88225 5
88226 3
88227 2
88228 0
88229 1
88230 4
88231 2
88232 2
88233 1
88234 25
88235 3
88236 6
88237 6
88238 4
88239 0
88240 1
88241 4
88242 4
88243 7
88244 4
88245 4
88246 0
88247 1
88248 1
88249 2
88250 1
88251 0
88252 0
88253 0
88254 3
88255 1
88256 4
88257 2
88258 2
88259 4
88260 3
88261 8
88262 1
88263 8
88264 5
88265 1
88266 0
88267 3
88268 1
88269 0
88270 4
88271 1
88272 1
88273 4
88274 0
88275 2
88276 0
88277 6
88278 4
88279 0
88280 1
88281 3
88282 2
88283 1
88284 0
88285 3
88286 0
88287 1
88288 9
88289 9
88290 0
88291 0
88292 1
88293 1
88294 0
88295 2
88296 2
88297 4
88298 2
88299 1
88300 1
88301 6
88302 4
88303 4
88304 1
88305 4
88306 0
88307 5
88308 7
88309 0
88310 3
88311 1
88312 2
88313 0
88314 1
88315 0
88316 0
88317 1
88318 0
88319 1
88320 11
88321 6
88322 2
88323 1
88324 0
88325 1
88326 3
88327 7
88328 2
88329 0
88330 3
88331 6
88332 1
88333 0
88334 0
88335 5
88336 6
88337 1
88338 6
88339 6
88340 3
88341 1
88342 3
88343 0
88344 3
88345 0
88346 0
88347 1
88348 2
88349 1
88350 3
88351 3
88352 2
88353 1
88354 3
88355 2
88356 1
88357 31
88358 2
88359 0
88360 3
88361 3
88362 0
88363 1
88364 0
88365 1
88366 3
88367 1
88368 5
88369 1
88370 2
88371 0
88372 0
88373 1
88374 1
88375 1
88376 3
88377 2
88378 0
88379 7
88380 4
88381 2
88382 0
88383 2
88384 5
88385 1
88386 4
88387 1
88388 5
88389 3
88390 1
88391 2
88392 5
88393 0
88394 1
88395 0
88396 2
88397 10
88398 1
88399 4
88400 6
88401 2
88402 0
88403 1
88404 0
88405 1
88406 2
88407 2
88408 0
88409 5
88410 12
88411 2
88412 2
88413 1
88414 2
88415 0
88416 4
88417 3
88418 3
88419 2
88420 1
88421 5
88422 3
88423 3
88424 1
88425 3
88426 3
88427 3
88428 2
88429 1
88430 0
88431 1
88432 0
88433 5
88434 63
88435 3
88436 1
88437 0
88438 0
88439 1
88440 7
88441 4
88442 0
88443 1
88444 4
88445 0
88446 0
88447 2
88448 2
88449 1
88450 3
88451 5
88452 33
88453 4
88454 1
88455 5
88456 4
88457 5
88458 0
88459 3
88460 3
88461 1
88462 1
88463 4
88464 1
88465 5
88466 0
88467 2
88468 1
88469 8
88470 0
88471 2
88472 4
88473 14
88474 3
88475 1
88476 1
88477 0
88478 2
88479 5
88480 4
88481 1
88482 2
88483 3
88484 2
88485 1
88486 2
88487 1
88488 7
88489 2
88490 0
88491 2
88492 1
88493 7
88494 5
88495 1
88496 0
88497 1
88498 3
88499 1
88500 3
88501 1
88502 2
88503 1
88504 0
88505 2
88506 2
88507 10
88508 5
88509 4
88510 3
88511 1
88512 4
88513 1
88514 1
88515 2
88516 0
88517 1
88518 3
88519 4
88520 3
88521 2
88522 3
88523 1
88524 1
88525 0
88526 4
88527 0
88528 0
88529 0
88530 5
88531 2
88532 1
88533 0
88534 0
88535 1
88536 10
88537 5
88538 1
88539 0
88540 3
88541 0
88542 3
88543 1
88544 7
88545 3
88546 0
88547 5
88548 1
88549 1
88550 0
88551 4
88552 6
88553 2
88554 0
88555 8
88556 3
88557 1
88558 1
88559 7
88560 14
88561 22
88562 1
88563 6
88564 0
88565 1
88566 3
88567 0
88568 1
88569 4
88570 2
88571 3
88572 17
88573 63
88574 30
88575 8
88576 9
88577 4
88578 6
88579 2
88580 11
88581 1
88582 1
88583 1
88584 2
88585 6
88586 0
88587 4
88588 3
88589 4
88590 4
88591 4
88592 3
88593 0
88594 2
88595 9
88596 7
88597 4
88598 0
88599 0
88600 4
88601 8
88602 2
88603 2
88604 3
88605 2
88606 1
88607 4
88608 10
88609 15
88610 1
88611 2
88612 0
88613 0
88614 3
88615 2
88616 4
88617 1
88618 0
88619 0
88620 5
88621 3
88622 5
88623 1
88624 1
88625 1
88626 1
88627 2
88628 2
88629 2
88630 2
88631 1
88632 1
88633 0
88634 4
88635 0
88636 4
88637 1
88638 5
88639 2
88640 5
88641 5
88642 0
88643 7
88644 1
88645 3
88646 3
88647 0
88648 2
88649 4
88650 0
88651 8
88652 2
88653 0
88654 2
88655 3
88656 0
88657 5
88658 2
88659 3
88660 13
88661 3
88662 0
88663 3
88664 4
88665 2
88666 0
88667 1
88668 1
88669 3
88670 1
88671 1
88672 3
88673 0
88674 1
88675 3
88676 2
88677 1
88678 1
88679 4
88680 3
88681 4
88682 0
88683 4
88684 0
88685 0
88686 0
88687 5
88688 6
88689 5
88690 3
88691 1
88692 2
88693 2
88694 1
88695 6
88696 2
88697 1
88698 3
88699 2
88700 2
88701 1
88702 0
88703 2
88704 22
88705 2
88706 1
88707 0
88708 2
88709 3
88710 1
88711 4
88712 4
88713 2
88714 1
88715 0
88716 2
88717 0
88718 1
88719 0
88720 5
88721 3
88722 1
88723 13
88724 4
88725 9
88726 1
88727 2
88728 0
88729 5
88730 21
88731 1
88732 4
88733 3
88734 2
88735 0
88736 6
88737 3
88738 2
88739 2
88740 8
88741 37
88742 2
88743 0
88744 1
88745 1
88746 3
88747 6
88748 0
88749 2
88750 0
88751 2
88752 2
88753 1
88754 1
88755 2
88756 1
88757 3
88758 0
88759 2
88760 4
88761 4
88762 0
88763 0
88764 1
88765 3
88766 0
88767 7
88768 3
88769 3
88770 3
88771 2
88772 4
88773 1
88774 0
88775 1
88776 12
88777 0
88778 0
88779 1
88780 2
88781 3
88782 1
88783 0
88784 0
88785 1
88786 2
88787 0
88788 9
88789 10
88790 0
88791 0
88792 1
88793 13
88794 2
88795 0
88796 4
88797 1
88798 0
88799 15
88800 9
88801 12
88802 1
88803 6
88804 27
88805 8
88806 2
88807 12
88808 13
88809 3
88810 2
88811 15
88812 1
88813 10
88814 0
88815 2
88816 3
88817 7
88818 2
88819 7
88820 3
88821 2
88822 2
88823 2
88824 1
88825 3
88826 5
88827 0
88828 2
88829 2
88830 10
88831 58
88832 4
88833 0
88834 2
88835 4
88836 1
88837 2
88838 2
88839 7
88840 0
88841 0
88842 2
88843 6
88844 4
88845 0
88846 1
88847 0
88848 6
88849 2
88850 1
88851 2
88852 2
88853 5
88854 3
88855 0
88856 1
88857 0
88858 3
88859 0
88860 3
88861 2
88862 2
88863 2
88864 1
88865 3
88866 0
88867 4
88868 7
88869 5
88870 1
88871 1
88872 2
88873 7
88874 1
88875 0
88876 1
88877 3
88878 2
88879 0
88880 3
88881 5
88882 2
88883 25
88884 4
88885 4
88886 1
88887 7
88888 55
88889 12
88890 4
88891 1
88892 3
88893 2
88894 2
88895 2
88896 7
88897 11
88898 4
88899 8
88900 5
88901 4
88902 1
88903 3
88904 0
88905 0
88906 0
88907 2
88908 1
88909 11
88910 0
88911 2
88912 2
88913 6
88914 1
88915 0
88916 3
88917 1
88918 4
88919 7
88920 8
88921 1
88922 2
88923 0
88924 3
88925 1
88926 0
88927 0
88928 1
88929 4
88930 1
88931 5
88932 3
88933 0
88934 2
88935 4
88936 4
88937 2
88938 7
88939 0
88940 1
88941 1
88942 2
88943 1
88944 2
88945 1
88946 3
88947 1
88948 5
88949 2
88950 2
88951 2
88952 0
88953 0
88954 2
88955 0
88956 1
88957 0
88958 2
88959 3
88960 3
88961 0
88962 4
88963 2
88964 5
88965 2
88966 1
88967 0
88968 3
88969 5
88970 1
88971 2
88972 3
88973 0
88974 1
88975 0
88976 1
88977 3
88978 1
88979 1
88980 4
88981 3
88982 1
88983 0
88984 2
88985 1
88986 2
88987 3
88988 4
88989 3
88990 2
88991 3
88992 2
88993 4
88994 5
88995 1
88996 2
88997 5
88998 8
88999 14
89000 10
89001 3
89002 1
89003 1
89004 2
89005 0
89006 2
89007 2
89008 0
89009 5
89010 2
89011 0
89012 9
89013 1
89014 2
89015 2
89016 1
89017 7
89018 2
89019 1
89020 1
89021 2
89022 6
89023 2
89024 1
89025 4
89026 1
89027 5
89028 4
89029 2
89030 7
89031 1
89032 0
89033 2
89034 1
89035 0
89036 1
89037 5
89038 4
89039 0
89040 7
89041 17
89042 4
89043 4
89044 4
89045 2
89046 1
89047 2
89048 2
89049 3
89050 2
89051 3
89052 4
89053 1
89054 2
89055 14
89056 8
89057 1
89058 0
89059 4
89060 1
89061 1
89062 0
89063 2
89064 2
89065 1
89066 2
89067 3
89068 5
89069 7
89070 3
89071 6
89072 5
89073 6
89074 4
89075 2
89076 2
89077 1
89078 3
89079 2
89080 3
89081 0
89082 7
89083 4
89084 1
89085 2
89086 4
89087 5
89088 6
89089 10
89090 4
89091 2
89092 2
89093 0
89094 1
89095 0
89096 3
89097 2
89098 1
89099 1
89100 12
89101 22
89102 4
89103 0
89104 2
89105 1
89106 2
89107 3
89108 2
89109 7
89110 2
89111 7
89112 4
89113 11
89114 1
89115 0
89116 0
89117 3
89118 8
89119 4
89120 3
89121 2
89122 1
89123 4
89124 2
89125 9
89126 1
89127 0
89128 2
89129 2
89130 3
89131 2
89132 6
89133 5
89134 19
89135 2
89136 1
89137 6
89138 2
89139 3
89140 3
89141 2
89142 0
89143 0
89144 2
89145 3
89146 0
89147 2
89148 9
89149 4
89150 5
89151 0
89152 8
89153 3
89154 3
89155 2
89156 1
89157 2
89158 0
89159 1
89160 4
89161 3
89162 4
89163 4
89164 2
89165 5
89166 4
89167 7
89168 3
89169 3
89170 0
89171 0
89172 2
89173 4
89174 2
89175 1
89176 1
89177 2
89178 3
89179 4
89180 6
89181 3
89182 1
89183 2
89184 0
89185 0
89186 0
89187 0
89188 3
89189 5
89190 6
89191 1
89192 1
89193 3
89194 1
89195 4
89196 0
89197 0
89198 4
89199 2
89200 5
89201 2
89202 3
89203 1
89204 0
89205 2
89206 4
89207 1
89208 4
89209 1
89210 3
89211 2
89212 2
89213 2
89214 3
89215 0
89216 7
89217 2
89218 2
89219 2
89220 1
89221 1
89222 1
89223 1
89224 0
89225 5
89226 1
89227 5
89228 4
89229 0
89230 1
89231 2
89232 6
89233 0
89234 0
89235 2
89236 3
89237 1
89238 8
89239 1
89240 2
89241 2
89242 0
89243 1
89244 2
89245 1
89246 0
89247 2
89248 1
89249 4
89250 5
89251 1
89252 1
89253 4
89254 4
89255 1
89256 9
89257 2
89258 1
89259 1
89260 0
89261 5
89262 4
89263 1
89264 2
89265 0
89266 1
89267 0
89268 1
89269 8
89270 2
89271 3
89272 8
89273 4
89274 0
89275 3
89276 4
89277 1
89278 1
89279 3
89280 17
89281 2
89282 2
89283 1
89284 4
89285 1
89286 1
89287 1
89288 1
89289 2
89290 1
89291 2
89292 1
89293 5
89294 1
89295 4
89296 9
89297 0
89298 6
89299 0
89300 3
89301 2
89302 2
89303 4
89304 0
89305 0
89306 3
89307 1
89308 1
89309 4
89310 6
89311 6
89312 0
89313 1
89314 0
89315 0
89316 2
89317 4
89318 3
89319 2
89320 5
89321 2
89322 3
89323 0
89324 5
89325 1
89326 1
89327 0
89328 2
89329 3
89330 3
89331 4
89332 2
89333 0
89334 2
89335 2
89336 6
89337 2
89338 2
89339 3
89340 0
89341 2
89342 1
89343 1
89344 7
89345 2
89346 0
89347 1
89348 2
89349 3
89350 1
89351 2
89352 0
89353 3
89354 1
89355 4
89356 3
89357 1
89358 1
89359 1
89360 2
89361 1
89362 2
89363 5
89364 0
89365 1
89366 2
89367 1
89368 2
89369 2
89370 0
89371 7
89372 3
89373 4
89374 1
89375 13
89376 17
89377 1
89378 6
89379 1
89380 4
89381 9
89382 2
89383 5
89384 3
89385 1
89386 5
89387 4
89388 1
89389 4
89390 3
89391 1
89392 2
89393 5
89394 4
89395 0
89396 1
89397 1
89398 4
89399 4
89400 5
89401 23
89402 4
89403 0
89404 1
89405 1
89406 0
89407 0
89408 3
89409 3
89410 0
89411 1
89412 0
89413 6
89414 8
89415 5
89416 5
89417 6
89418 1
89419 2
89420 4
89421 0
89422 2
89423 0
89424 14
89425 12
89426 1
89427 3
89428 5
89429 6
89430 4
89431 1
89432 1
89433 2
89434 1
89435 1
89436 0
89437 5
89438 0
89439 2
89440 8
89441 5
89442 2
89443 3
89444 2
89445 0
89446 0
89447 2
89448 3
89449 2
89450 1
89451 1
89452 1
89453 3
89454 2
89455 0
89456 2
89457 0
89458 1
89459 5
89460 4
89461 2
89462 1
89463 0
89464 4
89465 3
89466 7
89467 0
89468 1
89469 4
89470 2
89471 0
89472 11
89473 2
89474 0
89475 2
89476 4
89477 2
89478 7
89479 0
89480 8
89481 1
89482 5
89483 1
89484 2
89485 1
89486 1
89487 4
89488 3
89489 0
89490 1
89491 5
89492 0
89493 0
89494 0
89495 2
89496 1
89497 7
89498 2
89499 0
89500 4
89501 1
89502 2
89503 2
89504 5
89505 4
89506 3
89507 0
89508 1
89509 4
89510 1
89511 0
89512 4
89513 7
89514 0
89515 1
89516 1
89517 2
89518 2
89519 4
89520 9
89521 4
89522 3
89523 2
89524 1
89525 1
89526 0
89527 11
89528 5
89529 1
89530 2
89531 3
89532 1
89533 2
89534 0
89535 3
89536 4
89537 3
89538 1
89539 2
89540 0
89541 2
89542 1
89543 1
89544 4
89545 1
89546 3
89547 0
89548 1
89549 0
89550 4
89551 4
89552 6
89553 0
89554 1
89555 6
89556 3
89557 2
89558 1
89559 3
89560 0
89561 4
89562 0
89563 4
89564 0
89565 3
89566 1
89567 1
89568 0
89569 0
89570 2
89571 1
89572 1
89573 2
89574 4
89575 5
89576 2
89577 1
89578 0
89579 0
89580 1
89581 0
89582 5
89583 0
89584 2
89585 4
89586 5
89587 0
89588 1
89589 3
89590 1
89591 3
89592 0
89593 0
89594 0
89595 5
89596 1
89597 5
89598 4
89599 11
89600 30
89601 2
89602 4
89603 1
89604 2
89605 2
89606 1
89607 4
89608 1
89609 2
89610 6
89611 0
89612 0
89613 5
89614 3
89615 1
89616 0
89617 1
89618 4
89619 0
89620 4
89621 2
89622 3
89623 3
89624 0
89625 0
89626 1
89627 3
89628 1
89629 0
89630 9
89631 0
89632 2
89633 1
89634 1
89635 2
89636 0
89637 0
89638 1
89639 1
89640 7
89641 5
89642 1
89643 2
89644 2
89645 2
89646 2
89647 1
89648 1
89649 2
89650 6
89651 1
89652 0
89653 3
89654 3
89655 1
89656 1
89657 5
89658 3
89659 1
89660 1
89661 2
89662 2
89663 1
89664 7
89665 3
89666 3
89667 8
89668 0
89669 5
89670 3
89671 3
89672 2
89673 1
89674 3
89675 1
89676 10
89677 4
89678 2
89679 2
89680 2
89681 1
89682 1
89683 2
89684 4
89685 0
89686 0
89687 3
89688 3
89689 25
89690 2
89691 2
89692 1
89693 1
89694 4
89695 2
89696 2
89697 1
89698 1
89699 1
89700 10
89701 0
89702 1
89703 1
89704 2
89705 2
89706 3
89707 0
89708 1
89709 0
89710 0
89711 2
89712 6
89713 2
89714 1
89715 3
89716 1
89717 1
89718 1
89719 2
89720 1
89721 4
89722 1
89723 1
89724 2
89725 2
89726 2
89727 0
89728 3
89729 3
89730 1
89731 2
89732 3
89733 8
89734 0
89735 0
89736 0
89737 3
89738 0
89739 2
89740 1
89741 1
89742 4
89743 0
89744 4
89745 1
89746 2
89747 1
89748 1
89749 0
89750 0
89751 3
89752 3
89753 8
89754 2
89755 4
89756 0
89757 4
89758 1
89759 2
89760 14
89761 2
89762 2
89763 1
89764 2
89765 1
89766 1
89767 1
89768 3
89769 1
89770 1
89771 0
89772 0
89773 0
89774 3
89775 11
89776 10
89777 2
89778 2
89779 7
89780 1
89781 1
89782 4
89783 4
89784 3
89785 1
89786 1
89787 5
89788 1
89789 1
89790 0
89791 3
89792 5
89793 4
89794 0
89795 5
89796 8
89797 5
89798 1
89799 6
89800 10
89801 2
89802 0
89803 0
89804 0
89805 1
89806 0
89807 1
89808 0
89809 5
89810 1
89811 3
89812 1
89813 1
89814 2
89815 2
89816 0
89817 3
89818 0
89819 0
89820 3
89821 5
89822 0
89823 1
89824 1
89825 2
89826 1
89827 2
89828 1
89829 3
89830 0
89831 4
89832 1
89833 0
89834 0
89835 1
89836 7
89837 1
89838 1
89839 3
89840 0
89841 0
89842 0
89843 1
89844 4
89845 3
89846 9
89847 2
89848 4
89849 14
89850 0
89851 5
89852 4
89853 4
89854 1
89855 4
89856 8
89857 5
89858 1
89859 3
89860 0
89861 0
89862 0
89863 1
89864 0
89865 0
89866 2
89867 2
89868 3
89869 0
89870 4
89871 3
89872 2
89873 0
89874 0
89875 1
89876 0
89877 2
89878 0
89879 1
89880 2
89881 0
89882 1
89883 7
89884 3
89885 1
89886 2
89887 1
89888 18
89889 3
89890 6
89891 6
89892 5
89893 5
89894 2
89895 5
89896 5
89897 4
89898 12
89899 14
89900 4
89901 2
89902 1
89903 1
89904 1
89905 2
89906 1
89907 0
89908 6
89909 6
89910 3
89911 6
89912 0
89913 0
89914 2
89915 1
89916 1
89917 1
89918 10
89919 0
89920 3
89921 3
89922 0
89923 2
89924 0
89925 1
89926 1
89927 4
89928 6
89929 7
89930 1
89931 2
89932 2
89933 2
89934 0
89935 4
89936 4
89937 4
89938 1
89939 2
89940 4
89941 0
89942 2
89943 0
89944 2
89945 1
89946 0
89947 5
89948 2
89949 4
89950 1
89951 9
89952 2
89953 1
89954 1
89955 2
89956 0
89957 0
89958 0
89959 6
89960 3
89961 1
89962 2
89963 4
89964 12
89965 2
89966 1
89967 2
89968 0
89969 4
89970 5
89971 0
89972 3
89973 5
89974 3
89975 5
89976 2
89977 5
89978 2
89979 3
89980 6
89981 3
89982 0
89983 2
89984 6
89985 3
89986 2
89987 1
89988 6
89989 15
89990 2
89991 8
89992 2
89993 1
89994 1
89995 2
89996 1
89997 2
89998 11
89999 26
90000 177
90001 39
90002 3
90003 0
90004 2
90005 6
90006 5
90007 16
90008 1
90009 15
90010 12
90011 10
90012 8
90013 6
90014 2
90015 6
90016 3
90017 8
90018 4
90019 6
90020 4
90021 6
90022 3
90023 5
90024 3
90025 4
90026 2
90027 3
90028 3
90029 3
90030 8
90031 6
90032 4
90033 2
90034 0
90035 2
90036 4
90037 2
90038 0
90039 0
90040 6
90041 1
90042 0
90043 2
90044 0
90045 2
90046 4
90047 1
90048 4
90049 2
90050 5
90051 4
90052 1
90053 0
90054 7
90055 5
90056 1
90057 2
90058 1
90059 9
90060 4
90061 18
90062 1
90063 1
90064 1
90065 1
90066 1
90067 1
90068 2
90069 5
90070 2
90071 5
90072 0
90073 6
90074 1
90075 7
90076 1
90077 0
90078 3
90079 1
90080 2
90081 1
90082 4
90083 0
90084 3
90085 1
90086 2
90087 0
90088 3
90089 15
90090 121
90091 4
90092 1
90093 0
90094 3
90095 3
90096 3
90097 2
90098 1
90099 2
90100 20
90101 4
90102 4
90103 0
90104 1
90105 1
90106 3
90107 3
90108 0
90109 18
90110 4
90111 11
90112 47
90113 5
90114 1
90115 1
90116 0
90117 4
90118 1
90119 4
90120 3
90121 10
90122 1
90123 5
90124 2
90125 4
90126 4
90127 2
90128 0
90129 1
90130 0
90131 4
90132 4
90133 3
90134 2
90135 4
90136 1
90137 1
90138 1
90139 1
90140 1
90141 3
90142 2
90143 1
90144 3
90145 1
90146 2
90147 1
90148 5
90149 6
90150 6
90151 2
90152 6
90153 9
90154 0
90155 3
90156 1
90157 9
90158 1
90159 2
90160 6
90161 0
90162 2
90163 4
90164 0
90165 3
90166 1
90167 4
90168 7
90169 6
90170 3
90171 3
90172 0
90173 3
90174 2
90175 1
90176 6
90177 2
90178 1
90179 3
90180 3
90181 4
90182 3
90183 0
90184 0
90185 7
90186 5
90187 3
90188 1
90189 2
90190 1
90191 6
90192 2
90193 2
90194 3
90195 3
90196 0
90197 6
90198 1
90199 8
90200 3
90201 2
90202 0
90203 2
90204 0
90205 3
90206 1
90207 4
90208 2
90209 8
90210 2
90211 2
90212 1
90213 4
90214 1
90215 0
90216 3
90217 8
90218 1
90219 1
90220 0
90221 1
90222 3
90223 2
90224 3
90225 5
90226 1
90227 5
90228 0
90229 0
90230 0
90231 1
90232 3
90233 0
90234 2
90235 1
90236 0
90237 1
90238 1
90239 3
90240 5
90241 10
90242 6
90243 5
90244 1
90245 2
90246 4
90247 5
90248 6
90249 1
90250 4
90251 2
90252 3
90253 2
90254 1
90255 1
90256 2
90257 0
90258 2
90259 2
90260 2
90261 2
90262 3
90263 2
90264 1
90265 4
90266 4
90267 1
90268 1
90269 1
90270 8
90271 19
90272 6
90273 3
90274 0
90275 2
90276 1
90277 2
90278 2
90279 1
90280 2
90281 2
90282 1
90283 2
90284 0
90285 2
90286 0
90287 9
90288 4
90289 9
90290 0
90291 3
90292 1
90293 2
90294 0
90295 0
90296 1
90297 2
90298 1
90299 0
90300 6
90301 1
90302 1
90303 2
90304 3
90305 1
90306 1
90307 1
90308 0
90309 7
90310 2
90311 1
90312 3
90313 9
90314 1
90315 1
90316 3
90317 0
90318 1
90319 0
90320 0
90321 5
90322 2
90323 1
90324 3
90325 1
90326 0
90327 3
90328 2
90329 0
90330 0
90331 3
90332 2
90333 0
90334 4
90335 2
90336 0
90337 1
90338 1
90339 1
90340 1
90341 3
90342 2
90343 2
90344 2
90345 0
90346 3
90347 2
90348 1
90349 0
90350 2
90351 1
90352 1
90353 2
90354 1
90355 6
90356 1
90357 0
90358 1
90359 3
90360 2
90361 1
90362 2
90363 2
90364 1
90365 6
90366 0
90367 1
90368 4
90369 3
90370 2
90371 4
90372 0
90373 3
90374 1
90375 0
90376 7
90377 0
90378 0
90379 8
90380 1
90381 2
90382 0
90383 1
90384 5
90385 3
90386 4
90387 1
90388 0
90389 0
90390 8
90391 3
90392 0
90393 4
90394 0
90395 0
90396 4
90397 1
90398 3
90399 0
90400 0
90401 3
90402 1
90403 0
90404 2
90405 3
90406 5
90407 6
90408 1
90409 6
90410 0
90411 0
90412 0
90413 0
90414 0
90415 2
90416 4
90417 3
90418 2
90419 0
90420 2
90421 0
90422 2
90423 2
90424 1
90425 2
90426 1
90427 1
90428 0
90429 1
90430 0
90431 3
90432 4
90433 1
90434 1
90435 1
90436 6
90437 7
90438 3
90439 4
90440 19
90441 2
90442 1
90443 2
90444 1
90445 1
90446 1
90447 2
90448 0
90449 3
90450 3
90451 2
90452 3
90453 4
90454 3
90455 1
90456 0
90457 0
90458 0
90459 1
90460 1
90461 2
90462 2
90463 2
90464 0
90465 1
90466 0
90467 1
90468 2
90469 4
90470 1
90471 0
90472 1
90473 3
90474 2
90475 3
90476 3
90477 0
90478 1
90479 0
90480 5
90481 28
90482 2
90483 1
90484 4
90485 2
90486 2
90487 2
90488 2
90489 1
90490 1
90491 1
90492 4
90493 0
90494 1
90495 2
90496 2
90497 0
90498 3
90499 3
90500 0
90501 2
90502 0
90503 2
90504 3
90505 0
90506 1
90507 1
90508 2
90509 7
90510 10
90511 2
90512 3
90513 3
90514 0
90515 1
90516 2
90517 2
90518 1
90519 2
90520 0
90521 1
90522 1
90523 2
90524 3
90525 6
90526 0
90527 4
90528 5
90529 5
90530 1
90531 1
90532 1
90533 1
90534 0
90535 3
90536 0
90537 0
90538 3
90539 2
90540 1
90541 2
90542 2
90543 3
90544 1
90545 1
90546 2
90547 5
90548 0
90549 0
90550 5
90551 0
90552 15
90553 4
90554 0
90555 4
90556 1
90557 1
90558 1
90559 5
90560 1
90561 4
90562 0
90563 1
90564 1
90565 0
90566 0
90567 1
90568 3
90569 0
90570 2
90571 2
90572 2
90573 1
90574 2
90575 4
90576 4
90577 3
90578 0
90579 2
90580 4
90581 6
90582 4
90583 5
90584 1
90585 1
90586 0
90587 1
90588 2
90589 0
90590 1
90591 0
90592 2
90593 0
90594 2
90595 1
90596 3
90597 7
90598 2
90599 5
90600 3
90601 42
90602 4
90603 1
90604 4
90605 2
90606 1
90607 4
90608 2
90609 8
90610 10
90611 2
90612 2
90613 2
90614 3
90615 2
90616 4
90617 1
90618 1
90619 5
90620 0
90621 4
90622 1
90623 0
90624 15
90625 29
90626 1
90627 2
90628 1
90629 0
90630 2
90631 4
90632 2
90633 1
90634 2
90635 0
90636 3
90637 5
90638 2
90639 0
90640 3
90641 9
90642 1
90643 1
90644 5
90645 1
90646 1
90647 1
90648 2
90649 5
90650 5
90651 4
90652 1
90653 1
90654 1
90655 1
90656 1
90657 0
90658 3
90659 3
90660 5
90661 0
90662 1
90663 1
90664 2
90665 4
90666 0
90667 2
90668 1
90669 2
90670 2
90671 0
90672 1
90673 0
90674 1
90675 9
90676 1
90677 4
90678 2
90679 8
90680 0
90681 2
90682 3
90683 1
90684 3
90685 0
90686 3
90687 1
90688 1
90689 1
90690 1
90691 1
90692 4
90693 1
90694 0
90695 0
90696 0
90697 3
90698 0
90699 4
90700 3
90701 1
90702 1
90703 1
90704 2
90705 2
90706 4
90707 3
90708 2
90709 34
90710 1
90711 2
90712 0
90713 2
90714 1
90715 1
90716 0
90717 5
90718 1
90719 6
90720 171
90721 3
90722 2
90723 2
90724 1
90725 1
90726 3
90727 5
90728 3
90729 3
90730 4
90731 1
90732 0
90733 2
90734 3
90735 2
90736 0
90737 1
90738 3
90739 0
90740 2
90741 6
90742 1
90743 1
90744 2
90745 3
90746 2
90747 0
90748 0
90749 8
90750 1
90751 33
90752 5
90753 3
90754 2
90755 0
90756 4
90757 0
90758 0
90759 0
90760 1
90761 1
90762 4
90763 4
90764 1
90765 0
90766 1
90767 1
90768 5
90769 1
90770 2
90771 2
90772 2
90773 2
90774 4
90775 3
90776 3
90777 1
90778 1
90779 1
90780 3
90781 2
90782 3
90783 5
90784 4
90785 5
90786 0
90787 5
90788 0
90789 2
90790 6
90791 3
90792 3
90793 9
90794 1
90795 2
90796 0
90797 0
90798 3
90799 3
90800 7
90801 1
90802 0
90803 4
90804 2
90805 4
90806 2
90807 1
90808 1
90809 5
90810 3
90811 0
90812 0
90813 0
90814 0
90815 1
90816 11
90817 1
90818 2
90819 0
90820 0
90821 6
90822 3
90823 2
90824 2
90825 5
90826 1
90827 1
90828 8
90829 0
90830 1
90831 1
90832 2
90833 3
90834 3
90835 0
90836 4
90837 1
90838 0
90839 2
90840 0
90841 9
90842 4
90843 4
90844 1
90845 0
90846 3
90847 2
90848 1
90849 2
90850 4
90851 1
90852 3
90853 4
90854 0
90855 0
90856 3
90857 1
90858 0
90859 2
90860 2
90861 1
90862 5
90863 10
90864 3
90865 11
90866 1
90867 1
90868 1
90869 0
90870 3
90871 1
90872 1
90873 1
90874 2
90875 3
90876 2
90877 2
90878 3
90879 3
90880 3
90881 4
90882 6
90883 3
90884 4
90885 1
90886 1
90887 3
90888 1
90889 2
90890 2
90891 2
90892 2
90893 1
90894 2
90895 2
90896 7
90897 2
90898 1
90899 3
90900 9
90901 11
90902 3
90903 2
90904 3
90905 2
90906 5
90907 6
90908 0
90909 34
90910 2
90911 7
90912 4
90913 1
90914 3
90915 6
90916 0
90917 2
90918 0
90919 1
90920 0
90921 8
90922 0
90923 2
90924 1
90925 2
90926 0
90927 0
90928 0
90929 2
90930 11
90931 9
90932 1
90933 1
90934 2
90935 4
90936 3
90937 1
90938 3
90939 0
90940 5
90941 1
90942 3
90943 2
90944 8
90945 7
90946 5
90947 4
90948 1
90949 0
90950 2
90951 5
90952 1
90953 2
90954 2
90955 0
90956 3
90957 0
90958 1
90959 2
90960 4
90961 1
90962 2
90963 1
90964 3
90965 2
90966 3
90967 1
90968 1
90969 0
90970 1
90971 5
90972 10
90973 2
90974 0
90975 0
90976 2
90977 4
90978 2
90979 0
90980 4
90981 1
90982 2
90983 0
90984 0
90985 2
90986 1
90987 1
90988 3
90989 6
90990 2
90991 0
90992 4
90993 3
90994 0
90995 4
90996 2
90997 2
90998 2
90999 2
91000 14
91001 14
91002 2
91003 3
91004 3
91005 0
91006 0
91007 3
91008 2
91009 5
91010 2
91011 8
91012 3
91013 4
91014 2
91015 1
91016 3
91017 1
91018 3
91019 23
91020 0
91021 1
91022 0
91023 6
91024 1
91025 3
91026 3
91027 3
91028 3
91029 0
91030 7
91031 3
91032 2
91033 9
91034 1
91035 4
91036 1
91037 1
91038 1
91039 5
91040 3
91041 0
91042 2
91043 2
91044 4
91045 6
91046 1
91047 2
91048 5
91049 1
91050 1
91051 3
91052 5
91053 2
91054 1
91055 3
91056 3
91057 4
91058 8
91059 2
91060 1
91061 2
91062 2
91063 0
91064 1
91065 3
91066 0
91067 7
91068 2
91069 3
91070 4
91071 2
91072 8
91073 1
91074 0
91075 1
91076 1
91077 1
91078 4
91079 6
91080 16
91081 9
91082 3
91083 0
91084 4
91085 3
91086 3
91087 2
91088 2
91089 2
91090 2
91091 8
91092 1
91093 2
91094 0
91095 1
91096 5
91097 2
91098 2
91099 7
91100 1
91101 2
91102 1
91103 1
91104 3
91105 2
91106 3
91107 1
91108 1
91109 3
91110 2
91111 7
91112 4
91113 2
91114 0
91115 2
91116 8
91117 0
91118 5
91119 6
91120 5
91121 8
91122 5
91123 3
91124 3
91125 119
91126 3
91127 16
91128 2
91129 3
91130 2
91131 1
91132 0
91133 2
91134 4
91135 2
91136 19
91137 2
91138 3
91139 4
91140 6
91141 9
91142 1
91143 1
91144 6
91145 1
91146 2
91147 5
91148 1
91149 2
91150 3
91151 3
91152 2
91153 2
91154 1
91155 0
91156 0
91157 7
91158 1
91159 3
91160 4
91161 6
91162 0
91163 1
91164 0
91165 1
91166 2
91167 1
91168 0
91169 2
91170 2
91171 3
91172 3
91173 1
91174 1
91175 3
91176 0
91177 0
91178 1
91179 1
91180 4
91181 4
91182 2
91183 4
91184 0
91185 0
91186 0
91187 3
91188 1
91189 0
91190 4
91191 2
91192 4
91193 12
91194 2
91195 3
91196 0
91197 0
91198 0
91199 7
91200 10
91201 0
91202 0
91203 1
91204 29
91205 14
91206 1
91207 0
91208 2
91209 1
91210 0
91211 1
91212 9
91213 3
91214 3
91215 6
91216 2
91217 2
91218 1
91219 5
91220 0
91221 0
91222 1
91223 3
91224 8
91225 6
91226 5
91227 0
91228 2
91229 3
91230 3
91231 1
91232 1
91233 0
91234 5
91235 0
91236 1
91237 3
91238 5
91239 3
91240 0
91241 1
91242 0
91243 5
91244 0
91245 11
91246 2
91247 2
91248 4
91249 5
91250 6
91251 1
91252 4
91253 3
91254 1
91255 0
91256 0
91257 3
91258 1
91259 3
91260 9
91261 4
91262 2
91263 0
91264 2
91265 1
91266 2
91267 0
91268 0
91269 2
91270 1
91271 1
91272 2
91273 1
91274 1
91275 2
91276 2
91277 3
91278 2
91279 2
91280 3
91281 0
91282 1
91283 4
91284 2
91285 4
91286 7
91287 1
91288 2
91289 3
91290 2
91291 6
91292 0
91293 2
91294 0
91295 1
91296 13
91297 8
91298 0
91299 1
91300 1
91301 3
91302 3
91303 1
91304 2
91305 0
91306 3
91307 1
91308 2
91309 3
91310 2
91311 3
91312 1
91313 4
91314 1
91315 1
91316 0
91317 2
91318 1
91319 4
91320 2
91321 1
91322 2
91323 1
91324 1
91325 1
91326 3
91327 1
91328 3
91329 1
91330 0
91331 3
91332 3
91333 1
91334 0
91335 1
91336 2
91337 3
91338 2
91339 2
91340 0
91341 2
91342 0
91343 0
91344 2
91345 0
91346 3
91347 0
91348 1
91349 0
91350 7
91351 1
91352 2
91353 1
91354 2
91355 3
91356 1
91357 2
91358 0
91359 3
91360 2
91361 0
91362 1
91363 2
91364 1
91365 3
91366 2
91367 5
91368 9
91369 3
91370 5
91371 10
91372 3
91373 6
91374 1
91375 3
91376 8
91377 4
91378 11
91379 5
91380 15
91381 6
91382 1
91383 3
91384 0
91385 0
91386 4
91387 5
91388 22
91389 4
91390 27
91391 4
91392 13
91393 7
91394 1
91395 4
91396 3
91397 1
91398 1
91399 0
91400 0
91401 0
91402 4
91403 1
91404 4
91405 1
91406 0
91407 0
91408 2
91409 2
91410 1
91411 2
91412 3
91413 1
91414 1
91415 0
91416 4
91417 0
91418 0
91419 4
91420 1
91421 2
91422 3
91423 1
91424 0
91425 5
91426 1
91427 2
91428 1
91429 1
91430 1
91431 1
91432 0
91433 1
91434 0
91435 0
91436 1
91437 0
91438 0
91439 0
91440 17
91441 7
91442 1
91443 0
91444 2
91445 1
91446 0
91447 1
91448 6
91449 2
91450 2
91451 3
91452 0
91453 3
91454 1
91455 3
91456 2
91457 4
91458 0
91459 7
91460 1
91461 7
91462 1
91463 4
91464 1
91465 4
91466 3
91467 2
91468 1
91469 1
91470 1
91471 3
91472 0
91473 3
91474 0
91475 3
91476 7
91477 1
91478 0
91479 0
91480 0
91481 2
91482 3
91483 1
91484 0
91485 1
91486 1
91487 0
91488 2
91489 2
91490 2
91491 3
91492 1
91493 5
91494 3
91495 1
91496 2
91497 1
91498 3
91499 5
91500 5
91501 0
91502 0
91503 1
91504 2
91505 3
91506 0
91507 0
91508 1
91509 0
91510 1
91511 1
91512 3
91513 0
91514 2
91515 2
91516 1
91517 1
91518 5
91519 8
91520 10
91521 4
91522 0
91523 0
91524 2
91525 0
91526 2
91527 4
91528 2
91529 0
91530 0
91531 3
91532 0
91533 1
91534 0
91535 0
91536 1
91537 0
91538 4
91539 3
91540 1
91541 10
91542 2
91543 0
91544 2
91545 4
91546 0
91547 1
91548 2
91549 3
91550 2
91551 0
91552 0
91553 4
91554 1
91555 0
91556 0
91557 2
91558 0
91559 0
91560 6
91561 2
91562 0
91563 1
91564 1
91565 2
91566 1
91567 6
91568 2
91569 1
91570 1
91571 10
91572 3
91573 4
91574 0
91575 3
91576 1
91577 3
91578 1
91579 1
91580 1
91581 3
91582 0
91583 5
91584 6
91585 3
91586 2
91587 0
91588 1
91589 2
91590 1
91591 0
91592 1
91593 0
91594 0
91595 1
91596 1
91597 0
91598 0
91599 2
91600 3
91601 1
91602 2
91603 0
91604 4
91605 3
91606 6
91607 2
91608 0
91609 1
91610 2
91611 3
91612 2
91613 3
91614 1
91615 0
91616 2
91617 6
91618 0
91619 4
91620 1
91621 3
91622 2
91623 1
91624 0
91625 0
91626 0
91627 0
91628 3
91629 1
91630 1
91631 3
91632 4
91633 0
91634 3
91635 3
91636 7
91637 0
91638 0
91639 7
91640 2
91641 0
91642 0
91643 3
91644 1
91645 0
91646 0
91647 2
91648 7
91649 2
91650 2
91651 1
91652 5
91653 0
91654 1
91655 2
91656 5
91657 1
91658 0
91659 0
91660 0
91661 2
91662 0
91663 2
91664 5
91665 8
91666 0
91667 2
91668 2
91669 6
91670 0
91671 0
91672 3
91673 5
91674 4
91675 2
91676 0
91677 0
91678 2
91679 0
91680 1
91681 2
91682 1
91683 0
91684 0
91685 1
91686 1
91687 3
91688 5
91689 2
91690 2
91691 1
91692 1
91693 3
91694 3
91695 0
91696 1
91697 3
91698 1
91699 1
91700 0
91701 2
91702 0
91703 9
91704 1
91705 1
91706 2
91707 1
91708 0
91709 2
91710 2
91711 10
91712 2
91713 2
91714 0
91715 2
91716 3
91717 1
91718 6
91719 8
91720 3
91721 5
91722 0
91723 2
91724 0
91725 2
91726 0
91727 1
91728 28
91729 4
91730 3
91731 2
91732 0
91733 5
91734 0
91735 1
91736 2
91737 0
91738 0
91739 1
91740 3
91741 1
91742 2
91743 0
91744 4
91745 0
91746 1
91747 0
91748 1
91749 4
91750 3
91751 3
91752 2
91753 3
91754 3
91755 2
91756 5
91757 4
91758 0
91759 2
91760 4
91761 1
91762 0
91763 2
91764 3
91765 2
91766 0
91767 1
91768 0
91769 1
91770 10
91771 3
91772 0
91773 1
91774 1
91775 1
91776 5
91777 6
91778 0
91779 2
91780 2
91781 5
91782 1
91783 1
91784 4
91785 2
91786 1
91787 3
91788 0
91789 0
91790 3
91791 3
91792 2
91793 2
91794 1
91795 1
91796 0
91797 1
91798 2
91799 2
91800 11
91801 6
91802 3
91803 1
91804 5
91805 2
91806 4
91807 12
91808 6
91809 29
91810 3
91811 7
91812 0
91813 4
91814 2
91815 1
91816 5
91817 6
91818 2
91819 4
91820 1
91821 4
91822 2
91823 2
91824 6
91825 0
91826 1
91827 3
91828 2
91829 1
91830 5
91831 2
91832 6
91833 0
91834 2
91835 2
91836 2
91837 3
91838 1
91839 3
91840 7
91841 5
91842 1
91843 0
91844 0
91845 2
91846 3
91847 1
91848 3
91849 4
91850 3
91851 0
91852 0
91853 1
91854 21
91855 2
91856 3
91857 3
91858 0
91859 1
91860 3
91861 1
91862 1
91863 4
91864 0
91865 0
91866 3
91867 3
91868 0
91869 3
91870 3
91871 2
91872 4
91873 4
91874 1
91875 14
91876 2
91877 3
91878 3
91879 8
91880 8
91881 12
91882 3
91883 0
91884 2
91885 3
91886 0
91887 2
91888 4
91889 0
91890 1
91891 0
91892 0
91893 2
91894 1
91895 0
91896 5
91897 0
91898 0
91899 1
91900 1
91901 4
91902 3
91903 3
91904 9
91905 2
91906 0
91907 1
91908 3
91909 5
91910 3
91911 4
91912 1
91913 0
91914 0
91915 2
91916 6
91917 8
91918 3
91919 11
91920 6
91921 5
91922 1
91923 1
91924 6
91925 3
91926 0
91927 0
91928 2
91929 1
91930 1
91931 1
91932 2
91933 1
91934 1
91935 2
91936 4
91937 1
91938 3
91939 4
91940 2
91941 1
91942 0
91943 3
91944 2
91945 2
91946 1
91947 1
91948 1
91949 4
91950 2
91951 7
91952 2
91953 1
91954 3
91955 0
91956 1
91957 1
91958 2
91959 5
91960 3
91961 5
91962 2
91963 2
91964 3
91965 2
91966 1
91967 3
91968 2
91969 9
91970 3
91971 3
91972 6
91973 4
91974 0
91975 1
91976 0
91977 4
91978 1
91979 0
91980 10
91981 1
91982 3
91983 0
91984 3
91985 1
91986 1
91987 2
91988 4
91989 0
91990 1
91991 0
91992 3
91993 6
91994 0
91995 1
91996 1
91997 8
91998 4
91999 6
92000 0
92001 2
92002 0
92003 6
92004 4
92005 2
92006 0
92007 2
92008 6
92009 4
92010 1
92011 7
92012 1
92013 1
92014 0
92015 1
92016 7
92017 1
92018 1
92019 0
92020 2
92021 1
92022 2
92023 1
92024 2
92025 7
92026 1
92027 1
92028 1
92029 7
92030 1
92031 2
92032 2
92033 5
92034 1
92035 1
92036 3
92037 5
92038 4
92039 2
92040 4
92041 5
92042 0
92043 2
92044 1
92045 3
92046 1
92047 1
92048 2
92049 2
92050 1
92051 2
92052 6
92053 2
92054 0
92055 2
92056 0
92057 0
92058 1
92059 0
92060 5
92061 0
92062 3
92063 0
92064 2
92065 2
92066 0
92067 6
92068 0
92069 0
92070 5
92071 1
92072 1
92073 0
92074 0
92075 0
92076 0
92077 2
92078 1
92079 1
92080 4
92081 0
92082 2
92083 0
92084 0
92085 2
92086 0
92087 1
92088 0
92089 4
92090 0
92091 1
92092 9
92093 5
92094 4
92095 2
92096 3
92097 3
92098 0
92099 2
92100 2
92101 2
92102 0
92103 0
92104 0
92105 3
92106 4
92107 1
92108 0
92109 1
92110 1
92111 4
92112 3
92113 0
92114 4
92115 40
92116 1
92117 0
92118 2
92119 3
92120 2
92121 3
92122 0
92123 0
92124 4
92125 1
92126 2
92127 3
92128 2
92129 6
92130 3
92131 2
92132 4
92133 1
92134 3
92135 1
92136 2
92137 3
92138 0
92139 1
92140 5
92141 2
92142 1
92143 0
92144 2
92145 2
92146 2
92147 1
92148 1
92149 0
92150 3
92151 1
92152 5
92153 1
92154 1
92155 0
92156 1
92157 0
92158 1
92159 7
92160 93
92161 3
92162 3
92163 0
92164 0
92165 0
92166 0
92167 4
92168 6
92169 19
92170 3
92171 2
92172 2
92173 2
92174 0
92175 1
92176 1
92177 2
92178 1
92179 1
92180 0
92181 2
92182 1
92183 1
92184 3
92185 3
92186 1
92187 3
92188 2
92189 3
92190 6
92191 3
92192 2
92193 4
92194 0
92195 1
92196 4
92197 0
92198 1
92199 1
92200 1
92201 0
92202 2
92203 1
92204 10
92205 5
92206 7
92207 1
92208 0
92209 2
92210 2
92211 0
92212 1
92213 1
92214 0
92215 0
92216 1
92217 5
92218 1
92219 6
92220 2
92221 6
92222 0
92223 4
92224 1
92225 9
92226 1
92227 4
92228 2
92229 4
92230 0
92231 3
92232 6
92233 9
92234 3
92235 18
92236 1
92237 5
92238 0
92239 4
92240 1
92241 3
92242 4
92243 0
92244 2
92245 1
92246 3
92247 1
92248 2
92249 0
92250 6
92251 3
92252 8
92253 0
92254 0
92255 1
92256 8
92257 0
92258 0
92259 2
92260 1
92261 0
92262 2
92263 6
92264 3
92265 1
92266 0
92267 0
92268 0
92269 7
92270 0
92271 2
92272 0
92273 1
92274 7
92275 1
92276 2
92277 4
92278 6
92279 2
92280 4
92281 3
92282 4
92283 1
92284 2
92285 1
92286 4
92287 10
92288 7
92289 3
92290 5
92291 1
92292 2
92293 0
92294 3
92295 2
92296 1
92297 2
92298 1
92299 0
92300 2
92301 3
92302 2
92303 0
92304 6
92305 1
92306 1
92307 1
92308 1
92309 2
92310 1
92311 2
92312 2
92313 0
92314 3
92315 2
92316 1
92317 8
92318 3
92319 0
92320 5
92321 0
92322 4
92323 2
92324 2
92325 1
92326 0
92327 1
92328 7
92329 6
92330 1
92331 0
92332 2
92333 12
92334 1
92335 2
92336 2
92337 2
92338 3
92339 2
92340 10
92341 3
92342 0
92343 3
92344 0
92345 2
92346 0
92347 4
92348 1
92349 0
92350 0
92351 1
92352 2
92353 4
92354 0
92355 0
92356 0
92357 4
92358 6
92359 6
92360 3
92361 3
92362 0
92363 2
92364 1
92365 3
92366 2
92367 1
92368 9
92369 4
92370 0
92371 0
92372 4
92373 1
92374 2
92375 5
92376 6
92377 15
92378 156
92379 12
92380 10
92381 4
92382 0
92383 2
92384 5
92385 3
92386 2
92387 6
92388 1
92389 0
92390 0
92391 1
92392 3
92393 2
92394 2
92395 1
92396 1
92397 5
92398 4
92399 8
92400 49
92401 7
92402 2
92403 0
92404 3
92405 0
92406 3
92407 2
92408 1
92409 0
92410 3
92411 1
92412 1
92413 5
92414 1
92415 6
92416 23
92417 5
92418 4
92419 1
92420 1
92421 2
92422 2
92423 3
92424 3
92425 1
92426 0
92427 1
92428 1
92429 7
92430 3
92431 3
92432 5
92433 4
92434 1
92435 3
92436 3
92437 1
92438 1
92439 3
92440 1
92441 0
92442 1
92443 3
92444 1
92445 2
92446 2
92447 4
92448 7
92449 7
92450 1
92451 0
92452 0
92453 1
92454 4
92455 0
92456 3
92457 2
92458 0
92459 3
92460 1
92461 3
92462 0
92463 1
92464 1
92465 0
92466 6
92467 6
92468 1
92469 1
92470 2
92471 0
92472 5
92473 1
92474 0
92475 1
92476 4
92477 0
92478 5
92479 7
92480 7
92481 5
92482 1
92483 0
92484 6
92485 3
92486 2
92487 1
92488 2
92489 5
92490 3
92491 4
92492 1
92493 0
92494 0
92495 0
92496 2
92497 4
92498 2
92499 0
92500 7
92501 2
92502 0
92503 3
92504 7
92505 4
92506 0
92507 3
92508 1
92509 3
92510 4
92511 4
92512 10
92513 3
92514 0
92515 1
92516 1
92517 1
92518 3
92519 0
92520 9
92521 2
92522 1
92523 4
92524 2
92525 1
92526 6
92527 0
92528 1
92529 8
92530 1
92531 1
92532 4
92533 1
92534 1
92535 0
92536 0
92537 1
92538 5
92539 1
92540 3
92541 3
92542 0
92543 1
92544 6
92545 0
92546 1
92547 4
92548 4
92549 1
92550 3
92551 0
92552 2
92553 1
92554 1
92555 0
92556 0
92557 2
92558 3
92559 1
92560 3
92561 2
92562 3
92563 0
92564 1
92565 4
92566 6
92567 7
92568 12
92569 11
92570 0
92571 0
92572 1
92573 1
92574 2
92575 3
92576 5
92577 1
92578 5
92579 2
92580 1
92581 5
92582 1
92583 11
92584 0
92585 0
92586 1
92587 2
92588 3
92589 5
92590 2
92591 2
92592 2
92593 3
92594 0
92595 0
92596 3
92597 7
92598 4
92599 3
92600 3
92601 2
92602 0
92603 4
92604 0
92605 3
92606 1
92607 2
92608 4
92609 1
92610 17
92611 0
92612 1
92613 2
92614 0
92615 1
92616 5
92617 2
92618 2
92619 0
92620 0
92621 2
92622 0
92623 0
92624 3
92625 5
92626 0
92627 0
92628 8
92629 4
92630 1
92631 4
92632 1
92633 1
92634 1
92635 1
92636 0
92637 5
92638 3
92639 5
92640 4
92641 4
92642 4
92643 0
92644 2
92645 2
92646 2
92647 3
92648 2
92649 2
92650 2
92651 0
92652 7
92653 7
92654 1
92655 2
92656 3
92657 2
92658 2
92659 0
92660 4
92661 0
92662 1
92663 3
92664 6
92665 13
92666 1
92667 1
92668 1
92669 1
92670 2
92671 6
92672 6
92673 4
92674 5
92675 1
92676 1
92677 0
92678 1
92679 0
92680 18
92681 16
92682 17
92683 6
92684 0
92685 7
92686 2
92687 0
92688 2
92689 2
92690 2
92691 3
92692 2
92693 2
92694 2
92695 1
92696 1
92697 3
92698 2
92699 4
92700 1
92701 3
92702 1
92703 0
92704 1
92705 0
92706 0
92707 1
92708 4
92709 3
92710 1
92711 6
92712 4
92713 5
92714 0
92715 1
92716 1
92717 1
92718 2
92719 1
92720 0
92721 2
92722 1
92723 3
92724 3
92725 4
92726 0
92727 6
92728 1
92729 1
92730 3
92731 3
92732 3
92733 2
92734 8
92735 10
92736 47
92737 17
92738 1
92739 1
92740 1
92741 2
92742 4
92743 4
92744 2
92745 1
92746 0
92747 0
92748 4
92749 3
92750 3
92751 3
92752 8
92753 4
92754 1
92755 0
92756 0
92757 2
92758 0
92759 0
92760 1
92761 4
92762 1
92763 3
92764 1
92765 1
92766 2
92767 5
92768 3
92769 0
92770 0
92771 5
92772 2
92773 3
92774 1
92775 3
92776 1
92777 1
92778 4
92779 7
92780 0
92781 8
92782 1
92783 3
92784 2
92785 0
92786 1
92787 1
92788 1
92789 2
92790 0
92791 4
92792 3
92793 3
92794 0
92795 1
92796 2
92797 4
92798 0
92799 3
92800 8
92801 6
92802 0
92803 3
92804 1
92805 1
92806 2
92807 1
92808 0
92809 1
92810 2
92811 0
92812 0
92813 0
92814 0
92815 0
92816 1
92817 4
92818 0
92819 3
92820 41
92821 12
92822 0
92823 3
92824 3
92825 0
92826 2
92827 0
92828 1
92829 3
92830 0
92831 5
92832 5
92833 2
92834 1
92835 0
92836 2
92837 3
92838 0
92839 0
92840 0
92841 3
92842 7
92843 8
92844 3
92845 2
92846 3
92847 2
92848 1
92849 2
92850 3
92851 6
92852 0
92853 2
92854 1
92855 3
92856 3
92857 5
92858 1
92859 2
92860 4
92861 2
92862 2
92863 3
92864 3
92865 0
92866 1
92867 2
92868 2
92869 2
92870 0
92871 3
92872 1
92873 1
92874 1
92875 4
92876 0
92877 0
92878 2
92879 2
92880 7
92881 4
92882 2
92883 1
92884 2
92885 0
92886 1
92887 0
92888 1
92889 3
92890 1
92891 1
92892 0
92893 3
92894 0
92895 2
92896 4
92897 1
92898 2
92899 4
92900 0
92901 1
92902 2
92903 0
92904 2
92905 1
92906 2
92907 2
92908 0
92909 1
92910 1
92911 1
92912 4
92913 0
92914 0
92915 1
92916 4
92917 3
92918 3
92919 1
92920 2
92921 4
92922 1
92923 1
92924 1
92925 4
92926 1
92927 3
92928 14
92929 7
92930 0
92931 1
92932 0
92933 1
92934 5
92935 4
92936 1
92937 2
92938 2
92939 2
92940 5
92941 3
92942 0
92943 0
92944 1
92945 0
92946 2
92947 3
92948 1
92949 4
92950 5
92951 3
92952 6
92953 1
92954 1
92955 0
92956 2
92957 3
92958 3
92959 5
92960 8
92961 1
92962 1
92963 0
92964 0
92965 0
92966 2
92967 0
92968 2
92969 1
92970 0
92971 1
92972 2
92973 1
92974 1
92975 1
92976 3
92977 1
92978 1
92979 2
92980 3
92981 2
92982 0
92983 2
92984 2
92985 0
92986 1
92987 1
92988 4
92989 5
92990 1
92991 1
92992 4
92993 3
92994 3
92995 0
92996 4
92997 0
92998 0
92999 3
93000 7
93001 10
93002 1
93003 0
93004 1
93005 2
93006 1
93007 1
93008 0
93009 3
93010 1
93011 3
93012 0
93013 0
93014 1
93015 3
93016 2
93017 2
93018 1
93019 0
93020 2
93021 2
93022 2
93023 5
93024 38
93025 40
93026 2
93027 0
93028 6
93029 2
93030 5
93031 2
93032 2
93033 0
93034 2
93035 2
93036 0
93037 0
93038 0
93039 2
93040 3
93041 2
93042 2
93043 2
93044 2
93045 1
93046 2
93047 2
93048 1
93049 0
93050 3
93051 3
93052 4
93053 2
93054 1
93055 0
93056 4
93057 0
93058 2
93059 3
93060 5
93061 4
93062 3
93063 2
93064 3
93065 1
93066 0
93067 3
93068 4
93069 2
93070 1
93071 0
93072 2
93073 1
93074 3
93075 4
93076 1
93077 3
93078 0
93079 2
93080 1
93081 4
93082 1
93083 4
93084 10
93085 4
93086 1
93087 1
93088 3
93089 3
93090 0
93091 1
93092 0
93093 24
93094 2
93095 3
93096 14
93097 5
93098 1
93099 2
93100 8
93101 1
93102 2
93103 6
93104 3
93105 0
93106 2
93107 5
93108 2
93109 1
93110 0
93111 3
93112 0
93113 10
93114 2
93115 3
93116 2
93117 2
93118 2
93119 2
93120 4
93121 0
93122 2
93123 0
93124 2
93125 4
93126 1
93127 8
93128 1
93129 4
93130 3
93131 4
93132 1
93133 2
93134 1
93135 4
93136 2
93137 2
93138 4
93139 26
93140 0
93141 2
93142 0
93143 0
93144 1
93145 1
93146 1
93147 1
93148 4
93149 0
93150 59
93151 6
93152 2
93153 0
93154 1
93155 1
93156 3
93157 1
93158 0
93159 1
93160 6
93161 3
93162 0
93163 1
93164 0
93165 0
93166 2
93167 5
93168 4
93169 6
93170 4
93171 0
93172 3
93173 0
93174 2
93175 3
93176 4
93177 6
93178 3
93179 5
93180 2
93181 2
93182 1
93183 2
93184 20
93185 3
93186 4
93187 6
93188 3
93189 0
93190 0
93191 2
93192 3
93193 3
93194 2
93195 1
93196 5
93197 1
93198 1
93199 3
93200 9
93201 0
93202 1
93203 1
93204 2
93205 3
93206 5
93207 4
93208 0
93209 1
93210 4
93211 1
93212 1
93213 1
93214 4
93215 0
93216 1
93217 6
93218 0
93219 3
93220 3
93221 3
93222 1
93223 1
93224 2
93225 1
93226 2
93227 1
93228 3
93229 3
93230 2
93231 5
93232 2
93233 2
93234 1
93235 0
93236 5
93237 3
93238 2
93239 19
93240 19
93241 10
93242 1
93243 4
93244 1
93245 0
93246 2
93247 0
93248 9
93249 2
93250 2
93251 6
93252 2
93253 3
93254 1
93255 1
93256 1
93257 2
93258 2
93259 3
93260 1
93261 2
93262 1
93263 4
93264 2
93265 0
93266 0
93267 1
93268 0
93269 0
93270 1
93271 1
93272 1
93273 0
93274 2
93275 1
93276 3
93277 2
93278 0
93279 2
93280 7
93281 4
93282 1
93283 1
93284 0
93285 6
93286 0
93287 6
93288 3
93289 10
93290 1
93291 1
93292 2
93293 1
93294 2
93295 0
93296 3
93297 2
93298 0
93299 3
93300 5
93301 1
93302 2
93303 1
93304 3
93305 0
93306 3
93307 9
93308 6
93309 2
93310 2
93311 13
93312 101
93313 11
93314 4
93315 0
93316 1
93317 2
93318 0
93319 6
93320 1
93321 0
93322 1
93323 1
93324 3
93325 0
93326 7
93327 3
93328 1
93329 5
93330 3
93331 1
93332 0
93333 2
93334 1
93335 1
93336 0
93337 4
93338 0
93339 6
93340 3
93341 2
93342 4
93343 2
93344 3
93345 6
93346 4
93347 3
93348 3
93349 5
93350 0
93351 0
93352 2
93353 0
93354 2
93355 0
93356 3
93357 5
93358 1
93359 2
93360 4
93361 0
93362 0
93363 0
93364 1
93365 1
93366 12
93367 3
93368 0
93369 2
93370 2
93371 5
93372 0
93373 2
93374 0
93375 2
93376 2
93377 4
93378 5
93379 1
93380 2
93381 0
93382 2
93383 2
93384 4
93385 1
93386 0
93387 1
93388 1
93389 2
93390 3
93391 2
93392 1
93393 4
93394 4
93395 3
93396 0
93397 1
93398 3
93399 0
93400 4
93401 1
93402 3
93403 3
93404 0
93405 4
93406 0
93407 1
93408 1
93409 1
93410 2
93411 2
93412 0
93413 1
93414 0
93415 2
93416 1
93417 0
93418 0
93419 0
93420 4
93421 0
93422 1
93423 0
93424 2
93425 1
93426 7
93427 5
93428 4
93429 2
93430 0
93431 0
93432 1
93433 1
93434 1
93435 1
93436 5
93437 1
93438 1
93439 7
93440 5
93441 1
93442 0
93443 1
93444 1
93445 0
93446 3
93447 1
93448 2
93449 0
93450 8
93451 2
93452 3
93453 2
93454 0
93455 1
93456 10
93457 5
93458 3
93459 0
93460 2
93461 0
93462 0
93463 2
93464 2
93465 3
93466 1
93467 0
93468 2
93469 0
93470 0
93471 0
93472 3
93473 0
93474 4
93475 2
93476 3
93477 4
93478 1
93479 6
93480 1
93481 6
93482 1
93483 3
93484 0
93485 0
93486 2
93487 7
93488 1
93489 0
93490 2
93491 7
93492 4
93493 8
93494 1
93495 1
93496 10
93497 5
93498 2
93499 2
93500 8
93501 0
93502 3
93503 5
93504 2
93505 1
93506 0
93507 2
93508 1
93509 1
93510 2
93511 0
93512 0
93513 2
93514 1
93515 0
93516 0
93517 0
93518 4
93519 1
93520 4
93521 3
93522 0
93523 0
93524 0
93525 4
93526 0
93527 1
93528 20
93529 2
93530 1
93531 2
93532 4
93533 4
93534 4
93535 1
93536 4
93537 3
93538 4
93539 1
93540 3
93541 2
93542 1
93543 1
93544 3
93545 1
93546 1
93547 1
93548 0
93549 4
93550 0
93551 3
93552 1
93553 4
93554 4
93555 30
93556 2
93557 2
93558 1
93559 3
93560 1
93561 1
93562 1
93563 2
93564 0
93565 3
93566 1
93567 1
93568 4
93569 2
93570 0
93571 4
93572 1
93573 0
93574 1
93575 0
93576 2
93577 2
93578 7
93579 0
93580 2
93581 6
93582 7
93583 2
93584 2
93585 3
93586 0
93587 0
93588 3
93589 4
93590 0
93591 1
93592 4
93593 0
93594 0
93595 2
93596 1
93597 2
93598 1
93599 2
93600 40
93601 5
93602 3
93603 1
93604 1
93605 2
93606 2
93607 3
93608 0
93609 2
93610 1
93611 3
93612 3
93613 2
93614 1
93615 2
93616 1
93617 1
93618 2
93619 2
93620 1
93621 4
93622 4
93623 2
93624 3
93625 4
93626 1
93627 6
93628 1
93629 6
93630 2
93631 4
93632 3
93633 7
93634 1
93635 2
93636 41
93637 11
93638 2
93639 4
93640 7
93641 1
93642 1
93643 2
93644 1
93645 3
93646 2
93647 2
93648 9
93649 5
93650 2
93651 4
93652 1
93653 2
93654 12
93655 2
93656 0
93657 2
93658 1
93659 1
93660 3
93661 1
93662 0
93663 2
93664 2
93665 7
93666 6
93667 0
93668 1
93669 0
93670 4
93671 3
93672 6
93673 3
93674 1
93675 1
93676 1
93677 0
93678 1
93679 1
93680 6
93681 2
93682 2
93683 2
93684 6
93685 2
93686 2
93687 1
93688 4
93689 3
93690 0
93691 1
93692 1
93693 1
93694 1
93695 2
93696 9
93697 2
93698 2
93699 2
93700 1
93701 7
93702 0
93703 1
93704 6
93705 0
93706 1
93707 0
93708 2
93709 1
93710 2
93711 4
93712 0
93713 2
93714 2
93715 2
93716 2
93717 0
93718 1
93719 4
93720 5
93721 2
93722 0
93723 1
93724 6
93725 1
93726 1
93727 2
93728 3
93729 1
93730 2
93731 7
93732 1
93733 0
93734 0
93735 3
93736 0
93737 1
93738 3
93739 20
93740 1
93741 0
93742 0
93743 2
93744 10
93745 1
93746 4
93747 0
93748 4
93749 7
93750 83
93751 5
93752 2
93753 7
93754 2
93755 4
93756 1
93757 1
93758 0
93759 0
93760 14
93761 5
93762 3
93763 1
93764 2
93765 5
93766 0
93767 1
93768 0
93769 1
93770 4
93771 1
93772 2
93773 2
93774 1
93775 1
93776 1
93777 2
93778 1
93779 0
93780 0
93781 1
93782 2
93783 0
93784 1
93785 0
93786 7
93787 0
93788 1
93789 7
93790 1
93791 2
93792 2
93793 2
93794 0
93795 1
93796 1
93797 0
93798 0
93799 6
93800 6
93801 2
93802 3
93803 2
93804 1
93805 1
93806 0
93807 3
93808 1
93809 9
93810 2
93811 9
93812 1
93813 3
93814 3
93815 4
93816 2
93817 2
93818 0
93819 5
93820 1
93821 1
93822 1
93823 3
93824 1
93825 2
93826 1
93827 2
93828 3
93829 2
93830 1
93831 4
93832 0
93833 1
93834 3
93835 1
93836 1
93837 1
93838 0
93839 2
93840 10
93841 3
93842 0
93843 0
93844 12
93845 2
93846 5
93847 3
93848 2
93849 2
93850 2
93851 3
93852 3
93853 0
93854 0
93855 2
93856 1
93857 0
93858 2
93859 3
93860 3
93861 1
93862 0
93863 3
93864 4
93865 2
93866 1
93867 2
93868 1
93869 6
93870 4
93871 6
93872 4
93873 0
93874 1
93875 3
93876 3
93877 0
93878 0
93879 0
93880 0
93881 2
93882 1
93883 3
93884 3
93885 3
93886 0
93887 9
93888 6
93889 3
93890 1
93891 3
93892 1
93893 1
93894 2
93895 0
93896 1
93897 1
93898 1
93899 2
93900 2
93901 6
93902 2
93903 0
93904 1
93905 1
93906 3
93907 2
93908 1
93909 1
93910 2
93911 8
93912 6
93913 1
93914 1
93915 1
93916 0
93917 2
93918 2
93919 1
93920 2
93921 7
93922 0
93923 2
93924 6
93925 15
93926 2
93927 2
93928 4
93929 2
93930 6
93931 0
93932 1
93933 2
93934 1
93935 2
93936 3
93937 5
93938 1
93939 6
93940 1
93941 7
93942 8
93943 1
93944 1
93945 0
93946 0
93947 1
93948 0
93949 6
93950 0
93951 3
93952 1
93953 1
93954 1
93955 0
93956 0
93957 3
93958 2
93959 2
93960 7
93961 30
93962 2
93963 0
93964 1
93965 0
93966 0
93967 4
93968 4
93969 0
93970 0
93971 5
93972 5
93973 2
93974 0
93975 3
93976 0
93977 2
93978 0
93979 3
93980 0
93981 1
93982 2
93983 1
93984 9
93985 0
93986 1
93987 3
93988 2
93989 4
93990 1
93991 4
93992 3
93993 3
93994 0
93995 3
93996 2
93997 10
93998 0
93999 3
94000 3
94001 2
94002 0
94003 0
94004 3
94005 1
94006 2
94007 2
94008 1
94009 1
94010 1
94011 1
94012 0
94013 2
94014 3
94015 1
94016 3
94017 2
94018 1
94019 1
94020 4
94021 1
94022 1
94023 2
94024 3
94025 1
94026 0
94027 0
94028 1
94029 1
94030 1
94031 0
94032 0
94033 5
94034 1
94035 3
94036 0
94037 2
94038 0
94039 2
94040 2
94041 5
94042 1
94043 4
94044 1
94045 0
94046 3
94047 0
94048 0
94049 30
94050 4
94051 2
94052 0
94053 3
94054 1
94055 1
94056 1
94057 2
94058 1
94059 2
94060 3
94061 0
94062 1
94063 0
94064 2
94065 1
94066 2
94067 2
94068 1
94069 1
94070 2
94071 0
94072 2
94073 0
94074 1
94075 2
94076 0
94077 1
94078 2
94079 4
94080 30
94081 1
94082 0
94083 0
94084 0
94085 1
94086 1
94087 1
94088 2
94089 1
94090 1
94091 1
94092 1
94093 1
94094 5
94095 8
94096 4
94097 0
94098 0
94099 6
94100 4
94101 2
94102 4
94103 0
94104 0
94105 2
94106 1
94107 1
94108 2
94109 7
94110 1
94111 4
94112 1
94113 3
94114 3
94115 0
94116 6
94117 6
94118 2
94119 4
94120 0
94121 1
94122 1
94123 4
94124 0
94125 1
94126 2
94127 1
94128 5
94129 2
94130 1
94131 4
94132 2
94133 1
94134 0
94135 1
94136 3
94137 7
94138 1
94139 5
94140 2
94141 2
94142 0
94143 3
94144 1
94145 1
94146 0
94147 0
94148 0
94149 3
94150 3
94151 6
94152 1
94153 4
94154 1
94155 1
94156 0
94157 1
94158 1
94159 1
94160 1
94161 1
94162 2
94163 0
94164 8
94165 2
94166 1
94167 0
94168 1
94169 4
94170 0
94171 0
94172 0
94173 2
94174 0
94175 0
94176 9
94177 6
94178 4
94179 0
94180 3
94181 2
94182 1
94183 2
94184 8
94185 5
94186 1
94187 3
94188 1
94189 1
94190 0
94191 1
94192 3
94193 1
94194 2
94195 2
94196 1
94197 3
94198 0
94199 1
94200 5
94201 4
94202 0
94203 2
94204 2
94205 0
94206 3
94207 2
94208 30
94209 3
94210 3
94211 6
94212 2
94213 1
94214 1
94215 0
94216 2
94217 6
94218 1
94219 2
94220 1
94221 8
94222 1
94223 1
94224 1
94225 0
94226 1
94227 1
94228 2
94229 1
94230 0
94231 2
94232 2
94233 0
94234 6
94235 3
94236 2
94237 2
94238 4
94239 2
94240 3
94241 0
94242 2
94243 0
94244 0
94245 0
94246 1
94247 1
94248 21
94249 72
94250 12
94251 1
94252 1
94253 4
94254 1
94255 1
94256 2
94257 4
94258 0
94259 4
94260 1
94261 6
94262 0
94263 0
94264 0
94265 3
94266 2
94267 0
94268 1
94269 0
94270 4
94271 0
94272 3
94273 7
94274 2
94275 3
94276 1
94277 1
94278 1
94279 0
94280 5
94281 0
94282 1
94283 0
94284 3
94285 5
94286 4
94287 1
94288 1
94289 1
94290 0
94291 1
94292 2
94293 1
94294 1
94295 1
94296 1
94297 3
94298 1
94299 0
94300 2
94301 2
94302 4
94303 1
94304 1
94305 1
94306 2
94307 1
94308 3
94309 5
94310 3
94311 3
94312 3
94313 0
94314 0
94315 0
94316 0
94317 0
94318 1
94319 4
94320 8
94321 13
94322 0
94323 3
94324 0
94325 6
94326 4
94327 1
94328 0
94329 0
94330 2
94331 1
94332 5
94333 4
94334 3
94335 1
94336 2
94337 3
94338 1
94339 0
94340 1
94341 0
94342 2
94343 4
94344 1
94345 0
94346 0
94347 1
94348 0
94349 21
94350 5
94351 7
94352 0
94353 0
94354 2
94355 0
94356 2
94357 3
94358 0
94359 4
94360 3
94361 0
94362 3
94363 3
94364 5
94365 6
94366 0
94367 0
94368 4
94369 0
94370 0
94371 1
94372 0
94373 1
94374 3
94375 2
94376 14
94377 2
94378 5
94379 3
94380 4
94381 3
94382 0
94383 0
94384 8
94385 0
94386 2
94387 0
94388 3
94389 1
94390 4
94391 1
94392 6
94393 0
94394 3
94395 9
94396 2
94397 2
94398 3
94399 2
94400 3
94401 1
94402 0
94403 0
94404 2
94405 0
94406 3
94407 0
94408 0
94409 0
94410 2
94411 2
94412 1
94413 1
94414 0
94415 0
94416 2
94417 0
94418 0
94419 1
94420 2
94421 7
94422 0
94423 3
94424 2
94425 1
94426 0
94427 8
94428 0
94429 2
94430 3
94431 1
94432 6
94433 3
94434 1
94435 0
94436 0
94437 0
94438 0
94439 9
94440 5
94441 5
94442 0
94443 0
94444 2
94445 3
94446 2
94447 4
94448 0
94449 4
94450 1
94451 0
94452 3
94453 0
94454 1
94455 2
94456 2
94457 1
94458 7
94459 0
94460 2
94461 0
94462 0
94463 3
94464 2
94465 1
94466 4
94467 1
94468 1
94469 3
94470 3
94471 4
94472 1
94473 1
94474 5
94475 1
94476 2
94477 4
94478 0
94479 2
94480 3
94481 1
94482 3
94483 1
94484 2
94485 3
94486 0
94487 0
94488 7
94489 2
94490 1
94491 1
94492 0
94493 3
94494 0
94495 2
94496 2
94497 0
94498 0
94499 3
94500 36
94501 9
94502 3
94503 1
94504 1
94505 0
94506 1
94507 1
94508 2
94509 8
94510 8
94511 0
94512 3
94513 2
94514 0
94515 2
94516 0
94517 1
94518 2
94519 3
94520 2
94521 1
94522 2
94523 5
94524 2
94525 6
94526 2
94527 2
94528 2
94529 2
94530 1
94531 5
94532 1
94533 1
94534 2
94535 5
94536 7
94537 1
94538 4
94539 1
94540 1
94541 4
94542 1
94543 2
94544 1
94545 3
94546 1
94547 5
94548 1
94549 8
94550 5
94551 1
94552 0
94553 1
94554 4
94555 2
94556 4
94557 0
94558 1
94559 7
94560 4
94561 4
94562 2
94563 2
94564 1
94565 0
94566 2
94567 2
94568 4
94569 1
94570 0
94571 0
94572 6
94573 2
94574 0
94575 2
94576 2
94577 1
94578 5
94579 0
94580 1
94581 1
94582 2
94583 8
94584 7
94585 5
94586 20
94587 2
94588 3
94589 2
94590 1
94591 4
94592 1
94593 0
94594 0
94595 1
94596 1
94597 4
94598 0
94599 0
94600 2
94601 4
94602 0
94603 3
94604 3
94605 10
94606 1
94607 1
94608 8
94609 2
94610 0
94611 2
94612 2
94613 5
94614 1
94615 0
94616 3
94617 1
94618 4
94619 1
94620 2
94621 0
94622 1
94623 3
94624 2
94625 4
94626 2
94627 1
94628 0
94629 0
94630 2
94631 1
94632 2
94633 1
94634 0
94635 3
94636 3
94637 3
94638 2
94639 1
94640 7
94641 5
94642 11
94643 7
94644 6
94645 0
94646 1
94647 4
94648 2
94649 15
94650 0
94651 1
94652 1
94653 1
94654 0
94655 1
94656 2
94657 12
94658 2
94659 3
94660 4
94661 2
94662 2
94663 4
94664 2
94665 0
94666 2
94667 8
94668 5
94669 2
94670 1
94671 1
94672 0
94673 2
94674 0
94675 2
94676 0
94677 1
94678 1
94679 2
94680 2
94681 2
94682 3
94683 0
94684 2
94685 0
94686 1
94687 1
94688 2
94689 2
94690 2
94691 0
94692 4
94693 2
94694 1
94695 2
94696 1
94697 3
94698 3
94699 3
94700 2
94701 4
94702 1
94703 1
94704 2
94705 2
94706 8
94707 1
94708 2
94709 0
94710 19
94711 2
94712 1
94713 1
94714 2
94715 0
94716 5
94717 1
94718 2
94719 2
94720 8
94721 0
94722 1
94723 7
94724 1
94725 5
94726 0
94727 0
94728 1
94729 3
94730 1
94731 4
94732 2
94733 1
94734 3
94735 1
94736 4
94737 1
94738 3
94739 2
94740 0
94741 2
94742 0
94743 0
94744 1
94745 1
94746 0
94747 6
94748 2
94749 1
94750 1
94751 1
94752 4
94753 1
94754 1
94755 2
94756 0
94757 1
94758 3
94759 0
94760 3
94761 5
94762 2
94763 3
94764 0
94765 1
94766 3
94767 3
94768 6
94769 2
94770 4
94771 2
94772 0
94773 0
94774 1
94775 0
94776 4
94777 4
94778 1
94779 1
94780 1
94781 5
94782 3
94783 0
94784 1
94785 1
94786 2
94787 0
94788 5
94789 6
94790 0
94791 4
94792 0
94793 6
94794 3
94795 1
94796 1
94797 2
94798 3
94799 2
94800 8
94801 3
94802 2
94803 2
94804 2
94805 1
94806 1
94807 3
94808 1
94809 2
94810 0
94811 2
94812 1
94813 1
94814 0
94815 1
94816 3
94817 4
94818 2
94819 3
94820 1
94821 1
94822 3
94823 11
94824 1
94825 0
94826 1
94827 4
94828 17
94829 1
94830 6
94831 5
94832 0
94833 2
94834 0
94835 1
94836 5
94837 2
94838 1
94839 2
94840 0
94841 3
94842 8
94843 1
94844 2
94845 4
94846 6
94847 6
94848 7
94849 24
94850 3
94851 2
94852 7
94853 1
94854 1
94855 1
94856 1
94857 0
94858 0
94859 0
94860 9
94861 1
94862 0
94863 17
94864 29
94865 0
94866 0
94867 5
94868 1
94869 2
94870 4
94871 1
94872 3
94873 2
94874 2
94875 4
94876 1
94877 2
94878 5
94879 0
94880 1
94881 0
94882 2
94883 0
94884 2
94885 2
94886 2
94887 1
94888 2
94889 6
94890 3
94891 6
94892 5
94893 1
94894 2
94895 1
94896 1
94897 0
94898 0
94899 1
94900 4
94901 0
94902 0
94903 1
94904 1
94905 9
94906 1
94907 3
94908 3
94909 1
94910 3
94911 2
94912 2
94913 1
94914 0
94915 1
94916 3
94917 0
94918 1
94919 0
94920 8
94921 3
94922 0
94923 1
94924 0
94925 1
94926 1
94927 1
94928 2
94929 0
94930 1
94931 0
94932 19
94933 5
94934 0
94935 1
94936 2
94937 0
94938 2
94939 2
94940 2
94941 2
94942 1
94943 1
94944 8
94945 4
94946 0
94947 2
94948 0
94949 44
94950 2
94951 1
94952 1
94953 4
94954 1
94955 0
94956 0
94957 3
94958 0
94959 0
94960 4
94961 6
94962 6
94963 0
94964 3
94965 0
94966 1
94967 3
94968 10
94969 5
94970 0
94971 0
94972 1
94973 1
94974 2
94975 0
94976 6
94977 1
94978 2
94979 1
94980 3
94981 2
94982 0
94983 4
94984 1
94985 0
94986 2
94987 4
94988 0
94989 0
94990 0
94991 0
94992 0
94993 2
94994 3
94995 0
94996 9
94997 2
94998 0
94999 17
95000 11
95001 2
95002 0
95003 1
95004 9
95005 4
95006 2
95007 0
95008 3
95009 4
95010 1
95011 0
95012 0
95013 0
95014 0
95015 0
95016 3
95017 2
95018 1
95019 4
95020 4
95021 2
95022 0
95023 0
95024 3
95025 3
95026 0
95027 3
95028 0
95029 1
95030 8
95031 2
95032 3
95033 5
95034 1
95035 1
95036 0
95037 1
95038 4
95039 1
95040 71
95041 2
95042 0
95043 0
95044 3
95045 4
95046 1
95047 1
95048 8
95049 3
95050 6
95051 4
95052 2
95053 2
95054 0
95055 1
95056 1
95057 0
95058 1
95059 3
95060 5
95061 2
95062 0
95063 1
95064 5
95065 2
95066 2
95067 0
95068 0
95069 2
95070 1
95071 4
95072 2
95073 0
95074 1
95075 2
95076 3
95077 0
95078 3
95079 2
95080 1
95081 2
95082 1
95083 3
95084 0
95085 2
95086 0
95087 7
95088 2
95089 4
95090 5
95091 1
95092 0
95093 2
95094 1
95095 13
95096 2
95097 0
95098 1
95099 0
95100 5
95101 8
95102 1
95103 0
95104 0
95105 0
95106 1
95107 4
95108 3
95109 4
95110 7
95111 3
95112 0
95113 0
95114 4
95115 2
95116 1
95117 0
95118 0
95119 1
95120 9
95121 7
95122 2
95123 2
95124 2
95125 1
95126 3
95127 2
95128 3
95129 5
95130 2
95131 2
95132 2
95133 1
95134 3
95135 1
95136 1
95137 3
95138 2
95139 4
95140 7
95141 2
95142 1
95143 1
95144 6
95145 1
95146 4
95147 0
95148 0
95149 1
95150 0
95151 2
95152 0
95153 2
95154 1
95155 2
95156 2
95157 0
95158 0
95159 3
95160 3
95161 6
95162 1
95163 1
95164 3
95165 1
95166 1
95167 3
95168 2
95169 1
95170 5
95171 1
95172 7
95173 0
95174 1
95175 4
95176 1
95177 2
95178 2
95179 1
95180 2
95181 0
95182 1
95183 1
95184 2
95185 0
95186 1
95187 1
95188 2
95189 2
95190 5
95191 4
95192 0
95193 4
95194 0
95195 0
95196 2
95197 3
95198 1
95199 4
95200 20
95201 3
95202 2
95203 0
95204 2
95205 1
95206 1
95207 1
95208 4
95209 4
95210 0
95211 2
95212 2
95213 5
95214 4
95215 1
95216 0
95217 0
95218 1
95219 3
95220 6
95221 2
95222 1
95223 2
95224 0
95225 1
95226 5
95227 0
95228 3
95229 0
95230 3
95231 6
95232 16
95233 1
95234 3
95235 20
95236 1
95237 3
95238 6
95239 3
95240 4
95241 1
95242 0
95243 1
95244 3
95245 1
95246 0
95247 0
95248 6
95249 2
95250 1
95251 3
95252 1
95253 0
95254 0
95255 1
95256 20
95257 4
95258 3
95259 7
95260 2
95261 2
95262 1
95263 3
95264 2
95265 6
95266 10
95267 3
95268 1
95269 0
95270 1
95271 0
95272 1
95273 4
95274 3
95275 1
95276 1
95277 3
95278 1
95279 5
95280 0
95281 5
95282 2
95283 1
95284 9
95285 1
95286 4
95287 3
95288 2
95289 2
95290 4
95291 2
95292 2
95293 0
95294 1
95295 2
95296 0
95297 0
95298 2
95299 6
95300 3
95301 0
95302 1
95303 2
95304 3
95305 8
95306 1
95307 0
95308 0
95309 0
95310 1
95311 4
95312 1
95313 1
95314 1
95315 1
95316 7
95317 3
95318 0
95319 2
95320 7
95321 2
95322 1
95323 0
95324 2
95325 16
95326 13
95327 3
95328 5
95329 2
95330 2
95331 2
95332 1
95333 3
95334 5
95335 2
95336 1
95337 1
95338 2
95339 3
95340 5
95341 1
95342 3
95343 1
95344 0
95345 1
95346 1
95347 0
95348 2
95349 4
95350 0
95351 0
95352 2
95353 0
95354 5
95355 0
95356 2
95357 2
95358 2
95359 2
95360 2
95361 1
95362 0
95363 2
95364 1
95365 1
95366 0
95367 4
95368 3
95369 11
95370 1
95371 3
95372 1
95373 3
95374 2
95375 1
95376 2
95377 0
95378 0
95379 1
95380 2
95381 7
95382 8
95383 3
95384 1
95385 0
95386 1
95387 1
95388 2
95389 2
95390 0
95391 0
95392 1
95393 6
95394 2
95395 0
95396 0
95397 1
95398 0
95399 0
95400 4
95401 8
95402 0
95403 1
95404 6
95405 2
95406 0
95407 1
95408 5
95409 1
95410 2
95411 2
95412 4
95413 2
95414 1
95415 3
95416 2
95417 2
95418 3
95419 7
95420 4
95421 1
95422 3
95423 0
95424 3
95425 1
95426 0
95427 0
95428 3
95429 2
95430 0
95431 2
95432 0
95433 2
95434 2
95435 2
95436 5
95437 2
95438 1
95439 0
95440 3
95441 0
95442 0
95443 1
95444 2
95445 3
95446 4
95447 1
95448 0
95449 1
95450 2
95451 1
95452 0
95453 2
95454 2
95455 2
95456 2
95457 0
95458 4
95459 2
95460 5
95461 3
95462 1
95463 1
95464 5
95465 2
95466 2
95467 4
95468 0
95469 0
95470 4
95471 14
95472 8
95473 2
95474 2
95475 0
95476 4
95477 8
95478 1
95479 9
95480 5
95481 23
95482 1
95483 10
95484 3
95485 4
95486 2
95487 0
95488 8
95489 2
95490 5
95491 1
95492 1
95493 1
95494 1
95495 4
95496 1
95497 0
95498 0
95499 2
95500 1
95501 0
95502 2
95503 12
95504 2
95505 4
95506 0
95507 2
95508 2
95509 1
95510 0
95511 4
95512 1
95513 3
95514 5
95515 3
95516 2
95517 0
95518 0
95519 2
95520 2
95521 0
95522 1
95523 0
95524 2
95525 0
95526 5
95527 0
95528 1
95529 0
95530 0
95531 1
95532 2
95533 2
95534 2
95535 3
95536 7
95537 3
95538 0
95539 2
95540 1
95541 0
95542 1
95543 1
95544 1
95545 5
95546 3
95547 0
95548 3
95549 9
95550 10
95551 6
95552 1
95553 1
95554 2
95555 0
95556 2
95557 5
95558 1
95559 2
95560 1
95561 0
95562 0
95563 1
95564 5
95565 1
95566 2
95567 4
95568 4
95569 3
95570 1
95571 1
95572 2
95573 1
95574 2
95575 6
95576 3
95577 1
95578 1
95579 1
95580 3
95581 0
95582 0
95583 1
95584 0
95585 2
95586 1
95587 2
95588 2
95589 3
95590 3
95591 0
95592 4
95593 0
95594 0
95595 1
95596 2
95597 5
95598 1
95599 0
95600 2
95601 0
95602 2
95603 5
95604 3
95605 0
95606 0
95607 4
95608 2
95609 0
95610 2
95611 4
95612 1
95613 2
95614 0
95615 0
95616 6
95617 5
95618 1
95619 0
95620 0
95621 4
95622 1
95623 4
95624 1
95625 4
95626 0
95627 1
95628 4
95629 3
95630 2
95631 2
95632 1
95633 2
95634 10
95635 3
95636 1
95637 1
95638 1
95639 0
95640 5
95641 1
95642 2
95643 0
95644 2
95645 1
95646 0
95647 2
95648 3
95649 0
95650 1
95651 7
95652 2
95653 0
95654 1
95655 3
95656 4
95657 1
95658 0
95659 0
95660 2
95661 3
95662 1
95663 1
95664 0
95665 0
95666 0
95667 0
95668 5
95669 3
95670 1
95671 1
95672 1
95673 0
95674 4
95675 1
95676 1
95677 1
95678 0
95679 12
95680 6
95681 3
95682 0
95683 2
95684 1
95685 0
95686 3
95687 0
95688 0
95689 2
95690 0
95691 3
95692 0
95693 1
95694 1
95695 2
95696 2
95697 4
95698 1
95699 5
95700 1
95701 4
95702 2
95703 5
95704 2
95705 2
95706 3
95707 1
95708 1
95709 5
95710 1
95711 2
95712 2
95713 3
95714 1
95715 1
95716 0
95717 2
95718 1
95719 4
95720 3
95721 0
95722 0
95723 1
95724 1
95725 1
95726 0
95727 1
95728 1
95729 3
95730 2
95731 2
95732 4
95733 2
95734 1
95735 1
95736 3
95737 1
95738 1
95739 0
95740 0
95741 0
95742 2
95743 0
95744 10
95745 0
95746 3
95747 10
95748 0
95749 1
95750 2
95751 4
95752 2
95753 1
95754 1
95755 0
95756 0
95757 2
95758 1
95759 5
95760 48
95761 5
95762 4
95763 1
95764 1
95765 3
95766 2
95767 6
95768 1
95769 1
95770 2
95771 0
95772 7
95773 5
95774 3
95775 0
95776 3
95777 4
95778 1
95779 4
95780 5
95781 9
95782 0
95783 5
95784 0
95785 2
95786 1
95787 1
95788 2
95789 2
95790 5
95791 10
95792 1
95793 2
95794 4
95795 2
95796 2
95797 3
95798 2
95799 3
95800 6
95801 2
95802 5
95803 1
95804 1
95805 0
95806 2
95807 1
95808 5
95809 1
95810 2
95811 1
95812 1
95813 1
95814 1
95815 1
95816 4
95817 1
95818 0
95819 4
95820 1
95821 3
95822 4
95823 5
95824 2
95825 1
95826 0
95827 0
95828 2
95829 1
95830 9
95831 2
95832 7
95833 4
95834 1
95835 0
95836 4
95837 0
95838 4
95839 1
95840 0
95841 0
95842 1
95843 2
95844 2
95845 6
95846 2
95847 1
95848 4
95849 2
95850 1
95851 0
95852 2
95853 3
95854 1
95855 1
95856 0
95857 0
95858 0
95859 1
95860 2
95861 0
95862 1
95863 1
95864 1
95865 8
95866 0
95867 2
95868 1
95869 1
95870 1
95871 0
95872 10
95873 2
95874 4
95875 2
95876 4
95877 3
95878 2
95879 0
95880 7
95881 4
95882 2
95883 2
95884 1
95885 3
95886 2
95887 9
95888 5
95889 0
95890 0
95891 0
95892 0
95893 4
95894 1
95895 2
95896 1
95897 1
95898 0
95899 0
95900 8
95901 9
95902 1
95903 1
95904 20
95905 2
95906 2
95907 2
95908 0
95909 0
95910 4
95911 6
95912 3
95913 2
95914 5
95915 3
95916 5
95917 6
95918 0
95919 2
95920 3
95921 4
95922 4
95923 4
95924 0
95925 1
95926 1
95927 0
95928 2
95929 7
95930 4
95931 23
95932 3
95933 0
95934 0
95935 0
95936 1
95937 0
95938 0
95939 0
95940 9
95941 0
95942 1
95943 1
95944 3
95945 0
95946 2
95947 2
95948 0
95949 1
95950 2
95951 6
95952 3
95953 3
95954 3
95955 4
95956 2
95957 5
95958 1
95959 41
95960 2
95961 6
95962 1
95963 2
95964 2
95965 4
95966 3
95967 3
95968 3
95969 1
95970 1
95971 1
95972 3
95973 0
95974 0
95975 2
95976 5
95977 2
95978 0
95979 0
95980 0
95981 2
95982 2
95983 1
95984 4
95985 2
95986 2
95987 2
95988 4
95989 6
95990 3
95991 4
95992 4
95993 0
95994 0
95995 1
95996 0
95997 1
95998 2
95999 6
96000 39
96001 13
96002 1
96003 0
96004 6
96005 4
96006 1
96007 0
96008 3
96009 0
96010 1
96011 2
96012 4
96013 2
96014 3
96015 1
96016 1
96017 3
96018 5
96019 4
96020 1
96021 2
96022 1
96023 1
96024 1
96025 2
96026 2
96027 0
96028 2
96029 5
96030 15
96031 2
96032 1
96033 1
96034 0
96035 2
96036 3
96037 0
96038 1
96039 1
96040 21
96041 1
96042 0
96043 2
96044 0
96045 2
96046 1
96047 1
96048 7
96049 27
96050 2
96051 1
96052 3
96053 1
96054 0
96055 1
96056 2
96057 2
96058 2
96059 4
96060 1
96061 2
96062 2
96063 3
96064 3
96065 1
96066 1
96067 1
96068 0
96069 3
96070 1
96071 2
96072 1
96073 4
96074 2
96075 1
96076 1
96077 0
96078 3
96079 5
96080 5
96081 1
96082 1
96083 0
96084 3
96085 0
96086 0
96087 2
96088 0
96089 0
96090 4
96091 5
96092 1
96093 0
96094 2
96095 0
96096 41
96097 4
96098 0
96099 5
96100 32
96101 4
96102 1
96103 1
96104 3
96105 3
96106 0
96107 0
96108 0
96109 0
96110 2
96111 4
96112 2
96113 3
96114 0
96115 0
96116 3
96117 3
96118 0
96119 6
96120 4
96121 0
96122 2
96123 8
96124 2
96125 2
96126 0
96127 0
96128 2
96129 1
96130 0
96131 4
96132 0
96133 1
96134 3
96135 7
96136 1
96137 7
96138 4
96139 12
96140 1
96141 5
96142 2
96143 1
96144 1
96145 2
96146 1
96147 3
96148 4
96149 2
96150 2
96151 4
96152 2
96153 2
96154 2
96155 1
96156 1
96157 3
96158 0
96159 1
96160 1
96161 1
96162 3
96163 4
96164 2
96165 2
96166 0
96167 3
96168 0
96169 6
96170 0
96171 4
96172 2
96173 0
96174 5
96175 2
96176 5
96177 2
96178 0
96179 6
96180 6
96181 4
96182 2
96183 0
96184 1
96185 0
96186 2
96187 0
96188 1
96189 1
96190 0
96191 0
96192 3
96193 2
96194 1
96195 5
96196 1
96197 4
96198 5
96199 1
96200 1
96201 3
96202 1
96203 0
96204 1
96205 2
96206 0
96207 0
96208 0
96209 0
96210 3
96211 3
96212 2
96213 0
96214 1
96215 1
96216 1
96217 2
96218 0
96219 1
96220 2
96221 4
96222 7
96223 2
96224 0
96225 2
96226 2
96227 0
96228 11
96229 1
96230 0
96231 3
96232 1
96233 1
96234 0
96235 1
96236 1
96237 2
96238 0
96239 1
96240 3
96241 1
96242 3
96243 2
96244 1
96245 2
96246 1
96247 1
96248 2
96249 4
96250 5
96251 2
96252 2
96253 0
96254 4
96255 6
96256 31
96257 2
96258 1
96259 2
96260 0
96261 0
96262 1
96263 1
96264 2
96265 2
96266 0
96267 1
96268 0
96269 15
96270 0
96271 4
96272 1
96273 1
96274 1
96275 0
96276 0
96277 1
96278 4
96279 1
96280 1
96281 5
96282 2
96283 0
96284 1
96285 1
96286 4
96287 3
96288 11
96289 0
96290 0
96291 3
96292 2
96293 3
96294 1
96295 0
96296 4
96297 1
96298 1
96299 0
96300 1
96301 0
96302 1
96303 0
96304 1
96305 2
96306 3
96307 2
96308 1
96309 2
96310 2
96311 0
96312 2
96313 2
96314 1
96315 1
96316 0
96317 0
96318 0
96319 0
96320 6
96321 0
96322 0
96323 4
96324 0
96325 2
96326 1
96327 2
96328 0
96329 3
96330 8
96331 3
96332 1
96333 0
96334 4
96335 1
96336 2
96337 1
96338 3
96339 2
96340 1
96341 0
96342 0
96343 0
96344 0
96345 0
96346 3
96347 2
96348 5
96349 1
96350 1
96351 0
96352 2
96353 8
96354 1
96355 0
96356 3
96357 0
96358 1
96359 3
96360 4
96361 8
96362 1
96363 6
96364 2
96365 1
96366 1
96367 1
96368 1
96369 2
96370 4
96371 3
96372 2
96373 2
96374 1
96375 1
96376 0
96377 8
96378 0
96379 0
96380 3
96381 0
96382 2
96383 2
96384 1
96385 0
96386 0
96387 1
96388 1
96389 4
96390 4
96391 2
96392 0
96393 1
96394 0
96395 0
96396 2
96397 2
96398 1
96399 1
96400 2
96401 4
96402 6
96403 1
96404 4
96405 1
96406 0
96407 0
96408 2
96409 0
96410 7
96411 2
96412 1
96413 1
96414 0
96415 1
96416 4
96417 2
96418 2
96419 5
96420 2
96421 0
96422 0
96423 2
96424 0
96425 0
96426 2
96427 2
96428 1
96429 4
96430 0
96431 3
96432 4
96433 5
96434 1
96435 0
96436 0
96437 5
96438 1
96439 1
96440 0
96441 2
96442 1
96443 2
96444 1
96445 0
96446 3
96447 0
96448 3
96449 3
96450 4
96451 1
96452 2
96453 2
96454 5
96455 1
96456 2
96457 3
96458 6
96459 2
96460 3
96461 2
96462 1
96463 1
96464 2
96465 1
96466 3
96467 2
96468 0
96469 17
96470 0
96471 2
96472 5
96473 2
96474 1
96475 1
96476 0
96477 1
96478 4
96479 1
96480 8
96481 7
96482 0
96483 0
96484 2
96485 2
96486 2
96487 1
96488 0
96489 1
96490 0
96491 0
96492 2
96493 3
96494 1
96495 1
96496 2
96497 2
96498 1
96499 1
96500 0
96501 3
96502 0
96503 4
96504 2
96505 1
96506 0
96507 1
96508 0
96509 0
96510 3
96511 6
96512 3
96513 1
96514 3
96515 1
96516 1
96517 4
96518 0
96519 0
96520 3
96521 2
96522 0
96523 0
96524 3
96525 14
96526 1
96527 0
96528 5
96529 0
96530 1
96531 3
96532 1
96533 0
96534 2
96535 0
96536 3
96537 0
96538 3
96539 3
96540 2
96541 0
96542 3
96543 4
96544 3
96545 1
96546 0
96547 2
96548 0
96549 2
96550 0
96551 4
96552 5
96553 0
96554 0
96555 0
96556 0
96557 10
96558 3
96559 3
96560 2
96561 0
96562 2
96563 1
96564 2
96565 4
96566 2
96567 1
96568 3
96569 10
96570 4
96571 1
96572 3
96573 0
96574 2
96575 1
96576 10
96577 29
96578 5
96579 1
96580 6
96581 2
96582 0
96583 2
96584 3
96585 1
96586 0
96587 1
96588 0
96589 0
96590 0
96591 1
96592 3
96593 1
96594 2
96595 0
96596 1
96597 1
96598 1
96599 1
96600 8
96601 5
96602 0
96603 1
96604 0
96605 2
96606 0
96607 1
96608 5
96609 0
96610 0
96611 1
96612 0
96613 2
96614 1
96615 5
96616 1
96617 1
96618 2
96619 1
96620 3
96621 0
96622 1
96623 2
96624 3
96625 2
96626 0
96627 0
96628 3
96629 2
96630 4
96631 0
96632 6
96633 3
96634 0
96635 3
96636 2
96637 0
96638 1
96639 2
96640 7
96641 6
96642 4
96643 3
96644 1
96645 1
96646 0
96647 8
96648 0
96649 5
96650 0
96651 0
96652 0
96653 0
96654 3
96655 1
96656 1
96657 3
96658 3
96659 2
96660 4
96661 4
96662 0
96663 3
96664 3
96665 1
96666 0
96667 5
96668 1
96669 2
96670 3
96671 1
96672 4
96673 0
96674 1
96675 2
96676 0
96677 1
96678 1
96679 2
96680 3
96681 1
96682 3
96683 0
96684 1
96685 0
96686 0
96687 2
96688 1
96689 0
96690 5
96691 2
96692 0
96693 5
96694 1
96695 2
96696 5
96697 1
96698 0
96699 1
96700 3
96701 1
96702 3
96703 0
96704 2
96705 1
96706 2
96707 0
96708 0
96709 3
96710 1
96711 3
96712 2
96713 2
96714 1
96715 0
96716 0
96717 1
96718 1
96719 3
96720 10
96721 65
96722 4
96723 2
96724 1
96725 2
96726 2
96727 9
96728 4
96729 1
96730 1
96731 4
96732 2
96733 1
96734 0
96735 0
96736 3
96737 2
96738 0
96739 6
96740 1
96741 2
96742 2
96743 4
96744 2
96745 0
96746 2
96747 2
96748 1
96749 1
96750 1
96751 4
96752 5
96753 1
96754 0
96755 2
96756 4
96757 3
96758 1
96759 0
96760 3
96761 2
96762 3
96763 5
96764 1
96765 0
96766 2
96767 1
96768 62
96769 19
96770 1
96771 5
96772 4
96773 2
96774 2
96775 2
96776 2
96777 1
96778 1
96779 5
96780 2
96781 4
96782 2
96783 1
96784 3
96785 0
96786 1
96787 3
96788 0
96789 0
96790 1
96791 2
96792 5
96793 1
96794 0
96795 1
96796 3
96797 9
96798 3
96799 5
96800 5
96801 6
96802 2
96803 0
96804 1
96805 1
96806 0
96807 3
96808 1
96809 1
96810 3
96811 2
96812 0
96813 1
96814 0
96815 3
96816 5
96817 3
96818 0
96819 0
96820 1
96821 4
96822 0
96823 2
96824 2
96825 4
96826 1
96827 0
96828 0
96829 1
96830 0
96831 3
96832 2
96833 0
96834 3
96835 2
96836 0
96837 1
96838 2
96839 2
96840 0
96841 2
96842 1
96843 1
96844 9
96845 1
96846 1
96847 5
96848 5
96849 1
96850 0
96851 1
96852 6
96853 1
96854 2
96855 1
96856 0
96857 3
96858 2
96859 0
96860 1
96861 3
96862 3
96863 2
96864 0
96865 1
96866 5
96867 4
96868 0
96869 3
96870 1
96871 1
96872 1
96873 3
96874 1
96875 11
96876 3
96877 2
96878 2
96879 1
96880 1
96881 1
96882 4
96883 1
96884 4
96885 4
96886 8
96887 0
96888 5
96889 1
96890 2
96891 2
96892 1
96893 1
96894 1
96895 2
96896 5
96897 0
96898 1
96899 3
96900 14
96901 0
96902 2
96903 1
96904 0
96905 4
96906 3
96907 2
96908 5
96909 5
96910 3
96911 2
96912 2
96913 1
96914 0
96915 5
96916 2
96917 2
96918 1
96919 1
96920 0
96921 4
96922 0
96923 0
96924 5
96925 3
96926 1
96927 1
96928 0
96929 0
96930 2
96931 2
96932 1
96933 1
96934 0
96935 2
96936 5
96937 3
96938 0
96939 1
96940 1
96941 5
96942 1
96943 1
96944 2
96945 0
96946 5
96947 1
96948 5
96949 1
96950 0
96951 1
96952 1
96953 3
96954 0
96955 2
96956 8
96957 5
96958 2
96959 5
96960 3
96961 2
96962 0
96963 1
96964 0
96965 3
96966 1
96967 0
96968 1
96969 6
96970 2
96971 1
96972 1
96973 0
96974 0
96975 1
96976 4
96977 4
96978 3
96979 13
96980 1
96981 3
96982 0
96983 4
96984 1
96985 4
96986 0
96987 2
96988 1
96989 5
96990 1
96991 0
96992 3
96993 2
96994 2
96995 1
96996 5
96997 5
96998 2
96999 5
97000 12
97001 14
97002 0
97003 1
97004 2
97005 6
97006 2
97007 4
97008 1
97009 0
97010 2
97011 1
97012 2
97013 1
97014 4
97015 1
97016 0
97017 2
97018 2
97019 3
97020 48
97021 5
97022 0
97023 1
97024 4
97025 1
97026 2
97027 2
97028 2
97029 0
97030 1
97031 3
97032 2
97033 2
97034 3
97035 0
97036 0
97037 2
97038 3
97039 5
97040 1
97041 1
97042 1
97043 1
97044 3
97045 0
97046 2
97047 2
97048 1
97049 1
97050 3
97051 4
97052 6
97053 1
97054 3
97055 2
97056 4
97057 1
97058 1
97059 3
97060 4
97061 4
97062 4
97063 5
97064 3
97065 1
97066 0
97067 3
97068 0
97069 2
97070 0
97071 3
97072 0
97073 3
97074 0
97075 4
97076 1
97077 0
97078 1
97079 2
97080 3
97081 1
97082 0
97083 3
97084 1
97085 1
97086 1
97087 0
97088 2
97089 2
97090 4
97091 0
97092 1
97093 0
97094 7
97095 0
97096 1
97097 13
97098 1
97099 1
97100 3
97101 5
97102 0
97103 8
97104 4
97105 1
97106 2
97107 1
97108 17
97109 4
97110 4
97111 5
97112 1
97113 4
97114 3
97115 3
97116 2
97117 7
97118 1
97119 1
97120 2
97121 0
97122 0
97123 2
97124 1
97125 3
97126 1
97127 5
97128 3
97129 1
97130 2
97131 0
97132 1
97133 1
97134 2
97135 1
97136 1
97137 0
97138 3
97139 0
97140 5
97141 0
97142 0
97143 1
97144 2
97145 4
97146 2
97147 2
97148 2
97149 2
97150 1
97151 6
97152 11
97153 0
97154 2
97155 16
97156 4
97157 5
97158 2
97159 2
97160 4
97161 1
97162 1
97163 2
97164 2
97165 0
97166 2
97167 0
97168 0
97169 3
97170 1
97171 4
97172 0
97173 1
97174 1
97175 1
97176 1
97177 3
97178 1
97179 2
97180 2
97181 1
97182 0
97183 1
97184 2
97185 4
97186 1
97187 2
97188 5
97189 1
97190 1
97191 7
97192 1
97193 4
97194 0
97195 0
97196 3
97197 5
97198 0
97199 7
97200 55
97201 2
97202 0
97203 0
97204 1
97205 1
97206 2
97207 0
97208 0
97209 0
97210 2
97211 1
97212 3
97213 6
97214 2
97215 2
97216 5
97217 2
97218 3
97219 2
97220 5
97221 2
97222 0
97223 4
97224 2
97225 2
97226 2
97227 2
97228 6
97229 22
97230 9
97231 3
97232 5
97233 0
97234 1
97235 1
97236 7
97237 2
97238 1
97239 3
97240 30
97241 15
97242 2
97243 5
97244 3
97245 1
97246 2
97247 2
97248 1
97249 3
97250 0
97251 4
97252 1
97253 1
97254 2
97255 3
97256 6
97257 2
97258 4
97259 2
97260 2
97261 2
97262 0
97263 0
97264 2
97265 5
97266 0
97267 5
97268 1
97269 3
97270 0
97271 5
97272 5
97273 6
97274 1
97275 1
97276 0
97277 0
97278 4
97279 1
97280 9
97281 4
97282 2
97283 5
97284 2
97285 3
97286 2
97287 3
97288 1
97289 2
97290 6
97291 1
97292 7
97293 2
97294 1
97295 3
97296 4
97297 3
97298 1
97299 0
97300 4
97301 2
97302 2
97303 0
97304 1
97305 2
97306 0
97307 1
97308 2
97309 7
97310 0
97311 0
97312 4
97313 0
97314 1
97315 5
97316 4
97317 0
97318 4
97319 2
97320 6
97321 3
97322 1
97323 0
97324 2
97325 0
97326 1
97327 5
97328 3
97329 3
97330 1
97331 1
97332 8
97333 0
97334 1
97335 3
97336 86
97337 3
97338 0
97339 1
97340 5
97341 8
97342 2
97343 17
97344 47
97345 4
97346 2
97347 0
97348 4
97349 2
97350 4
97351 2
97352 2
97353 2
97354 2
97355 4
97356 5
97357 4
97358 1
97359 2
97360 3
97361 1
97362 0
97363 2
97364 1
97365 0
97366 0
97367 11
97368 4
97369 5
97370 4
97371 1
97372 1
97373 3
97374 3
97375 2
97376 3
97377 0
97378 1
97379 26
97380 4
97381 2
97382 4
97383 3
97384 6
97385 1
97386 1
97387 1
97388 4
97389 0
97390 1
97391 3
97392 4
97393 5
97394 2
97395 1
97396 1
97397 2
97398 2
97399 2
97400 0
97401 0
97402 1
97403 0
97404 0
97405 7
97406 0
97407 1
97408 2
97409 1
97410 3
97411 2
97412 2
97413 0
97414 1
97415 2
97416 5
97417 2
97418 1
97419 2
97420 0
97421 2
97422 0
97423 1
97424 2
97425 0
97426 1
97427 2
97428 3
97429 1
97430 1
97431 1
97432 3
97433 2
97434 6
97435 1
97436 1
97437 0
97438 0
97439 1
97440 18
97441 7
97442 1
97443 0
97444 2
97445 0
97446 2
97447 0
97448 2
97449 2
97450 1
97451 0
97452 1
97453 4
97454 0
97455 2
97456 2
97457 2
97458 4
97459 3
97460 0
97461 22
97462 7
97463 5
97464 2
97465 0
97466 0
97467 1
97468 2
97469 6
97470 8
97471 1
97472 1
97473 0
97474 3
97475 2
97476 1
97477 1
97478 2
97479 2
97480 2
97481 2
97482 4
97483 3
97484 2
97485 0
97486 0
97487 0
97488 0
97489 1
97490 3
97491 1
97492 0
97493 2
97494 0
97495 2
97496 0
97497 0
97498 3
97499 6
97500 5
97501 4
97502 0
97503 0
97504 2
97505 2
97506 1
97507 1
97508 0
97509 0
97510 0
97511 1
97512 10
97513 4
97514 0
97515 1
97516 2
97517 0
97518 2
97519 0
97520 8
97521 0
97522 0
97523 3
97524 10
97525 3
97526 2
97527 7
97528 0
97529 1
97530 1
97531 5
97532 3
97533 3
97534 0
97535 1
97536 8
97537 1
97538 3
97539 3
97540 0
97541 3
97542 2
97543 0
97544 1
97545 5
97546 3
97547 4
97548 4
97549 7
97550 1
97551 2
97552 5
97553 4
97554 1
97555 2
97556 10
97557 2
97558 1
97559 1
97560 4
97561 6
97562 0
97563 0
97564 1
97565 9
97566 2
97567 8
97568 1
97569 0
97570 1
97571 2
97572 0
97573 0
97574 2
97575 1
97576 2
97577 2
97578 0
97579 22
97580 10
97581 0
97582 2
97583 6
97584 0
97585 4
97586 0
97587 1
97588 0
97589 1
97590 0
97591 0
97592 0
97593 2
97594 0
97595 0
97596 2
97597 2
97598 1
97599 2
97600 0
97601 0
97602 3
97603 1
97604 2
97605 1
97606 0
97607 1
97608 2
97609 5
97610 1
97611 1
97612 3
97613 4
97614 2
97615 3
97616 0
97617 1
97618 0
97619 1
97620 3
97621 7
97622 1
97623 0
97624 1
97625 3
97626 0
97627 0
97628 0
97629 1
97630 0
97631 1
97632 1
97633 2
97634 0
97635 0
97636 3
97637 2
97638 1
97639 0
97640 1
97641 14
97642 0
97643 3
97644 2
97645 1
97646 1
97647 0
97648 0
97649 7
97650 6
97651 3
97652 2
97653 2
97654 1
97655 9
97656 30
97657 8
97658 1
97659 1
97660 4
97661 3
97662 0
97663 1
97664 1
97665 2
97666 5
97667 2
97668 4
97669 0
97670 2
97671 3
97672 3
97673 3
97674 1
97675 2
97676 1
97677 3
97678 0
97679 4
97680 6
97681 7
97682 1
97683 1
97684 3
97685 1
97686 1
97687 3
97688 0
97689 0
97690 2
97691 2
97692 2
97693 1
97694 0
97695 2
97696 1
97697 1
97698 3
97699 0
97700 5
97701 0
97702 0
97703 1
97704 1
97705 2
97706 2
97707 2
97708 1
97709 0
97710 2
97711 2
97712 4
97713 6
97714 2
97715 1
97716 2
97717 1
97718 1
97719 0
97720 3
97721 0
97722 0
97723 5
97724 3
97725 0
97726 1
97727 0
97728 1
97729 3
97730 2
97731 2
97732 2
97733 2
97734 3
97735 1
97736 0
97737 0
97738 1
97739 1
97740 4
97741 2
97742 0
97743 1
97744 0
97745 2
97746 1
97747 0
97748 3
97749 1
97750 2
97751 2
97752 0
97753 4
97754 1
97755 3
97756 3
97757 1
97758 2
97759 1
97760 1
97761 0
97762 3
97763 2
97764 5
97765 1
97766 2
97767 3
97768 7
97769 3
97770 0
97771 1
97772 2
97773 2
97774 0
97775 3
97776 3
97777 19
97778 0
97779 4
97780 1
97781 0
97782 0
97783 2
97784 2
97785 2
97786 3
97787 1
97788 2
97789 3
97790 2
97791 4
97792 5
97793 3
97794 4
97795 0
97796 1
97797 0
97798 1
97799 3
97800 3
97801 1
97802 0
97803 0
97804 1
97805 0
97806 1
97807 1
97808 1
97809 0
97810 0
97811 1
97812 8
97813 4
97814 1
97815 0
97816 0
97817 1
97818 1
97819 1
97820 3
97821 4
97822 2
97823 0
97824 2
97825 3
97826 0
97827 1
97828 1
97829 2
97830 3
97831 2
97832 0
97833 1
97834 1
97835 1
97836 6
97837 0
97838 0
97839 2
97840 5
97841 9
97842 2
97843 2
97844 3
97845 1
97846 1
97847 4
97848 3
97849 4
97850 3
97851 0
97852 1
97853 0
97854 2
97855 2
97856 0
97857 0
97858 0
97859 1
97860 6
97861 1
97862 4
97863 0
97864 5
97865 1
97866 2
97867 2
97868 2
97869 7
97870 2
97871 2
97872 2
97873 0
97874 1
97875 6
97876 1
97877 1
97878 3
97879 18
97880 8
97881 1
97882 2
97883 8
97884 2
97885 2
97886 0
97887 4
97888 7
97889 3
97890 1
97891 0
97892 7
97893 0
97894 1
97895 2
97896 1
97897 1
97898 1
97899 2
97900 3
97901 3
97902 5
97903 7
97904 6
97905 3
97906 2
97907 1
97908 2
97909 2
97910 0
97911 2
97912 0
97913 3
97914 1
97915 1
97916 1
97917 4
97918 0
97919 9
97920 30
97921 28
97922 4
97923 3
97924 1
97925 2
97926 0
97927 2
97928 2
97929 6
97930 7
97931 5
97932 4
97933 1
97934 1
97935 1
97936 3
97937 0
97938 1
97939 0
97940 0
97941 1
97942 3
97943 5
97944 4
97945 1
97946 2
97947 1
97948 0
97949 0
97950 0
97951 1
97952 1
97953 1
97954 4
97955 3
97956 6
97957 1
97958 1
97959 1
97960 1
97961 1
97962 0
97963 5
97964 1
97965 2
97966 3
97967 11
97968 10
97969 55
97970 3
97971 0
97972 0
97973 8
97974 3
97975 0
97976 3
97977 2
97978 1
97979 1
97980 2
97981 1
97982 0
97983 0
97984 3
97985 1
97986 6
97987 8
97988 3
97989 2
97990 2
97991 1
97992 0
97993 0
97994 1
97995 0
97996 1
97997 1
97998 2
97999 2
98000 19
98001 1
98002 5
98003 2
98004 1
98005 0
98006 0
98007 2
98008 0
98009 6
98010 9
98011 2
98012 1
98013 1
98014 3
98015 0
98016 1
98017 5
98018 0
98019 1
98020 5
98021 4
98022 3
98023 4
98024 1
98025 4
98026 0
98027 1
98028 5
98029 0
98030 1
98031 1
98032 6
98033 0
98034 2
98035 0
98036 0
98037 3
98038 1
98039 5
98040 7
98041 4
98042 2
98043 3
98044 0
98045 2
98046 2
98047 6
98048 15
98049 1
98050 2
98051 2
98052 10
98053 3
98054 1
98055 6
98056 4
98057 3
98058 2
98059 1
98060 0
98061 1
98062 1
98063 0
98064 7
98065 0
98066 1
98067 2
98068 2
98069 2
98070 2
98071 2
98072 2
98073 3
98074 2
98075 4
98076 1
98077 0
98078 0
98079 1
98080 4
98081 4
98082 0
98083 0
98084 2
98085 4
98086 5
98087 0
98088 0
98089 1
98090 1
98091 2
98092 0
98093 2
98094 0
98095 1
98096 0
98097 1
98098 7
98099 4
98100 6
98101 6
98102 1
98103 3
98104 0
98105 3
98106 3
98107 2
98108 4
98109 3
98110 2
98111 1
98112 8
98113 0
98114 2
98115 1
98116 0
98117 3
98118 1
98119 2
98120 0
98121 2
98122 2
98123 6
98124 9
98125 7
98126 4
98127 1
98128 0
98129 4
98130 0
98131 1
98132 3
98133 1
98134 1
98135 1
98136 1
98137 5
98138 0
98139 1
98140 0
98141 3
98142 4
98143 2
98144 1
98145 6
98146 2
98147 0
98148 1
98149 1
98150 1
98151 0
98152 1
98153 1
98154 2
98155 1
98156 1
98157 1
98158 1
98159 3
98160 4
98161 2
98162 3
98163 1
98164 3
98165 1
98166 3
98167 4
98168 1
98169 1
98170 0
98171 3
98172 3
98173 3
98174 5
98175 19
98176 13
98177 1
98178 4
98179 2
98180 0
98181 0
98182 2
98183 2
98184 0
98185 1
98186 1
98187 0
98188 1
98189 3
98190 5
98191 3
98192 2
98193 3
98194 0
98195 0
98196 1
98197 2
98198 4
98199 1
98200 2
98201 1
98202 3
98203 0
98204 0
98205 1
98206 0
98207 4
98208 18
98209 54
98210 6
98211 2
98212 0
98213 0
98214 2
98215 2
98216 1
98217 2
98218 0
98219 1
98220 4
98221 3
98222 1
98223 0
98224 4
98225 2
98226 5
98227 2
98228 0
98229 2
98230 5
98231 1
98232 1
98233 2
98234 0
98235 0
98236 1
98237 2
98238 3
98239 1
98240 1
98241 2
98242 3
98243 1
98244 2
98245 2
98246 3
98247 0
98248 1
98249 0
98250 3
98251 4
98252 0
98253 9
98254 4
98255 1
98256 5
98257 2
98258 1
98259 0
98260 1
98261 2
98262 2
98263 0
98264 0
98265 3
98266 2
98267 2
98268 0
98269 0
98270 0
98271 5
98272 2
98273 3
98274 3
98275 3
98276 3
98277 2
98278 4
98279 4
98280 99
98281 5
98282 5
98283 1
98284 2
98285 1
98286 5
98287 3
98288 9
98289 7
98290 9
98291 3
98292 9
98293 5
98294 2
98295 1
98296 5
98297 8
98298 3
98299 12
98300 6
98301 14
98302 10
98303 50
98304 277
98305 36
98306 12
98307 11
98308 7
98309 4
98310 6
98311 6
98312 4
98313 6
98314 3
98315 2
98316 3
98317 9
98318 3
98319 3
98320 3
98321 10
98322 1
98323 3
98324 2
98325 2
98326 3
98327 2
98328 4
98329 2
98330 9
98331 0
98332 3
98333 1
98334 0
98335 1
98336 14
98337 1
98338 0
98339 1
98340 2
98341 0
98342 6
98343 5
98344 0
98345 13
98346 7
98347 4
98348 2
98349 0
98350 1
98351 2
98352 2
98353 3
98354 1
98355 0
98356 4
98357 0
98358 1
98359 3
98360 0
98361 1
98362 1
98363 1
98364 1
98365 2
98366 3
98367 6
98368 5
98369 3
98370 2
98371 4
98372 3
98373 1
98374 4
98375 3
98376 6
98377 2
98378 0
98379 0
98380 5
98381 1
98382 1
98383 0
98384 3
98385 4
98386 1
98387 4
98388 2
98389 19
98390 1
98391 0
98392 2
98393 0
98394 1
98395 0
98396 1
98397 1
98398 1
98399 0
98400 10
98401 4
98402 2
98403 0
98404 0
98405 1
98406 6
98407 4
98408 3
98409 2
98410 5
98411 4
98412 1
98413 3
98414 4
98415 46
98416 4
98417 2
98418 2
98419 7
98420 4
98421 1
98422 2
98423 1
98424 3
98425 4
98426 2
98427 1
98428 3
98429 0
98430 4
98431 4
98432 12
98433 2
98434 2
98435 1
98436 3
98437 2
98438 5
98439 1
98440 4
98441 0
98442 8
98443 3
98444 1
98445 3
98446 3
98447 1
98448 4
98449 1
98450 1
98451 0
98452 0
98453 1
98454 1
98455 3
98456 2
98457 0
98458 4
98459 1
98460 0
98461 1
98462 4
98463 1
98464 3
98465 1
98466 6
98467 8
98468 2
98469 5
98470 3
98471 2
98472 3
98473 3
98474 1
98475 3
98476 3
98477 1
98478 1
98479 7
98480 1
98481 3
98482 0
98483 2
98484 0
98485 1
98486 1
98487 2
98488 2
98489 2
98490 2
98491 7
98492 4
98493 2
98494 3
98495 1
98496 13
98497 3
98498 1
98499 1
98500 0
98501 1
98502 3
98503 0
98504 2
98505 4
98506 0
98507 2
98508 0
98509 0
98510 0
98511 1
98512 3
98513 1
98514 9
98515 5
98516 3
98517 0
98518 1
98519 6
98520 2
98521 4
98522 0
98523 0
98524 2
98525 3
98526 1
98527 0
98528 1
98529 1
98530 0
98531 1
98532 5
98533 5
98534 1
98535 2
98536 1
98537 0
98538 1
98539 0
98540 2
98541 3
98542 1
98543 3
98544 1
98545 0
98546 1
98547 4
98548 0
98549 2
98550 4
98551 1
98552 0
98553 4
98554 2
98555 0
98556 5
98557 0
98558 0
98559 0
98560 17
98561 8
98562 1
98563 7
98564 0
98565 1
98566 0
98567 2
98568 5
98569 2
98570 0
98571 3
98572 1
98573 8
98574 1
98575 5
98576 0
98577 4
98578 1
98579 0
98580 1
98581 2
98582 2
98583 0
98584 4
98585 1
98586 2
98587 2
98588 0
98589 0
98590 0
98591 1
98592 0
98593 0
98594 2
98595 5
98596 20
98597 15
98598 0
98599 2
98600 3
98601 0
98602 1
98603 0
98604 0
98605 16
98606 3
98607 1
98608 0
98609 1
98610 5
98611 2
98612 0
98613 0
98614 0
98615 1
98616 0
98617 1
98618 0
98619 0
98620 0
98621 4
98622 0
98623 2
98624 3
98625 1
98626 1
98627 3
98628 0
98629 1
98630 0
98631 5
98632 0
98633 0
98634 1
98635 1
98636 2
98637 0
98638 1
98639 2
98640 5
98641 11
98642 4
98643 1
98644 9
98645 2
98646 1
98647 0
98648 1
98649 0
98650 3
98651 1
98652 1
98653 1
98654 1
98655 1
98656 0
98657 3
98658 6
98659 0
98660 0
98661 3
98662 0
98663 1
98664 1
98665 2
98666 2
98667 1
98668 1
98669 6
98670 13
98671 9
98672 2
98673 1
98674 0
98675 0
98676 4
98677 1
98678 2
98679 0
98680 4
98681 2
98682 1
98683 1
98684 2
98685 4
98686 1
98687 4
98688 7
98689 31
98690 0
98691 0
98692 1
98693 0
98694 4
98695 0
98696 4
98697 1
98698 1
98699 3
98700 3
98701 1
98702 2
98703 1
98704 1
98705 4
98706 1
98707 2
98708 4
98709 0
98710 4
98711 4
98712 0
98713 4
98714 2
98715 3
98716 3
98717 3
98718 1
98719 0
98720 1
98721 1
98722 0
98723 1
98724 2
98725 0
98726 4
98727 0
98728 7
98729 2
98730 2
98731 12
98732 2
98733 2
98734 1
98735 4
98736 10
98737 4
98738 1
98739 2
98740 2
98741 4
98742 1
98743 0
98744 0
98745 1
98746 3
98747 1
98748 0
98749 0
98750 0
98751 4
98752 3
98753 4
98754 4
98755 1
98756 3
98757 1
98758 2
98759 2
98760 4
98761 2
98762 1
98763 4
98764 3
98765 16
98766 7
98767 2
98768 3
98769 4
98770 17
98771 2
98772 1
98773 1
98774 2
98775 1
98776 3
98777 0
98778 1
98779 6
98780 2
98781 0
98782 1
98783 1
98784 17
98785 1
98786 2
98787 2
98788 1
98789 5
98790 9
98791 2
98792 0
98793 2
98794 1
98795 2
98796 0
98797 3
98798 1
98799 1
98800 5
98801 13
98802 4
98803 0
98804 10
98805 1
98806 1
98807 1
98808 4
98809 3
98810 2
98811 0
98812 2
98813 0
98814 1
98815 0
98816 5
98817 2
98818 0
98819 0
98820 5
98821 3
98822 2
98823 0
98824 3
98825 1
98826 4
98827 3
98828 5
98829 2
98830 5
98831 2
98832 1
98833 0
98834 1
98835 1
98836 0
98837 8
98838 3
98839 3
98840 2
98841 1
98842 0
98843 0
98844 1
98845 1
98846 2
98847 3
98848 3
98849 4
98850 1
98851 0
98852 0
98853 4
98854 2
98855 2
98856 1
98857 1
98858 1
98859 0
98860 0
98861 1
98862 1
98863 1
98864 2
98865 7
98866 1
98867 4
98868 4
98869 6
98870 3
98871 1
98872 4
98873 4
98874 3
98875 3
98876 2
98877 1
98878 0
98879 1
98880 0
98881 3
98882 2
98883 2
98884 1
98885 1
98886 6
98887 9
98888 2
98889 2
98890 5
98891 1
98892 1
98893 12
98894 0
98895 1
98896 3
98897 12
98898 1
98899 16
98900 5
98901 9
98902 2
98903 2
98904 0
98905 0
98906 1
98907 1
98908 0
98909 11
98910 6
98911 12
98912 3
98913 1
98914 1
98915 1
98916 1
98917 1
98918 1
98919 4
98920 4
98921 0
98922 1
98923 3
98924 3
98925 1
98926 1
98927 4
98928 4
98929 5
98930 5
98931 1
98932 4
98933 2
98934 2
98935 0
98936 1
98937 0
98938 1
98939 0
98940 1
98941 3
98942 0
98943 1
98944 4
98945 2
98946 2
98947 4
98948 1
98949 0
98950 1
98951 0
98952 2
98953 4
98954 2
98955 0
98956 1
98957 5
98958 3
98959 1
98960 1
98961 3
98962 2
98963 1
98964 1
98965 2
98966 0
98967 1
98968 3
98969 3
98970 2
98971 0
98972 1
98973 1
98974 0
98975 4
98976 6
98977 3
98978 2
98979 4
98980 1
98981 6
98982 5
98983 0
98984 1
98985 0
98986 1
98987 0
98988 2
98989 5
98990 0
98991 1
98992 2
98993 3
98994 1
98995 3
98996 2
98997 3
98998 2
98999 37
99000 24
99001 9
99002 2
99003 0
99004 0
99005 3
99006 0
99007 2
99008 10
99009 9
99010 1
99011 1
99012 6
99013 6
99014 1
99015 3
99016 2
99017 1
99018 0
99019 1
99020 1
99021 3
99022 2
99023 2
99024 0
99025 0
99026 1
99027 0
99028 0
99029 2
99030 1
99031 3
99032 3
99033 0
99034 1
99035 2
99036 5
99037 0
99038 0
99039 0
99040 2
99041 2
99042 0
99043 6
99044 3
99045 3
99046 0
99047 1
99048 1
99049 1
99050 2
99051 4
99052 1
99053 0
99054 0
99055 2
99056 0
99057 4
99058 1
99059 0
99060 3
99061 1
99062 0
99063 2
99064 6
99065 2
99066 7
99067 1
99068 0
99069 2
99070 0
99071 0
99072 6
99073 0
99074 2
99075 0
99076 2
99077 2
99078 2
99079 4
99080 1
99081 2
99082 0
99083 0
99084 3
99085 4
99086 5
99087 2
99088 4
99089 5
99090 5
99091 3
99092 2
99093 3
99094 0
99095 0
99096 4
99097 1
99098 0
99099 11
99100 7
99101 8
99102 1
99103 5
99104 1
99105 0
99106 1
99107 0
99108 2
99109 4
99110 1
99111 2
99112 4
99113 1
99114 3
99115 0
99116 2
99117 0
99118 0
99119 11
99120 5
99121 0
99122 0
99123 3
99124 0
99125 9
99126 2
99127 10
99128 5
99129 0
99130 0
99131 4
99132 3
99133 6
99134 2
99135 1
99136 1
99137 9
99138 0
99139 3
99140 1
99141 2
99142 5
99143 3
99144 18
99145 2
99146 2
99147 5
99148 3
99149 5
99150 3
99151 3
99152 3
99153 1
99154 2
99155 2
99156 7
99157 1
99158 1
99159 1
99160 2
99161 3
99162 1
99163 2
99164 2
99165 1
99166 2
99167 1
99168 4
99169 2
99170 0
99171 2
99172 2
99173 4
99174 1
99175 0
99176 4
99177 3
99178 0
99179 4
99180 2
99181 5
99182 2
99183 2
99184 4
99185 1
99186 1
99187 0
99188 1
99189 0
99190 4
99191 7
99192 1
99193 5
99194 0
99195 1
99196 2
99197 2
99198 0
99199 15
99200 16
99201 1
99202 1
99203 1
99204 3
99205 2
99206 1
99207 0
99208 2
99209 3
99210 1
99211 1
99212 0
99213 1
99214 2
99215 2
99216 4
99217 0
99218 1
99219 0
99220 3
99221 9
99222 0
99223 7
99224 1
99225 104
99226 2
99227 1
99228 0
99229 1
99230 0
99231 2
99232 4
99233 3
99234 7
99235 5
99236 1
99237 1
99238 4
99239 3
99240 4
99241 3
99242 3
99243 2
99244 0
99245 5
99246 5
99247 1
99248 4
99249 1
99250 1
99251 3
99252 1
99253 1
99254 0
99255 4
99256 0
99257 0
99258 0
99259 2
99260 5
99261 1
99262 1
99263 0
99264 1
99265 1
99266 1
99267 7
99268 2
99269 5
99270 1
99271 3
99272 0
99273 1
99274 1
99275 2
99276 4
99277 2
99278 0
99279 0
99280 3
99281 0
99282 2
99283 0
99284 1
99285 0
99286 1
99287 3
99288 3
99289 6
99290 5
99291 2
99292 2
99293 2
99294 2
99295 6
99296 4
99297 1
99298 2
99299 8
99300 2
99301 2
99302 4
99303 3
99304 0
99305 0
99306 1
99307 0
99308 0
99309 3
99310 0
99311 0
99312 1
99313 1
99314 3
99315 0
99316 0
99317 2
99318 0
99319 1
99320 3
99321 0
99322 2
99323 2
99324 2
99325 1
99326 1
99327 3
99328 8
99329 1
99330 16
99331 3
99332 1
99333 4
99334 0
99335 0
99336 4
99337 2
99338 1
99339 0
99340 1
99341 1
99342 2
99343 3
99344 5
99345 2
99346 0
99347 5
99348 1
99349 0
99350 3
99351 4
99352 1
99353 1
99354 1
99355 1
99356 1
99357 2
99358 0
99359 5
99360 15
99361 1
99362 2
99363 3
99364 0
99365 2
99366 2
99367 13
99368 1
99369 1
99370 0
99371 9
99372 3
99373 2
99374 1
99375 5
99376 5
99377 6
99378 2
99379 1
99380 4
99381 3
99382 1
99383 0
99384 4
99385 4
99386 5
99387 0
99388 2
99389 0
99390 2
99391 5
99392 2
99393 3
99394 0
99395 2
99396 3
99397 2
99398 0
99399 6
99400 2
99401 7
99402 0
99403 1
99404 1
99405 3
99406 0
99407 5
99408 4
99409 4
99410 2
99411 1
99412 6
99413 1
99414 2
99415 2
99416 2
99417 0
99418 0
99419 2
99420 4
99421 1
99422 0
99423 2
99424 1
99425 2
99426 1
99427 1
99428 7
99429 1
99430 0
99431 2
99432 3
99433 0
99434 1
99435 2
99436 1
99437 4
99438 0
99439 4
99440 2
99441 3
99442 3
99443 6
99444 0
99445 2
99446 1
99447 0
99448 1
99449 2
99450 11
99451 6
99452 52
99453 1
99454 1
99455 5
99456 9
99457 7
99458 5
99459 3
99460 1
99461 1
99462 3
99463 14
99464 4
99465 0
99466 1
99467 1
99468 2
99469 7
99470 2
99471 2
99472 3
99473 2
99474 1
99475 3
99476 3
99477 0
99478 0
99479 1
99480 1
99481 5
99482 1
99483 9
99484 9
99485 0
99486 2
99487 2
99488 2
99489 0
99490 0
99491 0
99492 2
99493 2
99494 1
99495 1
99496 4
99497 3
99498 1
99499 13
99500 6
99501 8
99502 1
99503 1
99504 4
99505 1
99506 0
99507 0
99508 1
99509 1
99510 3
99511 0
99512 0
99513 0
99514 2
99515 4
99516 3
99517 1
99518 1
99519 2
99520 1
99521 1
99522 1
99523 8
99524 3
99525 2
99526 1
99527 3
99528 7
99529 4
99530 0
99531 2
99532 10
99533 0
99534 1
99535 0
99536 3
99537 0
99538 1
99539 1
99540 11
99541 4
99542 1
99543 4
99544 0
99545 0
99546 1
99547 1
99548 2
99549 1
99550 3
99551 12
99552 2
99553 2
99554 5
99555 1
99556 2
99557 1
99558 1
99559 11
99560 4
99561 1
99562 0
99563 1
99564 1
99565 0
99566 0
99567 3
99568 4
99569 0
99570 0
99571 1
99572 0
99573 0
99574 0
99575 0
99576 5
99577 1
99578 1
99579 0
99580 5
99581 2
99582 2
99583 1
99584 7
99585 7
99586 2
99587 3
99588 1
99589 1
99590 1
99591 0
99592 0
99593 2
99594 3
99595 2
99596 1
99597 2
99598 2
99599 5
99600 8
99601 2
99602 0
99603 2
99604 3
99605 0
99606 1
99607 1
99608 0
99609 1
99610 1
99611 7
99612 1
99613 0
99614 2
99615 1
99616 1
99617 0
99618 0
99619 2
99620 1
99621 3
99622 0
99623 3
99624 1
99625 3
99626 1
99627 1
99628 0
99629 2
99630 8
99631 8
99632 2
99633 2
99634 4
99635 0
99636 1
99637 0
99638 0
99639 3
99640 4
99641 3
99642 6
99643 4
99644 5
99645 6
99646 2
99647 0
99648 6
99649 5
99650 3
99651 4
99652 1
99653 1
99654 3
99655 2
99656 1
99657 5
99658 5
99659 0
99660 4
99661 4
99662 2
99663 2
99664 2
99665 3
99666 5
99667 3
99668 2
99669 3
99670 0
99671 6
99672 2
99673 3
99674 3
99675 1
99676 0
99677 2
99678 2
99679 3
99680 2
99681 5
99682 5
99683 3
99684 2
99685 1
99686 0
99687 0
99688 4
99689 9
99690 3
99691 3
99692 0
99693 4
99694 1
99695 1
99696 5
99697 2
99698 6
99699 4
99700 10
99701 1
99702 1
99703 1
99704 4
99705 2
99706 1
99707 6
99708 2
99709 7
99710 0
99711 1
99712 3
99713 4
99714 0
99715 4
99716 2
99717 5
99718 2
99719 3
99720 3
99721 10
99722 3
99723 2
99724 0
99725 1
99726 2
99727 2
99728 2
99729 0
99730 3
99731 1
99732 1
99733 6
99734 7
99735 1
99736 2
99737 2
99738 1
99739 2
99740 0
99741 2
99742 1
99743 2
99744 6
99745 2
99746 1
99747 2
99748 2
99749 0
99750 1
99751 1
99752 2
99753 3
99754 1
99755 0
99756 2
99757 2
99758 3
99759 2
99760 2
99761 1
99762 0
99763 1
99764 1
99765 1
99766 0
99767 6
99768 0
99769 0
99770 1
99771 2
99772 1
99773 2
99774 4
99775 3
99776 2
99777 1
99778 1
99779 2
99780 2
99781 0
99782 1
99783 2
99784 3
99785 1
99786 0
99787 4
99788 4
99789 4
99790 0
99791 0
99792 25
99793 4
99794 1
99795 5
99796 2
99797 1
99798 4
99799 7
99800 4
99801 2
99802 1
99803 4
99804 0
99805 1
99806 1
99807 3
99808 8
99809 3
99810 1
99811 1
99812 1
99813 1
99814 2
99815 1
99816 1
99817 2
99818 0
99819 1
99820 8
99821 2
99822 3
99823 2
99824 1
99825 5
99826 3
99827 1
99828 2
99829 4
99830 1
99831 1
99832 2
99833 3
99834 1
99835 1
99836 2
99837 0
99838 0
99839 5
99840 18
99841 5
99842 2
99843 1
99844 1
99845 1
99846 2
99847 2
99848 0
99849 1
99850 3
99851 6
99852 1
99853 1
99854 0
99855 2
99856 30
99857 7
99858 16
99859 6
99860 4
99861 4
99862 4
99863 3
99864 7
99865 3
99866 3
99867 1
99868 3
99869 1
99870 1
99871 3
99872 6
99873 3
99874 1
99875 5
99876 2
99877 4
99878 5
99879 6
99880 15
99881 7
99882 2
99883 0
99884 2
99885 0
99886 1
99887 1
99888 3
99889 9
99890 2
99891 5
99892 4
99893 3
99894 1
99895 1
99896 2
99897 1
99898 1
99899 10
99900 21
99901 10
99902 2
99903 0
99904 4
99905 13
99906 1
99907 7
99908 1
99909 5
99910 3
99911 2
99912 3
99913 4
99914 1
99915 0
99916 3
99917 1
99918 6
99919 5
99920 1
99921 2
99922 3
99923 3
99924 2
99925 2
99926 0
99927 3
99928 4
99929 21
99930 5
99931 1
99932 6
99933 5
99934 4
99935 4
99936 13
99937 12
99938 0
99939 3
99940 3
99941 2
99942 2
99943 0
99944 6
99945 5
99946 5
99947 3
99948 1
99949 3
99950 5
99951 1
99952 4
99953 0
99954 4
99955 4
99956 4
99957 0
99958 1
99959 5
99960 20
99961 11
99962 3
99963 3
99964 5
99965 2
99966 0
99967 1
99968 11
99969 2
99970 10
99971 3
99972 6
99973 1
99974 0
99975 9
99976 6
99977 0
99978 3
99979 1
99980 5
99981 3
99982 1
99983 0
99984 4
99985 4
99986 2
99987 5
99988 2
99989 29
99990 24
99991 52
99992 9
99993 6
99994 11
99995 23
99996 15
99997 22
99998 29
99999 139
100000 591
