    5   0.936409
    7   1.004916
   11   0.666769
   13   1.020253
   17   0.865333
   19   0.971304
   23   0.973057
   29   0.961485
   31   1.066486
   37   1.045521
   41   1.012699
   43   0.986325
   47   0.981969
   53   1.003470
   59   0.919462
   61   0.933908
   67   0.965931
   71   0.999975
   73   1.118262
   79   0.991347
   83   1.013408
   89   1.224009
   97   1.141458
  101   1.113210
  103   1.017099
  107   0.967625
  109   1.015400
  113   1.122013
  127   1.108792
  131   1.248689
  137   1.166388
  139   1.039932
  149   1.035943
  151   1.190025
  157   1.256170
  163   1.112607
  167   1.040499
  173   1.203532
  179   1.105820
  181   1.379857
  191   1.254324
  193   1.138236
  197   1.125821
  199   1.339108
  211   1.465470
  223   1.295362
  227   1.209191
  229   1.273717
  233   1.562462
  239   1.302278
  241   1.294100
  251   1.405720
  257   1.278046
  263   1.406718
  269   1.555017
  271   1.403539
  277   1.783087
  281   1.484948
  283   1.391928
  293   1.422971
  307   1.596518
  311   1.789775
  313   1.611872
  317   1.347122
  331   1.715308
  337   1.632453
  347   1.514375
  349   1.467236
  353   1.890992
  359   1.444444
  367   1.694142
  373   1.932708
  379   1.583881
  383   1.510135
  389   1.710412
  397   1.869535
  401   1.604137
  409   1.847157
  419   1.547440
  421   1.792392
  431   1.758638
  433   1.590239
  439   1.469355
  443   1.634780
  449   1.821712
  457   1.883234
  461   1.548621
  463   1.342277
  467   1.847599
  479   1.789673
  487   1.674525
  491   1.654346
  499   1.459348
  503   1.394069
  509   1.203516
  521   2.250958
  523   1.672411
  541   2.214426
  547   1.865267
  557   1.777451
  563   1.621754
  569   1.838915
  571   2.031910
  577   1.977932
  587   1.937419
  593   2.077395
  599   1.633519
  601   1.814883
  607   1.825904
  613   1.988358
  617   1.862822
  619   1.465249
  631   1.850919
  641   2.112280
  643   1.912130
  647   1.449411
  653   1.791170
  659   1.580829
  661   1.865480
  673   1.840000
  677   1.584463
  683   2.110139
  691   2.207172
  701   1.884921
  709   2.160535
  719   1.489847
  727   1.529022
  733   1.963410
  739   1.888104
  743   2.077968
  751   2.117182
  757   2.234358
  761   2.135210
  769   1.623578
  773   1.891830
  787   1.732488
  797   1.905285
  809   2.164848
  811   1.918836
  821   1.816143
  823   1.974536
  827   1.689397
  829   1.934033
  839   1.598201
  853   2.068856
  857   1.833267
  859   1.598824
  863   1.738077
  877   2.591977
  881   1.907456
  883   1.899797
  887   2.047258
  907   1.675480
  911   2.220312
  919   2.426050
  929   2.000420
  937   2.250768
  941   2.339234
  947   1.491505
  953   1.815797
  967   1.341120
  971   1.903506
  977   1.982636
  983   1.733652
  991   1.933109
  997   1.262142
 1009   1.935542
 1013   1.927260
 1019   1.905797
 1021   0.906624
 1031   1.968772
 1033   1.888227
 1039   1.849789
 1049   1.833504
 1051   1.650997
 1061   1.914791
 1063   2.032369
 1069   2.311790
 1087   1.571619
 1091   1.307002
 1093   2.327308
 1097   1.761292
 1103   1.416247
 1109   1.350877
 1117   2.106072
 1123   1.588581
 1129   2.395960
 1151   2.250422
 1153   1.315789
 1163   2.475237
 1171   2.150943
 1181   1.972680
 1187   1.785044
 1193   2.360331
 1201   2.734434
 1213   1.963457
 1217   1.737921
 1223   1.328094
 1229   2.278261
 1231   1.870998
 1237   2.224096
 1249   2.363853
 1259   1.885023
 1277   2.401584
 1279   1.278476
 1283   2.054726
 1289   2.142100
 1291   2.580099
 1297   1.527223
 1301   2.117212
 1303   1.932277
 1307   1.905569
 1319   1.780371
 1321   1.654637
 1327   1.708442
 1361   2.139845
 1367   1.160292
 1373   1.966170
 1381   2.257921
 1399   2.072368
 1409   2.250639
 1423   2.267267
 1427   1.843972
 1429   1.226347
 1433   2.198228
 1439   1.658336
 1447   1.697815
 1451   2.079092
 1453   1.903858
 1459   1.921246
 1471   2.651298
 1481   2.483887
 1483   1.714286
 1487   1.559197
 1489   2.046468
 1493   2.137255
 1499   2.106812
 1511   2.295725
 1523   1.801605
 1531   1.713128
 1543   1.621955
 1549   2.141555
 1553   1.969147
 1559   1.718716
 1567   1.885370
 1571   1.777669
 1579   1.788191
 1583   1.764410
 1597   3.687030
 1601   2.118681
 1607   2.443609
 1609   2.158297
 1613   2.328819
 1619   1.904762
 1621   1.983215
 1627   1.907669
 1637   2.053459
 1657   2.487045
 1663   1.780488
 1667   2.017131
 1669   1.394737
 1693   1.808734
 1697   2.329545
 1699   1.774920
 1709   1.983117
 1721   1.579020
 1723   1.420690
 1733   1.284218
 1741   2.813013
 1747   2.268482
 1753   2.185762
 1759   1.523940
 1777   2.407080
 1783   1.693791
 1787   1.791625
 1789   1.659547
 1801   2.127768
 1811   2.393041
 1823   1.814503
 1831   2.605290
 1847   2.038835
 1861   2.562408
 1867   2.421731
 1871   1.610256
 1873   1.456334
 1877   1.864238
 1879   2.163441
 1889   1.999718
 1901   2.485139
 1907   2.121849
 1913   1.743934
 1931   2.474645
 1933   1.968243
 1949   1.847539
 1951   2.279202
 1973   2.394190
 1979   1.783019
 1987   2.042690
 1993   2.012729
 1997   1.876812
 1999   1.348495
 2003   1.672379
 2011   2.635188
 2017   1.529806
 2027   1.458401
 2029   2.147117
 2039   2.011456
 2053   0.987384
 2063   1.964844
 2069   2.357036
 2081   2.095263
 2083   2.705455
 2087   1.898135
 2089   2.447257
 2099   1.886522
 2111   2.606667
 2113   1.899934
 2129   2.438511
 2131   2.676123
 2137   2.813187
 2141   2.448675
 2143   1.850799
 2153   2.276402
 2161   2.516860
 2179   1.840781
 2203   1.831606
 2207   1.265381
 2213   1.903970
 2221   3.051972
 2237   2.455056
 2239   1.291331
 2243   2.100993
 2251   2.300982
 2267   2.242407
 2269   1.847411
 2273   1.985437
 2281   2.487685
 2287   2.211932
 2293   2.218124
 2297   1.783987
 2309   0.897874
 2311   2.146420
 2333   2.700592
 2339   2.034800
 2341   2.074364
 2347   1.954545
 2351   1.727468
 2357   2.715152
 2371   2.020364
 2377   2.035902
 2381   1.945312
 2383   2.365733
 2389   3.029630
 2393   2.677305
 2399   1.181602
 2411   2.414921
 2417   2.152709
 2423   1.888528
 2437   1.772390
 2441   1.927521
 2447   1.552201
 2459   2.086034
 2467   1.546512
 2473   1.786758
 2477   2.265537
 2503   1.791814
 2521   2.143710
 2531   2.047801
 2539   2.260606
 2543   2.387955
 2549   2.091566
 2551   2.342515
 2557   2.030070
 2579   1.755655
 2591   1.845272
 2593   1.718727
 2609   1.864407
 2617   2.444204
 2621   1.755127
 2633   1.789737
 2647   1.665345
 2657   2.409396
 2659   1.844720
 2663   1.536467
 2671   1.847773
 2677   2.505747
 2683   2.217454
 2687   1.108836
 2689   1.336735
 2693   2.090054
 2699   1.530742
 2707   1.433404
 2711   1.890909
 2713   2.113333
 2719   2.047424
 2729   1.537893
 2731   2.153571
 2741   1.404795
 2749   2.195773
 2753   1.952468
 2767   1.513895
 2777   1.996441
 2789   2.350226
 2791   2.198425
 2797   2.350801
 2801   1.974963
 2803   1.360041
 2819   1.928092
 2833   2.146608
 2837   1.698646
 2843   2.281481
 2851   2.243056
 2857   2.691154
 2861   2.251765
 2879   2.039309
 2887   2.007194
 2897   2.330935
 2903   1.878594
 2909   1.837793
 2917   2.098352
 2927   2.197368
 2939   2.130391
 2953   2.660584
 2957   2.204969
 2963   1.839623
 2969   1.899094
 2971   2.708333
 2999   2.668562
 3001   1.404642
 3011   2.324944
 3019   2.017241
 3023   1.417138
 3037   2.407595
 3041   2.170213
 3049   2.280265
 3061   2.453271
 3067   1.341914
 3079   1.822581
 3083   1.877863
 3089   2.416437
 3109   2.251042
 3119   2.196923
 3121   1.523421
 3137   2.606973
 3163   2.037275
 3167   1.913136
 3169   2.258065
 3181   2.922311
 3187   1.449086
 3191   2.030354
 3203   1.655749
 3209   1.909856
 3217   2.736518
 3221   2.604527
 3229   1.874106
 3251   1.899710
 3253   2.275862
 3257   1.985201
 3259   2.220852
 3271   1.820381
 3299   3.006682
 3301   2.164134
 3307   2.905363
 3313   2.474026
 3319   2.347561
 3323   2.187500
 3329   2.207715
 3331   2.242938
 3343   2.528587
 3347   2.516129
 3359   1.451275
 3361   1.262691
 3371   1.752665
 3373   1.996086
 3389   2.576058
 3391   2.780702
 3407   1.755937
 3413   2.579238
 3433   2.770841
 3449   2.506849
 3457   1.645469
 3461   2.496835
 3463   1.165663
 3467   1.120116
 3469   1.886036
 3491   1.537415
 3499   2.349235
 3511   3.312232
 3517   1.979753
 3527   2.101322
 3529   1.670819
 3533   2.367491
 3539   2.458182
 3541   2.507692
 3547   1.922261
 3557   2.116071
 3559   1.905710
 3571   3.424460
 3581   2.544861
 3583   1.975976
 3593   1.492462
 3607   1.015770
 3613   2.585366
 3617   3.161905
 3623   2.009346
 3631   2.580060
 3637   1.794189
 3643   1.565143
 3659   2.242542
 3671   2.350365
 3673   1.512295
 3677   1.961538
 3691   3.061224
 3697   1.950207
 3701   2.115445
 3709   1.771513
 3719   1.835196
 3727   2.186890
 3733   3.397727
 3739   1.992126
 3761   2.160906
 3767   2.773333
 3769   1.762115
 3779   1.797542
 3793   2.306050
 3797   2.049743
 3803   2.543119
 3821   2.715909
 3823   2.055090
 3833   2.063058
 3847   1.121034
 3851   2.203390
 3853   2.176565
 3863   2.580167
 3877   1.575198
 3881   2.107527
 3889   2.392332
 3907   2.296070
 3911   2.210744
 3917   2.251121
 3919   1.850000
 3923   1.964286
 3929   1.834061
 3931   2.386364
 3943   2.333333
 3947   2.378378
 3967   1.960778
 3989   2.176765
 4001   2.595661
 4003   1.066566
 4007   1.937008
 4013   2.611511
 4019   1.923937
 4021   2.056075
 4027   1.537449
 4049   2.736518
 4051   2.735967
 4057   2.180180
 4073   2.452156
 4079   1.927985
 4091   2.594828
 4093   0.271527
 4099   0.582117
 4111   3.134969
 4127   2.076923
 4129   2.063492
 4133   2.409274
 4139   1.707865
 4153   2.761777
 4157   1.840909
 4159   2.486011
 4177   2.384174
 4201   3.064950
 4211   2.514851
 4217   2.931129
 4219   1.544174
 4229   1.255000
 4231   2.223256
 4241   3.143911
 4243   2.338798
 4253   2.326648
 4259   1.953271
 4261   2.551867
 4271   2.422594
 4273   2.230483
 4283   1.865569
 4289   1.890625
 4297   2.635690
 4327   1.528000
 4337   2.247232
 4339   2.462777
 4349   1.937378
 4357   2.179245
 4363   1.530201
 4373   1.833828
 4391   1.876448
 4397   2.247286
 4409   2.377740
 4421   2.046404
 4423   2.977191
 4441   3.102244
 4447   2.471820
 4451   2.194805
 4457   1.982332
 4463   2.191726
 4481   3.008565
 4483   1.960503
 4493   1.417500
 4507   1.818182
 4513   2.436975
 4517   2.313901
 4519   2.408654
 4523   2.923757
 4547   2.115486
 4549   2.437393
 4561   2.376458
 4567   2.939774
 4583   2.550661
 4591   2.700576
 4597   2.258206
 4603   1.421801
 4621   1.992070
 4637   3.221053
 4639   1.491176
 4643   1.721470
 4649   2.762763
 4651   2.582278
 4657   2.523364
 4663   2.743243
 4673   2.195349
 4679   1.485687
 4691   2.610577
 4703   2.217949
 4721   2.556591
 4723   1.395785
 4729   3.582090
 4733   2.571049
 4751   2.465517
 4759   1.907650
 4783   2.415246
 4787   1.990909
 4789   2.071942
 4793   2.403846
 4799   1.450549
 4801   2.364444
 4813   2.098619
 4817   2.288660
 4831   2.630701
 4861   2.528172
 4871   2.565130
 4877   2.397976
 4889   2.331272
 4903   1.125475
 4909   1.342130
 4919   2.170000
 4931   2.112769
 4933   1.787755
 4937   2.337110
 4943   2.165984
 4951   2.146226
 4957   1.983022
 4967   2.393531
 4969   2.447059
 4973   2.212844
 4987   2.852234
 4993   2.142857
 4999   2.112676
 5003   0.934917
 5009   2.325581
 5011   2.285078
 5021   2.016393
 5023   2.283582
 5039   1.030189
 5051   2.292111
 5059   2.227700
 5077   2.361582
 5081   1.841463
 5087   2.736617
 5099   2.247082
 5101   1.776224
 5107   1.823899
 5113   2.836957
 5119   2.364238
 5147   2.232014
 5153   2.276536
 5167   2.690987
 5171   2.539130
 5179   0.982759
 5189   1.000000
 5197   1.785252
 5209   3.358696
 5227   2.480537
 5231   2.794286
 5233   3.258621
 5237   2.702326
 5261   1.911047
 5273   2.530120
 5279   1.510917
 5281   2.479720
 5297   2.071130
 5303   1.847255
 5309   2.062992
 5323   2.258206
 5333   2.167539
 5347   2.379310
 5351   2.012951
 5381   2.809172
 5387   2.990712
 5393   2.311224
 5399   1.348148
 5407   2.193133
 5413   2.640264
 5417   2.314286
 5419   3.864929
 5431   2.329225
 5437   2.324219
 5441   2.293436
 5443   2.194805
 5449   1.915344
 5471   1.100651
 5477   2.030457
 5479   1.797297
 5483   1.830853
 5501   3.405088
 5503   2.508621
 5507   2.140625
 5519   2.622912
 5521   2.490842
 5527   1.944444
 5531   1.954674
 5557   2.435821
 5563   1.696970
 5569   2.500000
 5573   2.261128
 5581   3.243243
 5591   2.871224
 5623   2.122699
 5639   2.552239
 5641   2.150000
 5647   2.792793
 5651   4.008000
 5653   2.516129
 5657   2.074890
 5659   2.154613
 5669   1.929515
 5683   2.254025
 5689   3.333333
 5693   2.168675
 5701   3.171079
 5711   3.060870
 5717   2.219512
 5737   2.678414
 5741   3.502203
 5743   2.313043
 5749   1.729153
 5779   1.754587
 5783   2.140127
 5791   1.863905
 5801   1.642738
 5807   2.074468
 5813   2.422392
 5821   1.529981
 5827   0.783564
 5839   2.138947
 5843   1.965517
 5849   2.988506
 5851   2.395280
 5857   2.568966
 5861   2.067138
 5867   2.452261
 5869   3.081712
 5879   1.797834
 5881   1.983759
 5897   2.917004
 5903   1.545018
 5923   2.335135
 5927   1.368116
 5939   2.537349
 5953   3.302498
 5981   2.051044
 5987   1.292323
 6007   1.778138
 6011   2.514286
 6029   2.066358
 6037   2.639731
 6043   2.317073
 6047   0.870445
 6053   2.161654
 6067   2.207294
 6073   1.650655
 6079   1.533512
 6089   1.298578
 6091   1.808411
 6101   2.440571
 6113   2.328767
 6121   2.556213
 6131   2.582524
 6133   2.474576
 6143   1.455564
 6151   1.794479
 6163   2.224377
 6173   2.634748
 6197   2.449794
 6199   1.389908
 6203   2.368421
 6211   3.119171
 6217   2.079365
 6221   2.484211
 6229   2.568627
 6247   0.996970
 6257   2.621359
 6263   2.513514
 6269   2.321429
 6271   1.539130
 6277   2.332425
 6287   1.709738
 6299   1.874613
 6301   1.305405
 6311   2.651934
 6317   2.375367
 6323   1.644028
 6329   2.589041
 6337   2.194030
 6343   2.054321
 6353   2.416862
 6359   2.392857
 6361   2.310469
 6367   2.038997
 6373   2.005479
 6379   2.408163
 6389   2.004367
 6397   1.611511
 6421   2.941617
 6427   1.689236
 6449   3.189627
 6451   2.747748
 6469   2.387460
 6473   2.032895
 6481   2.779412
 6491   2.546468
 6521   2.357518
 6529   2.211422
 6547   1.865600
 6551   1.122951
 6553   1.743066
 6563   0.675350
 6569   2.761506
 6571   2.482759
 6577   2.567050
 6581   2.612500
 6599   2.039779
 6607   2.096774
 6619   1.724138
 6637   2.301154
 6653   2.104938
 6659   1.712418
 6661   2.372287
 6673   2.007968
 6679   2.644628
 6689   2.830986
 6691   2.417266
 6701   1.724138
 6703   2.638298
 6709   2.470255
 6719   1.279053
 6733   2.383877
 6737   3.274401
 6761   3.450147
 6763   1.331058
 6779   2.971698
 6781   1.714286
 6791   1.870370
 6793   2.493506
 6803   2.163995
 6823   1.392713
 6827   2.041096
 6829   2.553719
 6833   2.774436
 6841   2.988142
 6857   1.463617
 6863   1.450237
 6869   3.000000
 6871   1.812183
 6883   1.587879
 6899   2.766169
 6907   2.094545
 6911   0.936533
 6917   2.127273
 6947   2.471042
 6949   2.125392
 6959   2.417647
 6961   2.364261
 6967   2.577093
 6971   2.157258
 6977   2.047297
 6983   2.364865
 6991   2.656028
 6997   2.442748
 7001   2.011257
 7013   2.450893
 7019   1.711491
 7027   2.329843
 7039   2.223377
 7043   2.578652
 7057   2.726695
 7069   2.169323
 7079   2.618687
 7103   1.998626
 7109   2.017937
 7121   2.868132
 7127   2.186667
 7129   2.285714
 7151   2.034700
 7159   1.430318
 7177   2.256071
 7187   2.470588
 7193   1.604478
 7207   0.933962
 7211   2.330935
 7213   2.021053
 7219   1.630252
 7229   1.620536
 7237   1.755932
 7243   1.341912
 7247   2.086777
 7253   3.427430
 7283   1.935368
 7297   2.270270
 7307   2.409266
 7309   1.706150
 7321   3.316479
 7331   3.011765
 7333   3.201681
 7349   2.353293
 7351   2.899160
 7369   1.979736
 7393   2.095238
 7411   3.205128
 7417   2.089076
 7433   2.377358
 7451   1.925926
 7457   2.708075
 7459   2.701299
 7477   3.550000
 7481   2.205240
 7487   1.735849
 7489   1.852090
 7499   1.859649
 7507   2.872340
 7517   2.467290
 7523   2.929688
 7529   2.010638
 7537   2.973214
 7541   2.833333
 7547   2.712644
 7549   2.096070
 7559   1.081515
 7561   1.314229
 7573   1.738490
 7577   2.753304
 7583   1.720000
 7589   2.064516
 7591   2.521886
 7603   1.962667
 7607   2.550000
 7621   2.149618
 7639   2.514286
 7643   1.594488
 7649   2.106897
 7669   2.105660
 7673   2.458150
 7681   1.445902
 7687   2.230216
 7691   2.232558
 7699   1.719101
 7703   2.670623
 7717   3.556701
 7723   2.336449
 7727   2.729508
 7741   1.735261
 7753   1.884170
 7757   3.161538
 7759   2.158554
 7789   1.209777
 7793   2.121212
 7817   2.101248
 7823   2.336066
 7829   2.379939
 7841   3.719008
 7853   2.383333
 7867   3.244838
 7873   2.179931
 7877   2.004098
 7879   2.462687
 7883   2.456057
 7901   2.953846
 7907   2.463977
 7919   1.189139
 7927   2.289963
 7933   2.005208
 7937   1.873874
 7949   3.264574
 7951   1.657895
 7963   2.523364
 7993   1.809927
 8009   1.778934
 8011   4.235294
 8017   1.982517
 8039   2.567647
 8053   2.045455
 8059   1.041860
 8069   1.847769
 8081   4.290323
 8087   1.690909
 8089   2.589928
 8093   2.037736
 8101   2.109756
 8111   3.288889
 8117   1.662050
 8123   1.171251
 8147   1.897686
 8161   2.469136
 8167   2.881356
 8171   2.451923
 8179   2.054329
 8191   4.279125
 8209   2.931129
 8219   2.344371
 8221   2.780488
 8231   1.747059
 8233   1.904192
 8237   2.270115
 8243   2.286299
 8263   1.746875
 8269   3.609272
 8273   2.379052
 8287   1.278107
 8291   2.848485
 8293   1.546012
 8297   2.291925
 8311   2.960526
 8317   1.846154
 8329   2.688679
 8353   3.028892
 8363   2.176322
 8369   1.812950
 8377   2.153374
 8387   1.847682
 8389   1.918033
 8419   2.241758
 8423   1.589958
 8429   1.953488
 8431   1.879195
 8443   2.887967
 8447   1.806950
 8461   1.560150
 8467   2.614841
 8501   2.835616
 8513   2.885154
 8521   2.934498
 8527   2.553846
 8537   2.197183
 8539   1.805556
 8543   2.540816
 8563   1.857367
 8573   1.283168
 8581   2.705882
 8597   3.022388
 8599   2.190000
 8609   3.166227
 8623   1.842105
 8627   1.837209
 8629   2.262009
 8641   1.821114
 8647   1.673560
 8663   2.494536
 8669   2.540741
 8677   2.982857
 8681   2.585106
 8689   2.953368
 8693   1.855670
 8699   2.456604
 8707   1.708333
 8713   2.181818
 8719   2.410169
 8731   3.013393
 8737   1.346749
 8741   1.989529
 8747   1.082873
 8753   1.669231
 8761   3.137931
 8779   2.507067
 8783   2.045175
 8803   3.066667
 8807   3.044248
 8819   2.248175
 8821   1.709924
 8831   1.695522
 8837   1.766423
 8839   2.015625
 8849   1.936957
 8861   1.661616
 8863   1.756757
 8867   2.551402
 8887   3.001698
 8893   2.833631
 8923   1.393805
 8929   2.690217
 8933   2.319588
 8941   2.474104
 8951   2.368732
 8963   1.334928
 8969   2.807453
 8971   2.632541
 8999   3.537201
 9001   1.816024
 9007   1.306991
 9011   1.088415
 9013   2.850932
 9029   1.809231
 9041   3.225490
 9043   1.916667
 9049   3.686957
 9059   2.687919
 9067   1.535844
 9091   6.000000
 9103   2.563636
 9109   3.341404
 9127   1.835294
 9133   1.666667
 9137   2.016509
 9151   2.408027
 9157   3.964286
 9161   3.207373
 9173   3.097643
 9181   1.988406
 9187   1.771429
 9199   3.781818
 9203   2.322581
 9209   2.427273
 9221   0.873967
 9227   1.741935
 9239   1.121986
 9241   1.885375
 9257   1.630355
 9277   2.808511
 9281   1.760479
 9283   2.179688
 9293   2.583333
 9311   3.548309
 9319   1.686833
 9323   2.224432
 9337   2.051282
 9341   1.980583
 9343   2.191781
 9349   4.630934
 9371   1.339623
 9377   1.755556
 9391   2.192691
 9397   2.586207
 9403   1.575448
 9413   1.340171
 9419   3.100775
 9421   1.980861
 9431   3.396226
 9433   3.375000
 9437   2.032258
 9439   2.598870
 9461   1.865285
 9463   2.142857
 9467   2.115385
 9473   1.741935
 9479   2.224432
 9491   2.361217
 9497   1.632231
 9511   1.766871
 9521   2.585132
 9533   2.728507
 9539   2.911215
 9547   2.650307
 9551   4.409938
 9587   3.413524
 9601   1.911280
 9613   2.795455
 9619   3.225806
 9623   2.253521
 9629   2.941176
 9631   2.586345
 9643   3.208696
 9649   3.430493
 9661   3.602709
 9677   3.534247
 9679   2.502513
 9689   3.009646
 9697   2.522361
 9719   2.492872
 9721   1.794872
 9733   1.608000
 9739   3.043478
 9743   1.551724
 9749   3.136000
 9767   2.262570
 9769   3.298077
 9781   2.101167
 9787   1.904762
 9791   1.982709
 9803   1.036662
 9811   2.660000
 9817   2.772512
 9829   2.285714
 9833   2.420382
 9839   1.322034
 9851   2.571429
 9857   1.750000
 9859   3.114833
 9871   2.259169
 9883   1.804714
 9887   2.605263
 9901   4.333333
 9907   2.294479
 9923   2.227160
 9929   4.142857
 9931   3.122449
 9941   2.308290
 9949   3.480549
 9967   2.923077
 9973   2.713287
10007   1.052830
10009   1.902748
10037   2.449597
10039   2.774566
10061   4.077320
10067   2.935780
10069   2.693878
10079   0.937258
10091   2.654275
10093   2.418605
10099   0.591623
10103   1.122172
10111   8.614058
10133   2.127807
10139   2.790698
10141   2.509091
10151   2.979730
10159   3.026087
10163   2.310606
10169   3.075758
10177   2.894118
10181   2.735931
10193   0.871249
10211   2.603306
10223   2.537313
10243   1.879310
10247   1.904762
10253   2.201005
10259   1.866667
10267   2.924051
10271   2.292135
10273   2.266667
10289   2.539216
10301   4.565217
10303   3.378641
10313   3.656250
10321   3.423913
10331   2.983051
10333   2.389381
10337   2.384106
10343   2.342007
10357   3.103226
10369   2.472727
10391   1.597870
10399   0.968215
10427   2.639198
10429   2.512500
10433   2.067885
10453   2.769231
10457   3.402439
10459   2.259259
10463   1.518072
10477   1.918367
10487   2.184116
10499   1.483444
10501   4.231013
10513   3.351515
10529   3.135246
10531   2.534722
10559   2.460938
10567   1.988950
10589   1.683673
10597   2.432432
10601   6.468254
10607   1.011390
10613   2.913386
10627   1.636364
10631   3.024793
10639   2.767857
10651   1.350000
10657   2.392405
10663   1.059113
10667   2.568562
10687   1.962264
10691   3.315603
10709   2.091153
10711   1.985075
10723   2.759434
10729   2.748092
10733   1.500000
10739   2.066667
10753   3.180328
10771   2.874172
10781   2.546341
10789   2.439560
10799   2.184564
10831   1.877246
10837   2.461538
10847   2.099010
10853   2.375000
10859   1.911765
10861   2.112000
10867   2.588235
10883   1.473684
10889   2.139535
10891   2.476415
10903   1.655518
10909   1.494505
10937   1.759113
10939   1.562500
10949   1.061256
10957   2.159292
10973   1.538860
10979   1.338926
10987   2.068966
10993   2.650888
11003   0.766766
11027   1.524954
11047   1.796407
11057   2.171779
11059   2.328358
11069   2.134969
11071   2.625000
11083   2.751592
11087   1.019608
11093   0.939590
11113   1.348604
11117   2.433962
11119   2.106195
11131   4.011299
11149   2.208451
11159   2.000000
11161   3.884211
11171   4.765957
11173   2.020408
11177   4.240283
11197   1.849541
11213   2.614570
11239   1.279264
11243   2.957746
11251   2.647273
11257   3.237705
11261   1.534527
11273   2.250000
11279   2.619883
11287   1.859504
11299   1.353846
11311   5.889518
11317   3.181818
11321   2.794118
11329   1.676829
11351   1.555012
11353   2.520000
11369   2.281796
11383   2.825939
11393   1.861386
11399   2.000000
11411   9.072000
11423   2.378049
11437   1.051454
11443   0.578035
11447   2.048140
11467   3.011583
11471   1.526718
11483   1.720137
11489   2.681818
11491   2.680851
11497   2.800000
11503   1.899281
11519   1.201878
11527   2.000000
11549   2.811989
11551   2.872340
11579   2.140777
11587   1.535865
11593   3.372093
11597   3.100000
11617   2.650307
11621   2.810811
11633   1.933594
11657   1.465271
11677   3.544304
11681   2.422360
11689   2.186441
11699   2.124402
11701   1.888889
11717   2.676471
11719   4.586207
11731   2.946619
11743   2.213703
11777   2.944046
11779   1.122302
11783   1.310976
11789   3.689441
11801   2.842105
11807   2.090323
11813   1.579646
11821   2.385475
11827   2.125000
11831   1.863158
11833   2.753247
11839   2.621951
11863   2.625000
11867   1.991266
11887   0.972414
11897   2.076923
11903   1.819149
11909   1.964912
11923   2.400000
11927   1.617647
11933   1.567164
11939   2.894737
11941   2.937500
11953   3.453488
11959   2.264151
11969   2.131148
11971   2.178771
11981   1.477477
11987   1.276074
12007   1.450549
12011   2.854758
12037   1.792683
12041   1.948052
12043   2.929577
12049   3.349020
12071   3.509881
12073   2.729537
12097   2.206379
12101   1.696203
12107   2.178571
12109   0.962687
12113   2.039106
12119   1.927195
12143   1.729323
12149   1.678733
12157   1.340426
12161   2.243478
12163   1.417500
12197   2.051282
12203   2.608696
12211   3.906250
12227   1.780172
12239   1.710098
12241   1.984436
12251   3.263736
12253   1.436620
12263   1.767442
12269   2.256198
12277   2.156250
12281   1.642586
12289   1.611570
12301   2.932314
12323   1.301408
12329   2.109705
12343   1.186047
12347   2.158470
12373   1.662371
12377   0.906667
12379   2.049724
12391   2.750000
12401   2.011765
12409   2.190476
12413   1.877551
12421   6.396761
12433   2.213592
12437   1.865285
12451   2.097561
12457   2.473896
12473   2.265918
12479   1.250951
12487   1.913043
12491   2.319588
12497   0.795181
12503   1.135693
12511   3.181818
12517   2.739726
12527   2.274038
12539   2.503030
12541   0.715909
12547   1.076923
12553   1.577869
12569   1.933884
12577   2.134752
12583   2.123077
12589   2.198864
12601   1.817717
12611   2.907692
12613   1.285714
12619   1.908127
12637   2.086957
12641   2.721088
12647   1.061728
12653   1.500000
12659   1.800000
12671   2.423077
12689   1.976000
12697   2.238372
12703   1.284404
12713   2.614865
12721   6.306931
12739   2.208835
12743   2.585635
12757   2.393617
12763   1.617391
12781   3.085714
12791   1.848649
12799   2.108108
12809   2.653509
12821   4.271186
12823   1.740741
12829   2.448529
12841   3.200000
12853   2.097345
12889   2.295720
12893   2.202381
12899   2.013699
12907   3.586207
12911   2.241379
12917   1.871560
12919   1.421053
12923   2.252381
12941   2.319079
12953   2.439759
12959   0.921630
12967   2.540323
12973   2.270270
12979   2.117647
12983   1.990476
13001   1.804124
13003   1.714286
13007   1.643836
13009   1.679587
13033   2.050704
13037   2.037037
13043   1.766871
13049   1.911765
13063   2.172840
13093   1.973262
13099   2.319588
13103   0.929204
13109   1.251479
13121   2.148980
13127   1.153680
13147   3.073892
13151   2.467290
13159   1.757143
13163   2.732143
13171   2.510345
13177   2.400000
13183   2.168142
13187   1.847826
13217   1.944304
13219   1.680000
13229   1.200000
13241   2.110553
13249   2.344186
13259   1.735426
13267   2.176871
13291   1.553398
13297   2.368421
13309   2.103093
13313   2.824138
13327   2.051471
13331   3.783784
13337   2.023529
13339   3.157895
13367   3.771619
13381   2.500000
13397   2.488479
13399   3.500000
13411   4.788991
13417   2.741935
13421   4.363636
13441   2.014134
13451   2.395939
13457   1.511278
13463   2.015267
13469   2.319018
13477   1.819149
13487   1.688596
13499   1.932432
13513   2.837438
13523   1.503916
13537   1.524823
13553   2.210031
13567   1.383178
13577   1.554656
13591   2.883436
13597   1.960396
13613   2.761134
13619   2.207692
13627   2.388889
13633   1.777778
13649   1.624390
13669   2.424242
13679   2.268293
13681   1.530201
13687   1.115702
13691   1.174603
13693   1.824742
13697   1.762115
13709   2.601770
13711   2.127273
13721   2.378698
13723   1.388889
13729   3.388535
13751   2.210526
13757   2.120482
13759   2.055556
13763   2.478022
13781   1.785942
13789   2.860465
13799   1.626923
13807   2.548263
13829   0.746818
13831   3.109756
13841   2.361446
13859   1.413497
13873   2.505682
13877   1.661538
13879   2.156250
13883   1.905941
13901   1.989529
13903   2.000000
13907   3.281250
13913   2.163636
13921   1.379562
13931   5.333333
13933   3.340067
13963   2.342949
13967   1.351282
13997   3.604743
13999   1.531915
14009   2.563107
14011   2.211538
14029   1.884462
14033   1.423077
14051   2.176744
14057   1.702128
14071   2.358079
14081   1.901639
14083   2.928571
14087   2.845361
14107   3.172205
14143   2.339241
14149   2.554348
14153   2.910448
14159   2.305195
14173   1.082474
14177   1.183562
14197   3.217054
14207   1.629630
14221   3.353612
14243   2.052632
14249   2.370370
14251   2.928814
14281   5.168514
14293   2.817734
14303   2.470588
14321   2.640000
14323   0.875912
14327   1.990385
14341   2.493075
14347   1.451505
14369   2.548077
14387   1.690821
14389   1.603053
14401   1.482890
14407   2.198795
14411   2.511628
14419   1.870588
14423   1.466667
14431   2.776860
14437   2.774194
14447   1.698113
14449   4.602740
14461   2.354260
14479   3.384615
14489   2.226244
14503   2.030075
14519   2.684825
14533   1.921875
14537   1.628788
14543   1.544554
14549   4.129032
14551   1.887640
14557   2.565789
14561   1.350000
14563   5.454545
14591   2.248062
14593   2.466443
14621   2.969178
14627   2.380952
14629   1.485714
14633   2.352941
14639   0.684080
14653   2.135593
14657   2.470588
14669   1.950000
14683   1.271186
14699   1.366995
14713   1.508380
14717   1.354167
14723   2.164474
14731   2.735632
14737   2.043011
14741   4.104478
14747   2.369748
14753   1.804878
14759   1.076923
14767   1.560000
14771   2.186916
14779   2.952381
14783   1.438144
14797   1.910828
14813   1.418719
14821   1.889571
14827   1.397849
14831   1.630769
14843   1.196581
14851   2.057143
14867   2.000000
14869   2.017241
14879   1.285714
14887   0.707317
14891   2.469136
14897   2.058480
14923   1.435897
14929   1.889764
14939   2.034247
14947   2.054054
14951   2.131148
14957   2.372093
14969   1.972763
14983   1.585586
15013   0.921687
15017   0.708253
15031   1.968750
15053   1.389776
15061   2.459016
15073   2.644628
15077   2.012987
15083   1.684211
15091   2.347826
15101   3.410853
15107   1.274510
15121   1.300493
15131   1.167464
15137   2.590909
15139   2.505495
15149   1.495146
15161   3.150838
15173   1.229091
15187   1.402715
15193   2.000000
15199   1.582418
15217   2.511211
15227   1.394872
15233   1.874016
15241   2.325688
15259   1.284672
15263   1.515152
15269   1.907692
15271   1.670886
15277   2.775510
15287   2.062500
15289   1.619632
15299   2.828571
15307   1.141304
15313   3.161290
15319   2.097087
15329   2.283186
15331   2.197802
15349   1.666667
15359   1.068750
15361   1.364903
15373   1.502762
15377   1.310044
15383   1.981132
15391   2.650685
15401   2.007018
15413   2.352941
15427   2.004975
15439   1.444444
15443   1.375000
15451   3.211055
15461   1.370370
15467   1.500000
15473   1.409639
15493   1.766234
15497   1.022082
15511   3.674352
15527   1.197719
15541   2.959641
15551   2.926650
15559   1.596774
15569   2.573099
15581   1.962121
15583   1.607143
15601   2.655319
15607   2.006757
15619   2.637427
15629   0.446178
15641   3.632075
15643   1.391304
15647   2.018182
15649   2.778626
15661   2.805195
15667   4.218750
15671   1.605634
15679   1.489933
15683   4.601307
15727   3.034483
15731   3.589286
15733   3.405405
15737   3.600000
15739   1.794872
15749   0.926966
15761   2.081633
15767   2.142857
15773   1.257862
15787   2.281690
15791   2.500000
15797   2.378378
15803   3.098901
15809   1.866667
15817   2.275000
15823   1.510274
15859   1.679426
15877   1.736842
15881   1.923077
15887   1.694118
15889   2.425743
15901   2.520000
15907   1.780220
15913   1.805310
15919   2.424242
15923   2.183432
15937   2.652632
15959   1.492918
15971   2.037313
15973   1.761658
15991   2.200000
16001   3.181102
16007   1.913621
16033   3.618421
16057   3.804348
16061   6.944444
16063   0.900000
16067   0.941176
16069   2.108108
16073   2.377358
16087   1.772727
16091   1.590909
16097   1.474576
16103   1.423729
16111   3.688889
16127   1.182796
16139   3.028846
16141   4.933333
16183   1.966746
16187   2.282609
16189   1.404255
16193   1.861272
16217   1.504425
16223   1.693548
16229   1.969231
16231   1.507538
16249   1.911197
16253   0.938650
16267   1.435897
16273   1.555205
16301   1.815789
16319   2.632911
16333   1.530612
16339   0.958084
16349   0.832669
16361   4.007246
16363   2.814815
16369   2.619718
16381   0.909770
16411   1.903084
16417   1.836735
16421   2.215909
16427   1.816514
16433   2.307692
16447   1.740566
16451   2.736842
16453   2.653061
16477   1.446667
16481   2.464789
16487   1.237113
16493   2.945607
16519   1.056000
16529   1.090164
16547   1.974684
16553   1.971831
16561   6.014815
16567   1.680000
16573   1.317073
16603   1.411067
16607   1.385827
16619   1.935484
16631   1.282178
16633   0.678492
16649   1.515464
16651   2.409091
16657   2.307692
16661   4.926554
16673   3.066667
16691   1.370558
16693   1.636364
16699   1.575342
16703   1.963636
16729   1.606414
16741   2.206452
16747   1.384615
16759   2.101695
16763   1.843416
16787   1.507438
16811   0.883636
16823   2.642202
16829   1.902439
16831   0.844221
16843   1.935484
16871   1.709763
16879   0.934132
16883   1.710526
16889   1.168831
16901   1.206154
16903   1.901840
16921   2.739130
16927   1.350365
16931   1.142857
16937   1.736842
16943   1.459893
16963   2.221277
16979   2.511628
16981   2.900000
16987   3.103448
16993   1.901639
17011   2.295082
17021   1.255605
17027   1.428571
17029   1.897059
17033   2.341463
17041   2.552941
17047   2.500000
17053   2.236842
17077   1.739130
17093   1.609756
17099   1.140741
17107   2.454545
17117   2.634146
17123   2.222222
17137   2.748092
17159   1.282528
17167   1.500000
17183   1.401274
17189   1.400000
17191   2.520000
17203   2.509804
17207   1.333333
17209   1.875000
17231   1.697080
17239   1.807947
17257   1.811236
17291   2.186620
17293   1.781513
17299   1.557252
17317   2.352201
17321   2.613636
17327   0.684932
17333   2.264706
17341   1.754717
17351   1.661538
17359   1.877778
17377   2.083832
17383   1.764706
17387   1.442308
17389   1.443038
17393   1.327434
17401   1.440000
17417   2.682692
17419   0.462046
17431   2.360656
17443   2.826446
17449   1.925926
17467   1.964286
17471   2.434783
17477   2.210526
17483   1.789474
17489   1.772727
17491   1.922078
17497   1.206997
17509   1.375000
17519   2.358079
17539   1.643836
17551   1.708861
17569   2.803922
17573   0.401338
17579   0.432099
17581   2.127273
17597   1.510949
17599   0.805970
17609   2.400000
17623   2.054348
17627   1.224000
17657   1.962264
17659   2.336842
17669   1.930851
17681   2.495050
17683   0.828859
17707   1.304348
17713   1.065891
17729   1.705584
17737   2.684211
17747   1.487179
17749   3.247423
17761   1.570957
17783   2.757576
17789   1.259259
17791   1.887097
17807   1.395349
17827   1.923077
17837   1.928571
17839   2.246914
17851   2.089286
17863   2.968750
17881   2.995025
17891   1.337838
17903   1.754237
17909   2.083333
17911   2.333333
17921   1.175879
17923   2.533333
17929   2.209524
17939   1.858407
17957   2.301887
17959   2.306818
17971   4.902985
17977   3.765432
17981   1.201923
17987   1.483146
17989   1.440000
18013   2.023585
18041   4.500000
18043   2.487805
18047   1.578947
18049   2.187500
18059   1.295455
18061   3.000000
18077   1.779006
18089   5.826087
18097   2.106383
18119   3.217391
18121   1.706667
18127   1.645570
18131   2.270270
18133   1.818182
18143   0.724138
18149   1.984211
18169   1.354497
18181   8.472973
18191   3.393443
18199   1.488095
18211   2.086093
18217   2.241758
18223   0.758893
18229   1.882353
18233   1.644330
18251   1.515152
18253   0.737705
18257   2.714286
18269   1.225681
18287   1.142857
18289   1.590909
18301   1.305344
18307   1.333333
18311   1.645161
18313   2.129771
18329   1.606557
18341   1.416667
18353   1.529412
18367   0.875676
18371   1.239130
18379   1.601896
18397   1.621795
18401   1.475728
18413   1.175532
18427   1.481481
18433   1.403509
18439   1.574074
18443   1.333333
18451   1.604167
18457   2.254902
18461   1.931034
18481   2.455982
18493   1.425926
18503   2.153846
18517   1.815126
18521   2.065574
18523   1.632353
18539   2.531250
18541   1.638298
18553   0.902148
18583   1.240876
18587   1.263736
18593   1.911765
18617   2.281481
18637   1.778443
18661   2.491379
18671   1.530000
18679   1.702128
18691   1.486486
18701   1.668539
18713   1.975610
18719   0.902821
18731   2.181818
18743   1.551724
18749   0.882609
18757   1.633136
18773   2.215909
18787   2.025316
18793   1.171875
18797   1.307692
18803   1.623711
18839   3.054545
18859   2.314286
18869   2.122186
18899   2.030534
18911   2.437500
18913   0.722892
18917   0.851852
18919   2.783505
18947   2.000000
18959   1.155556
18973   1.209677
18979   1.680000
19001   2.659091
19009   1.820690
19013   1.853933
19031   1.479452
19037   0.693069
19051   1.333333
19069   2.336283
19073   1.518987
19079   1.818182
19081   1.830508
19087   2.361624
19121   1.133333
19139   1.931034
19141   3.193548
19157   1.945578
19163   1.028571
19181   3.239437
19183   3.049383
19207   1.172775
19211   2.793103
19213   1.194030
19219   3.130435
19231   1.687500
19237   1.698113
19249   2.363636
19259   1.883721
19267   2.280899
19273   2.073770
19289   1.500000
19301   0.761905
19309   0.995745
19319   1.662162
19333   3.556886
19373   2.342593
19379   1.443299
19381   0.850000
19387   1.914894
19391   4.618557
19403   1.451163
19417   3.000000
19421   4.400000
19423   1.227273
19427   1.734375
19429   3.000000
19433   1.239130
19441   1.968750
19447   1.120773
19457   1.725490
19463   1.694118
19469   2.062500
19471   2.714286
19477   2.434783
19483   1.600000
19489   2.216418
19501   2.065574
19507   2.106742
19531   7.200000
19541   2.560000
19543   2.379310
19553   1.806452
19559   1.818182
19571   1.097561
19577   2.441860
19583   1.721854
19597   0.759076
19603   0.742424
19609   5.107955
19661   3.460545
19681   0.617552
19687   0.993631
19697   1.948052
19699   1.912088
19709   1.553957
19717   1.611940
19727   1.311927
19739   2.076923
19751   1.627907
19753   2.000000
19759   1.750000
19763   2.292453
19777   1.832579
19793   1.860465
19801   3.604061
19813   1.548387
19819   2.113208
19841   3.580645
19843   1.161290
19853   1.307692
19861   1.792683
19867   1.241379
19889   1.429787
19891   3.678392
19913   1.709302
19919   1.680000
19927   1.881818
19937   3.690789
19949   1.846154
19961   2.734375
19963   1.515152
19973   1.760000
19979   1.500000
19991   6.519608
19993   1.647887
19997   0.559322
20011   3.125581
20021   1.467391
20023   1.659574
20029   1.800000
20047   2.086207
20051   1.638554
20063   2.110092
20071   3.084746
20089   2.181818
20101   2.752427
20107   1.880597
20113   2.261905
20117   0.820896
20123   1.578947
20129   2.653061
20143   2.629213
20147   1.408163
20149   2.646341
20161   0.965665
20173   1.761468
20177   1.052632
20183   2.062500
20201   3.712794
20219   0.637066
20231   2.450000
20233   2.064220
20249   2.346821
20261   1.353383
20269   1.292398
20287   2.000000
20297   1.309091
20323   2.225806
20327   1.075949
20333   1.631068
20341   2.272727
20347   1.488722
20353   3.432836
20357   1.909091
20359   4.038462
20369   2.275281
20389   1.834395
20393   3.194444
20399   1.095238
20407   1.807229
20411   1.573770
20431   2.484663
20441   1.963636
20443   0.800000
20477   2.634146
20479   0.581940
20483   2.700508
20507   1.587786
20509   1.500000
20521   2.692308
20533   2.269841
20543   1.322314
20549   1.333333
20551   1.279570
20563   2.078498
20593   3.913043
20599   0.916667
20611   1.779006
20627   1.181818
20639   1.324324
20641   2.571429
20663   2.162162
20681   1.290323
20693   1.727273
20707   1.587549
20717   1.864865
20719   1.716981
20731   0.341969
20743   1.414634
20747   1.734375
20749   1.575000
20753   3.015873
20759   1.971429
20771   6.440000
20773   2.419355
20789   1.360000
20807   2.348178
20809   4.144737
20849   1.446809
20857   2.232558
20873   2.220183
20879   1.420290
20887   1.263158
20897   1.416667
20899   1.628571
20903   1.571429
20921   1.500000
20929   2.288136
20939   1.820225
20947   1.792453
20959   1.106383
20963   0.939024
20981   1.481481
20983   2.716049
21001   2.637681
21011   3.532710
21013   2.032258
21017   2.181818
21019   0.740741
21023   0.647059
21031   2.360656
21059   2.703488
21061   1.830508
21067   1.635036
21089   1.203540
21101   2.268908
21107   0.703125
21121   4.601307
21139   1.967480
21143   1.145833
21149   0.275758
21157   1.776119
21163   1.594937
21169   2.181818
21179   1.935484
21187   1.200000
21191   2.217391
21193   1.293103
21211   3.600000
21221   2.586826
21227   1.691781
21247   1.193980
21269   1.395349
21277   0.885057
21283   1.111969
21313   2.995902
21317   0.909677
21319   0.913043
21323   1.508065
21341   1.384615
21347   1.352113
21377   2.478873
21379   3.107143
21383   1.760870
21391   3.127660
21397   3.030303
21401   2.613636
21407   0.942857
21419   1.005155
21433   2.426966
21467   1.685619
21481   1.550388
21487   1.066667
21491   1.250000
21493   2.782609
21499   1.063830
21503   0.773885
21517   2.207547
21521   2.760000
21523   1.422222
21529   2.113990
21557   3.000000
21559   1.040816
21563   1.756757
21569   2.426667
21577   2.000000
21587   1.739130
21589   2.219178
21599   0.744526
21601   0.881119
21611   0.737430
21613   1.702703
21617   2.339450
21647   1.211155
21649   4.067568
21661   2.013423
21673   2.129032
21683   1.763780
21701   5.433071
21713   1.593548
21727   1.658537
21737   0.562500
21739   1.919355
21751   2.103896
21757   1.770492
21767   1.100000
21773   0.838710
21787   1.625000
21799   1.493333
21803   3.461538
21817   1.200000
21821   1.686667
21839   1.353712
21841   0.607083
21851   0.759036
21859   1.750000
21863   1.220339
21871   1.142132
21881   2.072464
21893   1.384615
21911   1.474403
21929   1.782857
21937   2.087719
21943   0.672646
21961   1.590200
21977   1.272727
21991   1.704545
21997   1.301205
22003   1.165563
22013   0.890830
22027   1.736842
22031   1.562500
22037   2.500000
22039   1.166667
22051   2.816901
22063   1.432836
22067   2.272727
22073   2.181818
22079   2.172414
22091   2.070423
22093   1.542857
22109   1.261682
22111   4.414414
22123   1.005882
22129   1.341463
22133   2.205882
22147   0.994152
22153   1.062500
22157   1.404255
22159   1.515464
22171   0.482315
22189   1.679389
22193   1.894273
22229   3.205937
22247   2.824675
22259   2.083333
22271   2.100000
22273   1.387500
22277   2.432432
22279   2.285714
22283   1.741935
22291   1.240876
22303   2.426966
22307   2.167832
22343   2.800000
22349   2.436090
22367   2.213740
22369   3.062500
22381   1.198020
22391   0.659794
22397   1.258741
22409   1.970149
22433   2.285714
22441   1.482353
22447   1.469388
22453   1.742574
22469   1.196581
22481   2.527778
22483   1.619048
22501   2.033520
22511   1.685393
22531   0.875912
22541   1.363636
22543   2.068966
22549   1.682243
22567   2.112000
22571   0.847826
22573   2.231884
22613   1.769231
22619   1.913043
22621   3.629032
22637   2.156250
22639   0.825000
22643   1.607143
22651   2.617450
22669   3.301887
22679   0.988764
22691   1.111111
22697   2.461538
22699   2.095238
22709   1.153846
22717   2.232558
22721   0.859375
22727   6.125000
22739   0.993243
22741   2.823529
22751   1.158621
22769   0.726708
22777   6.255319
22783   0.634921
22787   1.451613
22807   0.835165
22811   2.575758
22817   1.666667
22853   1.312500
22859   1.170732
22861   1.323529
22871   1.043478
22877   2.096774
22901   2.314815
22907   1.523810
22921   2.264151
22937   1.093923
22943   1.751825
22961   2.232143
22963   1.728814
22973   1.372549
22993   1.875000
23003   1.456647
23011   2.295082
23017   2.021277
23021   1.214286
23027   1.407407
23029   1.164179
23039   0.687023
23041   1.153257
23053   3.030303
23057   1.854545
23059   3.200000
23063   1.750000
23071   1.968750
23081   1.391304
23087   1.500000
23099   1.250000
23117   2.030457
23131   1.529412
23143   1.971831
23159   1.573770
23167   1.750000
23173   1.692308
23189   1.186047
23197   4.071429
23201   2.307692
23203   1.116279
23209   4.033613
23227   1.500000
23251   1.743396
23269   1.262295
23279   0.910345
23291   1.580645
23293   2.850000
23297   1.719101
23311   3.025210
23321   1.957447
23327   1.336364
23333   6.741573
23339   2.727273
23357   2.093023
23369   1.358209
23371   1.418919
23399   2.406977
23417   1.050193
23431   1.616379
23447   1.032787
23459   1.012987
23473   1.909548
23497   2.906832
23509   1.076923
23531   1.007194
23537   2.083333
23539   1.469388
23549   1.137931
23557   3.545455
23561   1.714286
23563   1.787234
23567   1.903846
23581   1.638655
23593   2.271028
23599   2.954545
23603   1.976744
23609   0.697674
23623   1.476562
23627   0.784615
23629   2.040000
23633   3.594286
23663   1.488722
23669   2.962963
23671   1.581395
23677   1.621622
23687   1.476923
23689   2.028169
23719   1.719008
23741   2.111111
23743   2.423077
23747   1.666667
23753   1.053097
23761   2.380000
23767   1.826087
23773   2.775701
23789   1.290780
23801   3.600000
23813   0.906977
23819   0.962500
23827   0.843750
23831   0.857143
23833   4.234848
23857   2.095890
23869   2.272727
23873   1.041667
23879   1.166667
23887   1.779661
23893   3.545455
23899   1.268293
23909   2.307692
23911   2.620690
23917   0.888889
23929   2.027650
23957   2.360947
23971   2.631579
23977   2.403846
23981   2.385965
23993   1.979167
24001   2.860870
24007   1.554545
24019   1.580247
24023   0.287770
24029   2.622951
24043   1.100000
24049   1.760870
24061   0.679012
24071   2.054054
24077   0.779221
24083   1.880597
24091   1.564706
24097   1.882353
24103   3.333333
24107   3.125000
24109   2.347826
24113   3.136364
24121   2.987013
24133   1.473684
24137   2.400000
24151   2.164706
24169   1.570093
24179   1.726027
24181   2.896552
24197   0.820175
24203   1.104575
24223   1.511628
24229   2.666667
24239   1.436170
24247   2.181818
24251   1.888889
24281   3.780186
24317   0.957164
24329   1.415929
24337   2.582781
24359   1.481651
24371   2.058824
24373   1.756098
24379   1.345794
24391   1.126829
24407   1.134021
24413   0.750000
24419   1.863014
24421   4.500000
24439   3.019608
24443   1.711957
24469   1.024845
24473   0.510000
24481   1.837696
24499   2.203046
24509   1.069307
24517   1.200000
24527   1.241379
24533   1.333333
24547   1.903846
24551   1.263158
24571   0.891990
24593   1.087866
24611   3.247423
24623   1.839080
24631   0.983193
24659   0.960452
24671   1.602740
24677   1.791045
24683   0.962500
24691   1.750000
24697   1.384615
24709   2.210526
24733   2.100000
24749   0.789474
24763   1.714286
24767   1.514019
24781   2.201613
24793   1.560000
24799   1.212121
24809   1.771186
24821   2.045113
24841   1.300000
24847   2.023810
24851   1.739130
24859   2.931373
24877   0.695876
24889   0.975610
24907   2.000000
24917   2.163934
24919   0.771429
24923   1.931034
24943   1.057692
24953   0.627907
24967   1.061798
24971   0.660377
24977   1.647059
24979   2.000000
24989   1.161871
25013   1.600000
25031   0.935252
25033   0.774194
25037   1.815126
25057   2.124224
25073   1.216216
25087   1.106796
25097   1.411765
25111   4.186047
25117   2.037037
25121   2.187500
25127   2.342342
25147   2.713043
25153   1.777778
25163   0.969697
25169   2.702703
25171   1.866667
25183   1.267606
25189   0.461538
25219   1.497326
25229   1.370861
25237   3.033333
25243   1.250000
25247   1.071429
25253   2.058824
25261   1.966102
25301   1.609756
25303   1.714286
25307   0.629032
25309   1.666667
25321   1.560694
25339   2.817073
25343   0.613208
25349   0.919192
25357   2.550000
25367   1.696970
25373   1.855670
25391   2.705882
25409   1.696429
25411   1.267241
25423   1.290780
25439   0.699029
25447   3.051282
25453   1.444444
25457   1.666667
25463   3.571429
25469   3.047619
25471   4.007812
25523   2.545714
25537   2.250000
25541   0.461538
25561   2.634146
25577   2.108108
25579   1.363636
25583   0.483871
25589   3.038961
25601   2.412621
25603   2.240000
25609   2.390625
25621   2.553191
25633   2.430000
25639   1.603774
25643   0.957447
25657   1.500000
25667   1.029703
25673   1.701493
25679   1.609195
25693   1.285714
25703   1.512605
25717   1.704545
25733   2.300000
25741   0.972222
25747   1.820225
25759   2.197802
25763   1.125000
25771   2.142857
25793   2.153846
25799   2.068966
25801   1.351351
25819   2.641509
25841   2.231884
25847   3.030303
25849   1.557377
25867   1.558442
25873   1.326241
25889   2.523364
25903   1.730769
25913   1.846154
25919   0.907357
25931   1.983333
25933   0.604651
25939   2.375000
25943   0.477273
25951   1.454545
25969   1.721311
25981   1.600000
25997   1.354839
25999   1.425000
26003   1.980000
26017   0.738806
26021   1.787234
26029   2.444444
26041   3.272727
26053   1.826087
26083   1.514403
26099   1.606299
26107   1.777778
26111   1.674419
26113   2.634146
26119   1.362832
26141   1.255682
26153   1.355932
26161   1.653061
26171   1.627119
26177   1.875000
26183   1.542857
26189   2.325581
26203   1.866667
26209   1.186312
26227   2.947368
26237   1.204380
26249   0.515971
26251   1.428571
26261   1.726027
26263   0.818182
26267   2.482014
26293   1.693548
26297   2.000000
26309   1.168831
26317   4.897959
26321   1.583333
26339   0.760976
26347   0.870968
26357   1.102041
26371   1.402878
26387   1.239437
26393   1.636364
26399   1.303922
26407   2.131579
26417   1.793103
26423   0.918033
26431   0.875000
26437   1.523077
26449   2.650602
26459   1.463415
26479   2.432432
26489   1.451613
26497   2.105263
26501   1.507246
26513   1.954286
26539   1.287234
26557   1.692308
26561   1.047120
26573   1.125000
26591   2.315789
26597   0.832370
26627   1.173913
26633   3.640000
26641   1.312500
26647   1.021898
26669   2.382166
26681   3.606061
26683   1.781250
26687   0.961538
26693   2.297872
26699   2.923077
26701   0.895522
26711   2.780488
26713   1.902439
26717   2.166667
26723   2.666667
26729   1.942857
26731   2.039216
26737   1.714286
26759   2.012579
26777   2.045455
26783   1.544554
26801   0.986842
26813   0.660377
26821   1.415094
26833   2.423077
26839   2.117647
26849   0.974684
26861   3.563636
26863   0.627907
26879   0.794118
26881   1.009901
26891   0.967742
26893   0.733813
26903   1.800000
26921   2.138614
26927   1.726562
26947   3.140187
26951   1.750000
26953   0.800000
26959   1.213333
26981   1.166667
26987   1.434783
26993   0.349776
27011   1.321101
27017   0.937500
27031   1.868263
27043   1.443299
27059   2.336538
27061   1.573770
27067   2.142857
27073   1.325301
27077   1.888889
27091   2.398058
27103   1.789474
27107   0.870968
27109   1.707317
27127   1.166667
27143   2.342342
27179   2.000000
27191   2.177419
27197   0.909091
27211   0.956962
27239   0.746606
27241   1.491803
27253   2.637931
27259   1.961538
27271   1.687500
27277   5.925926
27281   2.400000
27283   1.698113
27299   1.150000
27329   1.349727
27337   2.434783
27361   2.581967
27367   1.135135
27397   1.170213
27407   0.891089
27409   1.190476
27427   3.166667
27431   1.666667
27437   1.786260
27449   2.727273
27457   2.468354
27479   1.745455
27481   1.371429
27487   1.108911
27509   1.358025
27527   3.376623
27529   2.684211
27539   1.224490
27541   2.000000
27551   1.583333
27581   2.264151
27583   1.792453
27611   2.167785
27617   1.525424
27631   0.833333
27647   1.258303
27653   2.036145
27673   1.521127
27689   3.082192
27691   0.952381
27697   1.944444
27701   3.600000
27733   0.607683
27737   2.555556
27739   1.269231
27743   1.610169
27749   1.942857
27751   1.400000
27763   2.980392
27767   1.250000
27773   1.578947
27779   1.243902
27791   2.290909
27793   1.368421
27799   2.031250
27803   1.756757
27809   1.166667
27817   1.857143
27823   0.930233
27827   3.488372
27847   1.714286
27851   2.571429
27883   1.054795
27893   1.664740
27901   1.425000
27917   3.450000
27919   0.360000
27941   0.800000
27943   1.200000
27947   1.507937
27953   1.458333
27961   7.666667
27967   2.217742
27983   1.285714
27997   1.714286
28001   1.500000
28019   1.642105
28027   0.905660
28031   1.615385
28051   1.857143
28057   3.841463
28069   1.680000
28081   2.057143
28087   2.888889
28097   1.444444
28099   1.081967
28109   1.666667
28111   1.866667
28123   2.790698
28151   2.714286
28163   0.745856
28181   1.839080
28183   1.071429
28201   2.270270
28211   3.085714
28219   0.316406
28229   2.837709
28277   7.500000
28279   1.031250
28283   2.777778
28289   1.938462
28297   2.014925
28307   1.285714
28309   1.269231
28319   2.155689
28349   1.084746
28351   2.679487
28387   1.362162
28393   3.111111
28403   0.911392
28409   1.333333
28411   1.538462
28429   1.587629
28433   1.034483
28439   0.688525
28447   1.021277
28463   1.142857
28477   2.045455
28493   1.237500
28499   1.071429
28513   1.945946
28517   2.057143
28537   2.000000
28541   1.029412
28547   0.984615
28549   2.153846
28559   0.664835
28571   2.333333
28573   1.290323
28579   1.402597
28591   1.455882
28597   1.217391
28603   1.326531
28607   0.831169
28619   1.826087
28621   2.222222
28627   1.000000
28631   0.888889
28643   1.538462
28649   0.753846
28657   9.805714
28661   1.230769
28663   1.016949
28669   0.822857
28687   1.819209
28697   3.200000
28703   1.324324
28711   2.424242
28723   1.343284
28729   1.727273
28751   1.541284
28753   2.833333
28759   1.285714
28771   1.463415
28789   1.260417
28793   0.678571
28807   0.862069
28813   0.821918
28817   1.806452
28837   1.716981
28843   0.679012
28859   2.064516
28867   0.923077
28871   1.756098
28879   1.463415
28901   2.764977
28909   1.600000
28921   2.010638
28927   0.857143
28933   1.434783
28949   2.716418
28961   1.813187
28979   2.538462
29009   2.044304
29017   1.813953
29021   3.000000
29023   1.166667
29027   0.625000
29033   2.495413
29059   1.350000
29063   0.807692
29077   0.562130
29101   2.051643
29123   0.833333
29129   0.711111
29131   1.600000
29137   1.760000
29147   1.163636
29153   1.006289
29167   0.695187
29173   1.451613
29179   0.623762
29191   2.686047
29201   1.571429
29207   2.833333
29209   2.714286
29221   1.390805
29231   1.253165
29243   0.909091
29251   1.535433
29269   2.358621
29287   0.879581
29297   1.405405
29303   2.282609
29311   0.875000
29327   1.941176
29333   2.437500
29339   1.139535
29347   2.363636
29363   1.224490
29383   1.500000
29387   1.043478
29389   0.600000
29399   1.150000
29401   0.750000
29411   1.509804
29423   0.586957
29429   2.019231
29437   1.931034
29443   1.000000
29453   1.485149
29473   1.212121
29483   1.000000
29501   1.404255
29527   0.923913
29531   2.352941
29537   2.448000
29567   1.945946
29569   0.705882
29573   1.833333
29581   0.763636
29587   0.729730
29599   2.594595
29611   1.859504
29629   3.347826
29633   1.024390
29641   1.424051
29663   1.936170
29669   1.900000
29671   1.875000
29683   1.509653
29717   1.304348
29723   2.060606
29741   1.527778
29753   0.900000
29759   1.380952
29761   2.065868
29789   0.820690
29803   1.231343
29819   2.076923
29833   1.607143
29837   1.776316
29851   0.656566
29863   2.149254
29867   1.969697
29873   2.275862
29879   1.684211
29881   2.416185
29917   2.982456
29921   2.234043
29927   1.807175
29947   2.271605
29959   2.416107
29983   1.483516
29989   1.080386
30011   1.207792
30013   3.767442
30029   0.898283
30047   2.112676
30059   2.933333
30071   2.819549
30089   3.194444
30091   2.947368
30097   1.661538
30103   9.387097
30109   0.675676
30113   3.750000
30119   0.967742
30133   3.568966
30137   1.961538
30139   1.217391
30161   1.853933
30169   2.786885
30181   1.800000
30187   0.982456
30197   3.040000
30203   4.984848
30211   1.445783
30223   1.386555
30241   0.938628
30253   1.275591
30259   2.410959
30269   1.772727
30271   0.974619
30293   1.216216
30307   1.712329
30313   2.081633
30319   4.814815
30323   4.362069
30341   0.618557
30347   0.700000
30367   1.020833
30389   1.471698
30391   1.750000
30403   4.984615
30427   1.296296
30431   1.974359
30449   2.181818
30467   1.097561
30469   0.428571
30491   1.388430
30493   1.375000
30497   2.000000
30509   1.944444
30517   4.250000
30529   2.428571
30539   1.024390
30553   2.417910
30557   1.038462
30559   3.137255
30577   1.597315
30593   4.445783
30631   1.650000
30637   3.521739
30643   2.181818
30649   1.400000
30661   1.588889
30671   1.333333
30677   3.477273
30689   1.547619
30697   1.527273
30703   5.462963
30707   2.142857
30713   0.714286
30727   1.326984
30757   1.415094
30763   2.039216
30773   2.076923
30781   1.440000
30803   5.860465
30809   2.882353
30817   1.714286
30829   0.412500
30839   1.772727
30841   1.714286
30851   1.183099
30853   1.176471
30859   1.904762
30869   1.611940
30871   0.857143
30881   1.552941
30893   0.655738
30911   1.241830
30931   1.283951
30937   1.521739
30941   5.228571
30949   2.061069
30971   1.521739
30977   1.341615
30983   0.906475
31013   4.935484
31019   0.674157
31033   2.061856
31039   2.117647
31051   2.962963
31063   1.774648
31069   1.358491
31079   2.588235
31081   2.237288
31091   0.352941
31121   1.497537
31123   1.815789
31139   1.514563
31147   1.659574
31151   1.687500
31153   2.620690
31159   0.923077
31177   2.009615
31181   2.423077
31183   0.302521
31189   1.730769
31193   2.888199
31219   0.701754
31223   0.952381
31231   3.301887
31237   0.854369
31247   2.584615
31249   1.031847
31253   1.847826
31259   1.750000
31267   0.900000
31271   3.269231
31277   1.135135
31307   3.632432
31319   1.837500
31321   2.303030
31327   1.086207
31333   4.102564
31337   2.052632
31357   1.560811
31379   3.027523
31387   3.931034
31391   5.600000
31393   1.096154
31397   8.191111
31469   5.395894
31477   5.142857
31481   1.454545
31489   2.022472
31511   0.835443
31513   4.363636
31517   1.227273
31531   1.128205
31541   2.918919
31543   0.418605
31547   0.600000
31567   0.855263
31573   1.209302
31583   2.305882
31601   1.813953
31607   1.308725
31627   1.205742
31643   1.650000
31649   0.903226
31657   1.365854
31663   2.321429
31667   0.969697
31687   0.893855
31699   1.872881
31721   1.257143
31723   1.250000
31727   1.800000
31729   1.400000
31741   1.452830
31751   1.351724
31769   2.545455
31771   1.682243
31793   2.153846
31799   1.136842
31817   0.926641
31847   1.428571
31849   1.153846
31859   1.333333
31873   1.190840
31883   1.100000
31891   2.117647
31907   2.444444
31957   2.629108
31963   0.780488
31973   0.873786
31981   0.683544
31991   1.983607
32003   0.915254
32009   3.818182
32027   2.318841
32029   1.056604
32051   0.745902
32057   2.875000
32059   2.423077
32063   1.022727
32069   1.849057
32077   2.456140
32083   1.745455
32089   2.980392
32099   0.915888
32117   1.882353
32119   0.943820
32141   1.432836
32143   2.135593
32159   0.517241
32173   1.677419
32183   2.400000
32189   1.473684
32191   1.300000
32203   1.089109
32213   1.687500
32233   6.120000
32237   3.980769
32251   1.724138
32257   1.843575
32261   3.818182
32297   4.222222
32299   1.758621
32303   3.437500
32309   1.200000
32321   1.974359
32323  17.666667
32327   1.451613
32341   2.581560
32353   4.881356
32359   2.127660
32363   1.777778
32369   1.116279
32371   1.230769
32377   3.787879
32381   1.138686
32401   2.126582
32411   3.066667
32413   1.750000
32423   3.100000
32429   1.880597
32441   1.638298
32443   1.262136
32467   2.409449
32479   1.670886
32491   2.590909
32497   1.222222
32503   0.555556
32507   1.670455
32531   1.857143
32533   2.500000
32537   2.041667
32561   1.960317
32563   1.379310
32569   1.666667
32573   1.052632
32579   1.729412
32587   2.217391
32603   1.571429
32609   1.500000
32611   4.000000
32621   2.369231
32633   0.777409
32647   0.553360
32653   2.038217
32687   1.702128
32693   0.862069
32707   1.363636
32713   0.849057
32717   1.666667
32719   1.904762
32749   1.165379
32771   0.460271
32779   1.090909
32783   1.857143
32789   1.803030
32797   2.880000
32801   1.481928
32803   1.716102
32831   2.012195
32833   1.782609
32839   1.341463
32843   2.086957
32869   2.397436
32887   0.853659
32909   1.038462
32911   2.142857
32917   2.600000
32933   2.253012
32939   1.257143
32941   2.375000
32957   2.545455
32969   2.058824
32971   2.386364
32983   2.000000
32987   1.333333
32993   2.526316
32999   1.444444
33013   1.714286
33023   1.803922
33029   1.400000
33037   1.756757
33049   3.000000
33053   2.633803
33071   1.481481
33073   1.454545
33083   2.142857
33091   1.135135
33107   0.895349
33113   2.133333
33119   1.620000
33149   1.333333
33151   1.932203
33161   1.734513
33179   1.688312
33181   1.772727
33191   2.863636
33199   1.772727
33203   1.902439
33211   1.956522
33223   6.000000
33247   3.275591
33287   1.458333
33289   3.666667
33301   2.234375
33311   2.346667
33317   1.285714
33329   1.891892
33331   1.413146
33343   3.621053
33347   2.129032
33349   2.812500
33353   5.416667
33359   1.230769
33377   5.942857
33391   1.766990
33403   1.372881
33409   2.558140
33413   1.327869
33427   1.408000
33457   2.077778
33461   7.026316
33469   2.720930
33479   1.666667
33487   0.846154
33493   1.142857
33503   1.953488
33521   1.582609
33529   1.909091
33533  16.235294
33547   0.863309
33563   2.428571
33569   1.657895
33577   1.902439
33581   0.480769
33587   2.222222
33589   0.952381
33599   1.269231
33601   1.619403
33613   1.982906
33617   2.062500
33619   1.100000
33623   4.032258
33629   1.203125
33637   2.117647
33641   0.952381
33647   2.131707
33679   1.647059
33703   0.944444
33713   2.062500
33721   1.070588
33739   1.441176
33749   1.548387
33751   1.090909
33757   1.745455
33767   1.395349
33769   1.578947
33773   4.219178
33791   1.065421
33797   2.283582
33809   3.000000
33811   2.666667
33827   0.789474
33829   1.200000
33851   2.359551
33857   2.330579
33863   1.647059
33871   1.009709
33889   2.077778
33893   2.793651
33911   1.666667
33923   3.913043
33931   1.955882
33937   2.931034
33941   1.090909
33961   2.347222
33967   1.928571
33997   2.142857
34019   0.702479
34031   2.081081
34033   1.040000
34039   1.617978
34057   2.857143
34061   6.229592
34123   3.505495
34127   0.574468
34129   0.711864
34141   3.073171
34147   1.056604
34157   1.527273
34159   1.340426
34171   1.445783
34183   1.538462
34211   2.783505
34213   1.578947
34217   1.350000
34231   1.118012
34253   2.187500
34259   2.000000
34261   0.363636
34267   1.166667
34273   1.081081
34283   1.292308
34297   3.068182
34301   0.720000
34303   2.117647
34313   1.666667
34319   1.058824
34327   2.000000
34337   3.200000
34351   2.608696
34361   2.536585
34367   2.307692
34369   1.516667
34381   1.904000
34403   1.705426
34421   2.378049
34429   1.421053
34439   1.939759
34457   0.782609
34469   1.800000
34471   1.615385
34483   2.060606
34487   1.641026
34499   1.400000
34501   2.275862
34511   2.368421
34513   1.692308
34519   1.028571
34537   1.636364
34543   7.021277
34549   1.524927
34583   1.307190
34589   2.000000
34591   0.823529
34603   3.243243
34607   0.810811
34613   4.800000
34631   1.983051
34649   1.111111
34651   0.632432
34667   2.269841
34673   0.923077
34679   2.022222
34687   1.680000
34693   1.254902
34703   0.651163
34721   0.859504
34729   1.760870
34739   1.588235
34747   0.863014
34757   4.500000
34759   2.181818
34763   2.326923
34781   2.227848
34807   1.198198
34819   1.159091
34841   2.181818
34843   7.071429
34847   1.812500
34849   2.504348
34871   0.942308
34877   1.000000
34883   2.266667
34897   1.029412
34913   3.080000
34919   1.830986
34939   1.666667
34949   0.880000
34961   1.615385
34963   0.983607
34981   1.826087
35023   2.139535
35027   0.884211
35051   2.468354
35053   4.740741
35059   1.666667
35069   0.675439
35081   2.200000
35083   1.714286
35089   2.400000
35099   0.900000
35107   1.317073
35111   0.657895
35117   3.882353
35129   1.650000
35141   1.000000
35149   2.000000
35153   3.958333
35159   1.369565
35171   1.921569
35201   2.432432
35221   0.968085
35227   5.136986
35251   1.930693
35257   5.120000
35267   1.491525
35279   0.935484
35281   1.189655
35291   0.891089
35311   3.162162
35317   3.529412
35323   1.730769
35327   1.888889
35339   1.036810
35353  12.716418
35363   2.488889
35381   2.727273
35393   2.857143
35401   3.500000
35407   0.428571
35419   1.391304
35423   1.395349
35437   1.301205
35447   1.358491
35449   3.418605
35461   2.644444
35491   2.506410
35507   2.000000
35509   2.270270
35521   2.800000
35527   1.571429
35531   1.216216
35533   3.333333
35537   2.931034
35543   3.612903
35569   1.855670
35573   1.711111
35591   3.333333
35593   1.666667
35597   1.612903
35603   1.851852
35617   7.316456
35671   3.165829
35677   3.511211
35729   2.113879
35731   1.714286
35747   1.606742
35753   5.608696
35759   1.235294
35771   2.800000
35797   2.500000
35801   1.650000
35803   2.000000
35809   1.866667
35831   0.175000
35837   1.230769
35839   1.981132
35851   0.818182
35863   2.675676
35869   1.161290
35879   2.470588
35897   1.518987
35899   1.534247
35911   3.797468
35923   0.338462
35933   0.969231
35951   2.441860
35963   0.967742
35969   2.470588
35977   2.166667
35983   1.081081
35993   1.600000
35999   1.764706
36007   1.297297
36011   3.750000
36013   0.731707
36017   0.652174
36037   2.418848
36061   1.607143
36067   0.562500
36073   1.116279
36083   1.445783
36097   1.415730
36107   1.666667
36109   1.120000
36131   0.800000
36137   2.264151
36151   1.739130
36161   1.747573
36187   0.947368
36191   1.517241
36209   1.424658
36217   1.956522
36229   1.450549
36241   1.571429
36251   1.434783
36263   6.456522
36269   2.172414
36277   0.905660
36293   1.005714
36299   1.166667
36307   1.250000
36313   2.857143
36319   1.909091
36341   1.970149
36343   4.421053
36353   3.351064
36373   1.421053
36383   1.636364
36389   3.021978
36433   2.818182
36451   2.400000
36457   3.578947
36467   1.228916
36469   1.312500
36473   2.500000
36479   1.122449
36493   2.131579
36497   2.000000
36523   0.733696
36527   0.389610
36529   1.702703
36541   1.313433
36551   2.543478
36559   2.545455
36563   6.450000
36571   0.412371
36583   1.964912
36587   1.647059
36599   3.207547
36607   1.381579
36629   1.481481
36637   1.696970
36643   1.777778
36653   2.264706
36671   0.800000
36677   1.920000
36683   1.968750
36691   2.545455
36697   1.702703
36709   1.560976
36713   0.648649
36721   2.730000
36739   1.287356
36749   1.783784
36761   2.131579
36767   3.405405
36779   5.750000
36781   2.000000
36787   2.419355
36791   1.500000
36793   1.500000
36809   3.000000
36821   2.000000
36833   1.424658
36847   1.421053
36857   0.519774
36871   0.222717
36877   1.517241
36887   1.477612
36899   1.971831
36901   2.557692
36913   3.951220
36919   0.681818
36923   2.352941
36929   2.095238
36931   1.272727
36943   1.882353
36947   1.342105
36973   0.533333
36979   1.828571
36997   1.007634
37003   0.714286
37013   0.979592
37019   1.600000
37021   0.454545
37039   1.000000
37049   0.978261
37057   2.590909
37061   2.524752
37087   1.161290
37097   0.852273
37117   0.876404
37123   0.817568
37139   1.603960
37159   1.287356
37171   4.052632
37181   0.670213
37189   0.705882
37199   2.086957
37201   2.318182
37217   1.941176
37223   2.116279
37243   1.950000
37253   2.343750
37273   5.915493
37277   2.651376
37307   2.666667
37309   0.888889
37313   3.120000
37321   2.000000
37337   4.607143
37339   1.805556
37357   1.867925
37361   2.000000
37363   1.894737
37369   1.371429
37379   2.765432
37397   3.187500
37409   1.268293
37423   3.532468
37441   4.077670
37447   1.913043
37463   3.000000
37483   1.083333
37489   1.851852
37493   1.777778
37501   1.723077
37507   1.666667
37511   1.268657
37517   0.457627
37529   1.400000
37537   3.157895
37547   2.357143
37549   2.032258
37561   2.625000
37567   1.764706
37571   6.000000
37573   8.600000
37579   0.606061
37589   0.533333
37591   3.000000
37607   1.380282
37619   2.888889
37633   6.000000
37643   2.333333
37649   6.000000
37657   3.000000
37663   2.106195
37691   2.093023
37693   0.833333
37699   2.237288
37717   2.330097
37747   3.443038
37781   2.962025
37783   2.089286
37799   1.465969
37811   2.210526
37813   2.741935
37831   1.966942
37847   1.047619
37853   1.680000
37861   1.565217
37871   1.285714
37879   0.940299
37889   3.120000
37897   2.605263
37907   3.032086
37951   2.910959
37957   1.440000
37963   1.339286
37967   1.866667
37987   2.215385
37991   2.250000
37993   1.421053
37997   1.826087
38011   1.190283
38039   1.610526
38047   1.324324
38053   1.015385
38069   2.083333
38083   4.537500
38113   1.247525
38119   1.312500
38149   3.035714
38153   0.964286
38167   0.740741
38177   1.636364
38183   4.166667
38189   1.750000
38197   1.777778
38201   1.725490
38219   1.327434
38231   0.638298
38237   2.333333
38239   2.030769
38261   2.023810
38273   2.750000
38281   2.470588
38287   2.750000
38299   2.580645
38303   3.396226
38317   2.152174
38321   1.774194
38327   2.240000
38329   2.727273
38333   4.984375
38351   1.043956
38371   2.108108
38377   1.932432
38393   1.883721
38431   1.511450
38447   3.717391
38449   1.050000
38453   1.538462
38459   1.066667
38461   4.600000
38501   7.657588
38543   2.778626
38557   2.543478
38561   2.903226
38567   1.200000
38569   2.600000
38593   1.172414
38603   2.571429
38609   1.176471
38611   1.063830
38629   1.702703
38639   2.008696
38651   1.702703
38653   1.800000
38669   1.914894
38671   1.217391
38677   1.189189
38693   0.676923
38699   1.024390
38707   2.160000
38711   2.647059
38713   3.142857
38723   0.888889
38729   1.750000
38737   2.593220
38747   1.116279
38749   1.333333
38767   0.084577
38783   6.566038
38791   2.037037
38803   0.921053
38821   2.105263
38833   4.235294
38839   2.382353
38851   1.746032
38861   1.297297
38867   1.764706
38873   2.161491
38891   0.769231
38903   0.684211
38917   1.207317
38921   2.800000
38923   2.526316
38933   1.216216
38953   1.585366
38959   1.058824
38971   0.230769
38977   1.702381
38993   1.716981
39019   1.829268
39023   1.100000
39041   3.541667
39043   1.500000
39047   1.445255
39079   1.984252
39089   2.382353
39097   1.647059
39103   0.816327
39107   0.483871
39113   3.473684
39119   3.541667
39133   1.071429
39139   4.097561
39157   1.941176
39161   1.894737
39163   0.561798
39181   0.985915
39191   1.800000
39199   0.692308
39209   0.900000
39217   1.800000
39227   2.923077
39229   1.615385
39233   1.250000
39239   0.900000
39241   1.371429
39251   1.023622
39293   7.427536
39301   0.303030
39313   1.846154
39317   1.428571
39323   0.661417
39341   0.945946
39343   1.714286
39359   2.865672
39367   1.778761
39371   1.342105
39373   0.928571
39383   1.500000
39397   1.500000
39409   2.152174
39419   3.904110
39439   1.111111
39443   0.648649
39451   1.975610
39461   2.666667
39499   1.065217
39503   0.781250
39509   4.444444
39511   1.363636
39521   1.411765
39541   1.849315
39551   1.523077
39563   0.818182
39569   2.612903
39581   1.605634
39607   0.694064
39619   1.959184
39623   1.132075
39631   1.173913
39659   0.442623
39667   2.689655
39671   1.272727
39679   1.024000
39703   1.276596
39709   0.786885
39719   1.046512
39727   1.633333
39733   3.080000
39749   0.857143
39761   2.340426
39769   1.145455
39779   1.257143
39791   0.943396
39799   3.673469
39821   0.985915
39827   1.600000
39829   1.500000
39839   3.818182
39841   1.103448
39847   0.492308
39857   0.918033
39863   0.137931
39869   2.085106
39877   1.540000
39883   1.551724
39887   1.400000
39901   3.366412
39929   1.687500
39937   2.042553
39953   1.545455
39971   2.843750
39979   2.250000
39983   1.388889
39989   1.603896
40009   0.535211
40013   2.514286
40031   2.400000
40037   2.352941
40039   0.838710
40063   1.945946
40087   2.095588
40093   1.071429
40099   3.000000
40111   2.428571
40123   3.087719
40127   1.200000
40129   1.032258
40151   2.352941
40153   0.833333
40163   0.888889
40169   2.625000
40177   1.694915
40189   1.568627
40193   3.219512
40213   4.030303
40231   2.640000
40237   1.944444
40241   2.250000
40253   0.800000
40277   1.776316
40283   1.263158
40289   2.365145
40343   0.374082
40351   2.219512
40357   3.157895
40361   3.626374
40387   1.347826
40423   0.800000
40427   1.038462
40429   1.687500
40433   2.739130
40459   0.640449
40471   3.428571
40483   2.444444
40487   2.800000
40493   1.500000
40499   1.098039
40507   1.194030
40519   0.800000
40529   0.857143
40531   1.852941
40543   0.848485
40559   2.297297
40577   1.714286
40583   0.729167
40591   1.018182
40597   1.235294
40609   2.045455
40627   1.272727
40637   2.833333
40639   3.375887
40693   1.426230
40697   0.535714
40699   1.469388
40709   1.621622
40739   0.396226
40751   0.617284
40759   0.600000
40763   0.960000
40771   0.571429
40787   3.529412
40801   0.742857
40813   1.465116
40819   2.580645
40823   0.405405
40829   1.588235
40841   2.842105
40847   1.473684
40849   0.774194
40853   1.309091
40867   3.000000
40879   1.049180
40883   1.800000
40897   2.625000
40903   1.824324
40927   0.929204
40933   2.914286
40939   0.952381
40949   1.684685
40961   3.421053
40973   1.212121
40993   2.505495
41011   1.384615
41017   1.741935
41023   2.234375
41039   1.596059
41047   3.120000
41051   1.875000
41057   0.357798
41077   1.350000
41081   3.974026
41113   2.109375
41117   1.928571
41131   3.428571
41141   3.600000
41143   1.818182
41149   1.607143
41161   1.565789
41177   3.891892
41179   2.062500
41183   0.675676
41189   0.692308
41201   2.947368
41203   3.891892
41213   1.173913
41221   2.896552
41227   1.785714
41231   2.000000
41233   2.727273
41243   0.200000
41257   2.800000
41263   1.466667
41269   0.627907
41281   1.097561
41299   1.704918
41333   3.216216
41341   1.800000
41351   1.674419
41357   1.478873
41381   2.359551
41387   0.833333
41389   1.200000
41399   2.264706
41411   3.181818
41413   2.951456
41443   1.041667
41453   2.163934
41467   0.575646
41479   2.195122
41491   3.043478
41507   0.880000
41513   0.923077
41519   1.142857
41521   1.142857
41539   1.184615
41543   1.562500
41549   1.592920
41579   1.298893
41593   0.923077
41597   1.744186
41603   1.924528
41609   3.111111
41611   1.111111
41617   1.022727
41621   1.363636
41627   1.730769
41641   5.833333
41647   3.888889
41651   2.615385
41659   0.111111
41669   1.064516
41681   0.918367
41687   1.602410
41719   1.792683
41729   3.600000
41737   1.630435
41759   2.625000
41761   5.400000
41771   1.454545
41777   2.033898
41801   2.500000
41809   0.681818
41813   1.123967
41843   1.309091
41849   1.000000
41851   1.842105
41863   2.210526
41879   1.565217
41887   1.750000
41893   1.718750
41897   0.740741
41903   1.142857
41911   1.371429
41927   1.600000
41941   2.121212
41947   1.371429
41953   1.351351
41957   0.970588
41959   2.068966
41969   1.571429
41981   2.750000
41983   0.489130
41999   1.666667
42013   5.333333
42017   2.454545
42019   0.750000
42023   0.760563
42043   2.734848
42061   2.905660
42071   1.714286
42073   2.000000
42083   1.400000
42089   2.423077
42101   1.549180
42131   1.645669
42139   1.918033
42157   1.111111
42169   1.638298
42179   1.043478
42181   1.692308
42187   6.521739
42193   2.037037
42197   1.230769
42209   3.103448
42221   3.347826
42223   1.153846
42227   2.311111
42239   0.714286
42257   0.741176
42281   1.300000
42283   0.734694
42293   1.548387
42299   1.944444
42307   0.645161
42323   0.342857
42331   2.470588
42337   1.551724
42349   2.357143
42359   2.618182
42373   0.943396
42379   1.406250
42391   2.000000
42397   1.818182
42403   0.641026
42407   0.964286
42409   1.147059
42433   2.153846
42437   2.152778
42443   2.333333
42451   3.500000
42457   2.173913
42461   2.785714
42463   3.000000
42467   1.086957
42473   1.111111
42487   1.241379
42491   1.384615
42499   0.743119
42509   1.100719
42533   2.279330
42557   3.042254
42569   1.696970
42571   4.000000
42577   2.160000
42589   1.378378
42611   1.666667
42641   3.576471
42643   2.500000
42649   1.263158
42667   1.826087
42677   1.818182
42683   1.600000
42689   3.387097
42697   1.800000
42701   1.800000
42703   2.000000
42709   1.170732
42719   2.250000
42727   0.428571
42737   1.762712
42743   1.580645
42751   1.333333
42767   1.000000
42773   1.142857
42787   2.444444
42793   2.272727
42797   1.460870
42821   1.154639
42829   1.636364
42839   1.290323
42841   2.237113
42853   1.421053
42859   4.000000
42863   1.273408
42899   1.688889
42901   3.103448
42923   1.826087
42929   3.500000
42937   2.500000
42943   1.371429
42953   2.812500
42961   2.333333
42967   1.875000
42979   1.800000
42989   0.521739
43003   1.152000
43013   1.043478
43019   2.511628
43037   2.076923
43049   1.256410
43051   1.042553
43063   1.629630
43067   1.601942
43093   2.224719
43103   4.800000
43117   1.721311
43133   1.186047
43151   3.448980
43159   0.481481
43177   1.764706
43189   0.705882
43201   1.293103
43207   1.011494
43223   0.972222
43237   1.220183
43261   1.706827
43271   0.717391
43283   1.428571
43291   1.428571
43313   1.312500
43319   0.666667
43321   2.600000
43331   7.224771
43391   3.924324
43397   2.500000
43399   0.731707
43403   1.902439
43411   1.787234
43427   1.323529
43441   1.739130
43451   3.111111
43457   0.612245
43481   1.232877
43487   1.369565
43499   1.171875
43517   0.882353
43541   2.407407
43543   4.977778
43573   2.326316
43577   2.625000
43579   1.960000
43591   1.323529
43597   1.212121
43607   1.428571
43609   2.538462
43613   1.125000
43627   1.304348
43633   2.250000
43649   3.326087
43651   1.928571
43661   1.363636
43669   0.984848
43691   7.469512
43711   0.722222
43717   1.551724
43721   2.037736
43753   0.281481
43759   1.446809
43777   3.126316
43781   3.000000
43783   2.040000
43787   2.571429
43789   5.000000
43793   2.896552
43801   3.975904
43853   2.475000
43867  20.781818
43889   1.138686
43891   2.564885
43913   1.150685
43933   1.168831
43943   1.142857
43951   0.542169
43961   0.857143
43963   1.800000
43969   1.428571
43973   1.090909
43987   1.875000
43991   1.818182
43997   0.712329
44017   2.033898
44021   1.911765
44027   2.352941
44029   0.328125
44041   1.454545
44053   1.756098
44059   0.750000
44071   0.864198
44087   0.857143
44089   2.116279
44101   1.661458
44111   4.178571
44119   0.857143
44123   0.147059
44129   2.133333
44131   1.648352
44159   2.168675
44171   3.157895
44179   1.500000
44189   1.604167
44201   0.890909
44203   1.434783
44207   2.511628
44221   2.658228
44249   2.373626
44257   1.575000
44263   2.750000
44267   1.333333
44269   1.636364
44273   0.625000
44279   1.600000
44281   0.800000
44293   4.861111
44351   2.178010
44357   2.181818
44371   1.808219
44381   1.777778
44383   2.153846
44389   1.252632
44417   4.411765
44449   7.273973
44453   2.081633
44483   1.929688
44491   2.394737
44497   4.024390
44501   0.833333
44507   3.521739
44519   1.625000
44531   1.673913
44533   2.785714
44537   1.607143
44543   1.038462
44549   1.975309
44563   1.646341
44579   0.272727
44587   0.593750
44617   2.633803
44621   1.800000
44623   2.888889
44633   1.406250
44641   3.634615
44647   2.173913
44651   1.111111
44657   1.870130
44683   2.357143
44687   1.756098
44699   3.500000
44701   1.043478
44711   2.298507
44729   2.195122
44741   2.400000
44753   1.810345
44771   2.666667
44773   1.200000
44777   7.111111
44789   0.697674
44797   0.825688
44809   2.152174
44819   2.264151
44839   2.666667
44843   1.920000
44851   1.714286
44867   1.898305
44879   3.243243
44887   1.909091
44893   2.250000
44909   3.000000
44917   1.914894
44927   1.333333
44939   1.083333
44953   0.289855
44959   2.708333
44963   0.500000
44971   1.794872
44983   1.600000
44987   1.800000
45007   0.991525
45013   1.719626
45053   0.642336
45061   2.260870
45077   1.279070
45083   1.193182
45119   3.257143
45121   1.739130
45127   1.764706
45131   1.388889
45137   1.037037
45139   1.367089
45161   0.701754
45179   1.794872
45181   2.769231
45191   1.066667
45197   3.230769
45233   3.000000
45247   0.224138
45259   2.000000
45263   1.760000
45281   2.407407
45289   2.444444
45293   2.793103
45307   2.000000
45317   0.176471
45319   2.000000
45329   1.431818
45337   0.315789
45341   1.000000
45343   1.666667
45361   1.587137
45377   1.531250
45389   0.787879
45403   0.842105
45413   0.986301
45427   0.289855
45433   1.500000
45439   1.200000
45481   1.801980
45491   3.809524
45497   1.161290
45503   0.600000
45523   2.704918
45533   1.317073
45541   2.291667
45553   3.500000
45557   2.051282
45569   2.647059
45587   0.476190
45589   1.111111
45599   1.629630
45613   2.105263
45631   2.333333
45641   1.623188
45659   1.784314
45667   1.590909
45673   1.071429
45677   1.265625
45691   1.851852
45697   1.671642
45707   1.818182
45737   1.434783
45751   2.641509
45757   1.258065
45763   0.454545
45767   1.473684
45779   1.449275
45817   2.123596
45821   4.800000
45823   0.631579
45827   2.368421
45833   1.826087
45841   0.877193
45853   2.420000
45863   1.836066
45869   0.979592
45887   1.670886
45893   2.013072
45943   0.898396
45949   2.083333
45953   0.576923
45959   2.659091
45971   2.812500
45979   2.195122
45989   2.244275
46021   3.891566
46027   1.287356
46049   2.461538
46051   1.764706
46061   1.596774
46073   0.409556
46091   2.790698
46093   1.473684
46099   2.500000
46103   1.700000
46133   1.644231
46141   1.400000
46147   1.750000
46153   0.428571
46171   1.166667
46181   0.666667
46183   1.666667
46187   0.481203
46199   1.627119
46219   0.714286
46229   0.391304
46237   1.032258
46261   1.471154
46271   1.846154
46273   3.142857
46279   2.610169
46301   2.851852
46307   0.571429
46309   2.244898
46327   1.166667
46337   0.880000
46349   1.312500
46351   0.666667
46381   0.485830
46399   1.153846
46411   1.649485
46439   3.169014
46441   3.444444
46447   3.095238
46451   2.222222
46457   2.207792
46471   1.190476
46477   2.647059
46489   3.193548
46499   3.000000
46507   1.384615
46511   0.487805
46523   0.791667
46549   2.093023
46559   1.800000
46567   1.093750
46573   1.604167
46589   0.818182
46591   0.526316
46601   2.172414
46619   2.151261
46633   1.489362
46639   1.200000
46643   2.500000
46649   0.339181
46663   0.593629
46679   1.575000
46681   0.645161
46687   2.656250
46691   1.955556
46703   1.542169
46723   0.580645
46727   0.983607
46747   2.160000
46751   1.129032
46757   0.586957
46769   1.065217
46771   2.375000
46807   1.118881
46811   2.600000
46817   2.536585
46819   1.846154
46829   1.066667
46831   1.000000
46853   2.500000
46861   0.724138
46867   1.066667
46877   0.642857
46889   6.750000
46901   1.267606
46919   1.945946
46933   1.430108
46957   2.671233
46993   1.600000
46997   1.469388
47017   2.268041
47041   1.924528
47051   3.027027
47057   1.692308
47059   4.807692
47087   0.664062
47093   2.888889
47111   1.096386
47119   1.200000
47123   0.593220
47129   2.800000
47137   0.833333
47143   0.869565
47147   1.153846
47149   1.354839
47161   1.904762
47189   1.735849
47207   1.403509
47221   0.638298
47237   0.441176
47251   0.735632
47269   2.610169
47279   2.470588
47287   3.769231
47293  17.708333
47297   1.333333
47303   1.800000
47309   0.717949
47317   0.408163
47339   0.425000
47351   0.965517
47353   0.681818
47363   1.206897
47381   0.845070
47387   0.500000
47389   1.250000
47407   2.456140
47417   1.750000
47419   0.482759
47431   2.688889
47441   1.555556
47459   1.239669
47491   2.602740
47497   1.250000
47501   2.325581
47507   0.631579
47513   1.400000
47521   1.433071
47527   1.168831
47533   3.076923
47543   1.132075
47563   2.052632
47569   1.750000
47581   1.283333
47591   1.028571
47599   1.173913
47609   0.269663
47623   0.659341
47629   2.250000
47639   0.782609
47653   1.687500
47657   1.800000
47659   1.959184
47681   0.582524
47699   1.739130
47701   2.068966
47711   2.571429
47713   0.631579
47717   1.674419
47737   5.176471
47741   3.400000
47743   3.714286
47777   7.744186
47779   3.181818
47791   2.812500
47797   1.333333
47807   0.857143
47809   1.578947
47819   0.677419
47837   0.580645
47843   0.555556
47857   1.547619
47869   1.333333
47881   5.270000
47903   1.034483
47911   1.050000
47917   0.905882
47933   2.291667
47939   0.840000
47947   2.333333
47951   0.417910
47963   1.255814
47969   1.794872
47977   2.307692
47981   1.250000
48017   1.219355
48023   0.857143
48029   1.625000
48049   1.821656
48073   1.153846
48079   1.028571
48091   3.396226
48109   2.081081
48119   1.135135
48121   1.588235
48131   0.891089
48157   0.716418
48163   1.375000
48179   1.531915
48187   2.172414
48193   0.882353
48197   0.982456
48221   2.013699
48239   0.270833
48247   1.315789
48259   1.826087
48271   0.891892
48281   1.702703
48299   0.725806
48311   1.531250
48313   0.844156
48337   1.458333
48341   3.789474
48353   1.500000
48371   0.900000
48383   0.826590
48397   0.495868
48407   1.777778
48409   1.428571
48413   2.290909
48437   1.168831
48449   1.392857
48463   0.363636
48473   2.064516
48479   3.058824
48481   2.352941
48487   1.285714
48491   1.315789
48497   0.776699
48523   0.329670
48527   1.600000
48533   2.470588
48539   0.285714
48541   0.905660
48563   0.562500
48571   0.388060
48589   3.000000
48593   0.500000
48611   1.300000
48619   0.616601
48623   0.307692
48647   0.857143
48649   2.153846
48661   1.428571
48673   1.791045
48677   4.500000
48679   2.793103
48731   3.045113
48733   1.666667
48751   1.777778
48757   2.272727
48761   2.000000
48767   0.473684
48779   2.041667
48781   1.760000
48787   4.275000
48799   3.928571
48809   3.666667
48817   2.545455
48821   3.000000
48823   0.643564
48847   1.085106
48857   1.105263
48859   1.050000
48869   1.909091
48871   1.944444
48883   1.702703
48889   4.521739
48907   1.450000
48947   1.594059
48953   1.354167
48973   0.000000
48989   3.000000
48991   1.400000
49003   0.633803
49009   4.137931
49019   1.283333
49031   1.866667
49033   3.000000
49037   2.600000
49043   1.333333
49057   1.040000
49069   3.063830
49081   3.138462
49103   0.756757
49109   0.777778
49117   1.800000
49121   2.333333
49123   1.760870
49139   1.334711
49157   0.371134
49169   1.473684
49171   5.714286
49177   1.250000
49193   3.025000
49199   0.848485
49201   1.875000
49207   1.530612
49211   0.842105
49223   1.431818
49253   2.458824
49261   2.400000
49277   1.741935
49279   0.833333
49297   4.480000
49307   1.912500
49331   0.939759
49333   1.028571
49339   0.642857
49363   1.000000
49367   2.307692
49369   0.857143
49391   1.523810
49393   1.394366
49409   2.872340
49411   1.000000
49417   0.794118
49429   2.434783
49433   1.346939
49451   1.784314
49459   2.181818
49463   1.255814
49477   3.068182
49481   2.750000
49499   5.250000
49523   0.849057
49529   2.933333
49531   1.000000
49537   2.382979
49547   2.307692
49549   3.176471
49559   2.315789
49597   1.257143
49603   0.727273
49613   2.400000
49627   1.764706
49633   0.642857
49639   1.730769
49663   1.974359
49667   0.810811
49669   2.250000
49681   4.293333
49697   2.419355
49711   4.090909
49727   2.070423
49739   2.153846
49741   0.315789
49747   2.322581
49757   0.642857
49783   0.688073
49787   5.000000
49789   2.545455
49801   2.892857
49807   1.153846
49811   4.727273
49823   0.909091
49831   1.818182
49843   0.268293
49853   0.788732
49871   1.111111
49877   1.794872
49891   1.448276
49919   1.486486
49921   1.292308
49927   0.903226
49937   1.695652
49939   1.297297
49943   2.432432
49957   1.945946
49991   1.682243
49993   1.025641
49999   3.770898
50021   3.103448
50023   1.371429
50033   2.250000
50047   1.125000
50051   0.493671
50053   1.963636
50069   4.682927
50077   5.029412
50087   0.960000
50093   1.166667
50101   4.500000
50111   2.918919
50119   1.028571
50123   2.941176
50129   0.000000
50131   1.894737
50147   1.078431
50153   0.631579
50159   1.125000
50177   3.362319
50207   2.693878
50221   2.093023
50227   2.173913
50231   1.231884
50261   1.269841
50263   0.272727
50273   1.500000
50287   1.451613
50291   1.440000
50311   0.862069
50321   3.292683
50329   1.200000
50333   2.181818
50341   1.695652
50359   1.000000
50363   2.571429
50377   0.535714
50383   2.916667
50387   0.842105
50411   0.490196
50417   2.294118
50423   0.679245
50441   1.565217
50459   1.346154
50461   2.375000
50497   0.420000
50503   1.120000
50513   0.413793
50527   0.483721
50539   1.000000
50543   0.694444
50549   4.533333
50551   1.542169
50581   1.448276
50587   3.750000
50591   1.105263
50593   1.481481
50599   3.056180
50627   0.944882
50647   1.153846
50651   0.613139
50671   0.857143
50683   0.272727
50707   2.954545
50723   0.447368
50741   1.909091
50753   1.746269
50767   1.521739
50773   0.238095
50777   2.871795
50789   1.673913
50821   1.721739
50833   2.250000
50839   1.032258
50849   1.396552
50857   3.342857
50867   0.975610
50873   0.640000
50891   1.132075
50893   1.216216
50909   5.480769
50923   2.857143
50929   3.705882
50951   4.480000
50957   0.885246
50969   1.580645
50971   0.810811
50989   1.885714
50993   2.068966
51001   2.582524
51031   3.195652
51043   1.297297
51047   0.280702
51059   1.272727
51061   1.894737
51071   1.391304
51109   3.281250
51131   3.368421
51133   3.000000
51137   2.152174
51151   3.870968
51157   2.571429
51169   4.781250
51193   2.500000
51197   1.736842
51199   0.720000
51203   1.350000
51217   1.181818
51229   2.750000
51239   1.166667
51241   2.382353
51257   1.346939
51263   1.015625
51283   2.594595
51287   1.411765
51307   0.415842
51329   0.739130
51341   2.566667
51343   2.400000
51347   3.900000
51349   1.400000
51361   2.800000
51383   1.792208
51407   0.750000
51413   1.333333
51419   1.866667
51421   1.230769
51427   1.290323
51431   1.923077
51437   3.272727
51439   1.000000
51449   0.717391
51461   0.765957
51473   1.653061
51479   0.259740
51481   0.514286
51487   1.571429
51503   0.533333
51511   2.975000
51517   2.647059
51521   0.778761
51539   1.363636
51551   8.275862
51563   2.166667
51577   2.625000
51581   1.481481
51593   0.272727
51599   2.333333
51607   2.000000
51613   3.567568
51631   2.333333
51637   1.066667
51647   1.692308
51659   1.226415
51673   1.111111
51679   1.794872
51683   1.600000
51691   1.271186
51713   1.473684
51719   1.666667
51721   2.560976
51749   2.352273
51767   0.793651
51769   3.750000
51787   1.555556
51797   1.555556
51803   0.263158
51817   0.493151
51827   1.862069
51829   0.900000
51839   0.939130
51853   1.363636
51859   0.600000
51869   1.478261
51871   1.170732
51893   1.088889
51899   1.105263
51907   0.777778
51913   1.833333
51929   1.400000
51941   2.444444
51949   2.459016
51971   1.448276
51973   0.280000
51977   0.411168
51991   0.488550
52009   1.527778
52021   1.500000
52027   2.234043
52051   0.576923
52057   2.880000
52067   0.000000
52069   1.120000
52081   0.365591
52103   1.282051
52121   1.440000
52127   0.764706
52147   1.114286
52153   2.153846
52163   3.391304
52177   1.756098
52181   1.500000
52183   0.307692
52189   1.531915
52201   2.487805
52223   1.818182
52237   1.625000
52249   0.285714
52253   3.333333
52259   1.666667
52267   1.800000
52289   3.428571
52291   1.363636
52301   2.444444
52313   2.857143
52321   1.984962
52361   2.135593
52363   0.266667
52369   1.032258
52379   1.340426
52387   2.400000
52391   2.635417
52433   0.481366
52453   1.666667
52457   1.451613
52489   2.869565
52501   2.037037
52511   1.230769
52517   2.382353
52529   2.961039
52541   2.074074
52543   1.500000
52553   1.350000
52561   2.210526
52567   0.937500
52571   1.846154
52579   5.454545
52583   1.363636
52609   1.913043
52627   1.047619
52631   1.310345
52639   1.636364
52667   1.700000
52673   2.400000
52691   4.320000
52697   1.363636
52709   0.241379
52711   6.774194
52721   1.523810
52727   3.555556
52733   1.379310
52747   1.615385
52757   1.534884
52769   2.333333
52783   1.600000
52807   0.185185
52813   2.000000
52817   1.384615
52837   0.560000
52859   1.714286
52861   0.909091
52879   0.948276
52883   0.769231
52889   3.900000
52901   2.153846
52903   2.250000
52919   1.021858
52937   0.592593
52951   1.666667
52957   1.304348
52963   1.578947
52967   0.681818
52973   1.500000
52981   2.676471
52999   2.693878
53003   0.613636
53017   2.020408
53047   0.860759
53051   1.157895
53069   2.017241
53077   1.741935
53087   2.608696
53089   2.400000
53093   2.181818
53101   2.727273
53113   1.422222
53117   0.266667
53129   0.641026
53147   1.363636
53149   0.972222
53161   1.128205
53171   1.000000
53173   3.375000
53189   2.666667
53197   2.333333
53201   1.197183
53231   2.311111
53233   1.555556
53239   0.445026
53267   0.865385
53269   1.578947
53279   1.555556
53281   2.444444
53299   2.000000
53309   1.200000
53323   2.100000
53327   3.214286
53353   7.090909
53359   0.720000
53377   3.142857
53381   2.105263
53401   1.511628
53407   1.875000
53411   3.000000
53419   1.625000
53437   0.511628
53441   1.250000
53453   1.652174
53479   1.923077
53503   2.692308
53507   0.480000
53527   1.800000
53549   1.670886
53551   1.724138
53569   2.545455
53591   1.285714
53593   5.250000
53597   0.909091
53609   4.200000
53611   3.142857
53617   3.000000
53623   1.764706
53629   1.041667
53633   2.647059
53639   4.615385
53653   1.800000
53657   0.549020
53681   1.636364
53693   1.285714
53699   1.000000
53717   1.351351
53719   2.520000
53731   3.636364
53759   1.750000
53773   1.255814
53777   2.941176
53783   0.583333
53791   3.934426
53813   1.428571
53819   0.397059
53831   2.142857
53849   4.225000
53857   0.413793
53861   1.714286
53881   6.914894
53887   2.333333
53891   2.333333
53897   4.000000
53899   1.379310
53917   1.371429
53923   0.952381
53927   1.230769
53939   1.866667
53951   0.833333
53959   0.791209
53987   0.962264
53993   2.722222
54001   1.384615
54011   2.454545
54013   2.089286
54037   1.038462
54049   1.767857
54059   1.180556
54083   0.955224
54091   3.333333
54101   2.857143
54121   2.440678
54133   2.675676
54139   1.384615
54151   1.200000
54163   2.666667
54167   2.142857
54181   2.166667
54193   2.769231
54217   1.977273
54251   2.862385
54269   0.090909
54277   0.642857
54287   0.883978
54293   3.461538
54311   1.575758
54319   0.837209
54323   1.434783
54331   1.800000
54347   0.508475
54361   1.538462
54367   4.375000
54371   0.555556
54377   1.764706
54401   4.970588
54403   0.533333
54409   0.833333
54413   1.578947
54419   0.235294
54421   3.960000
54437   0.404908
54443   2.727273
54449   4.018182
54469   1.239437
54493   2.470588
54497   1.615385
54499   3.857143
54503   0.692308
54517   0.978261
54521   1.200000
54539   0.731707
54541   1.400000
54547   3.000000
54559   2.962963
54563   0.692308
54577   1.241379
54581   0.500000
54583   1.363636
54601   2.278351
54617   0.379310
54623   2.357143
54629   0.800000
54631   3.375000
54647   1.125000
54667   3.545455
54673   1.200000
54679   2.417910
54709   2.361111
54713   3.500000
54721   1.814815
54727   1.418919
54751   0.694444
54767   1.509804
54773   5.181818
54779   0.875000
54787   1.276596
54799   0.466667
54829   1.888889
54833   1.031250
54851   1.830508
54869   0.443182
54877   0.857143
54881   1.985294
54907   0.327273
54917   0.711864
54919   1.411765
54941   2.068966
54949   0.954545
54959   2.264151
54973   2.258065
54979   0.681818
54983   0.488889
55001   2.260870
55009   2.631579
55021   1.818182
55049   2.142857
55051   1.600000
55057   0.930233
55061   0.551724
55073   0.375000
55079   1.132075
55103   1.500000
55109   1.580645
55117   4.736842
55127   0.810811
55147   1.084337
55163   0.923077
55171   2.000000
55201   3.176471
55207   3.272727
55213   3.333333
55217   3.666667
55219   0.857143
55229   0.990826
55243   1.081081
55249   0.444444
55259   4.200000
55291   1.409639
55313   2.790698
55331   3.513514
55333   3.666667
55337   1.571429
55339   3.000000
55343   5.076923
55351   1.636364
55373   1.721311
55381   2.166667
55399   0.742574
55411   1.395349
55439   1.042471
55441   0.998020
55457   2.947368
55469   2.500000
55487   2.240000
55501   2.000000
55511   7.700000
55529   1.764706
55541   1.421053
55547   0.838235
55579   2.100000
55589   3.829787
55603   0.952381
55609   2.370370
55619   0.272727
55621   0.324324
55631   1.058824
55633   4.000000
55639   0.437500
55661   3.000000
55663   3.666667
55667   6.923077
55673   0.913043
55681   2.437500
55691   1.313433
55697   0.972222
55711   1.538462
55717   3.125000
55721   1.481481
55733   2.223529
55763   1.898438
55787   2.500000
55793   1.090909
55799   1.820000
55807   4.760000
55813   7.857143
55817   2.357143
55819   2.142857
55823   0.500000
55829   0.933333
55837   1.333333
55843   1.200000
55849   1.101124
55871   2.142857
55889   4.447368
55897   2.444444
55901   1.500000
55903   0.697674
55921   2.307692
55927   0.454545
55931   1.500000
55933   5.192308
55949   0.576271
55967   0.380000
55987  10.058824
55997   2.222222
56003   3.096774
56009   1.756098
56039   1.647059
56041   2.258065
56053   2.253521
56081   3.238095
56087   5.142857
56093   0.857143
56099   1.777778
56101   1.272727
56113   1.269231
56123   4.200000
56131   1.602740
56149   2.045455
56167   1.222222
56171   0.545455
56179   5.633333
56197   3.181818
56207   1.142857
56209   2.045455
56237   3.260870
56239   2.160000
56249   2.666667
56263   1.451613
56267   0.789474
56269   1.641026
56299   2.000000
56311   0.957746
56333   3.230769
56359   1.000000
56369   2.739130
56377   1.473684
56383   3.333333
56393   2.842105
56401   3.243243
56417   1.630435
56431   1.212121
56437   2.769231
56443   0.935065
56453   0.913043
56467   0.500000
56473   1.296296
56477   1.090909
56479   0.500000
56489   2.391304
56501   2.000000
56503   1.500000
56509   1.548387
56519   7.411765
56527   1.411765
56531   2.142857
56533   1.304348
56543   4.333333
56569   2.313253
56591   1.666667
56597   1.894737
56599   2.333333
56611   2.142857
56629   2.444444
56633   0.714286
56659   2.777778
56663   1.714286
56671   2.250000
56681   0.533333
56687   3.333333
56701   1.371429
56711   1.666667
56713   1.470588
56731   0.000000
56737   2.105263
56747   2.014925
56767   1.654545
56773   0.666667
56779   1.428571
56783   0.958904
56807   1.114286
56809   1.909091
56813   2.000000
56821   4.666667
56827   1.650000
56843   1.216216
56857   2.830189
56873   1.030303
56891   2.941176
56893   4.200000
56897   2.742857
56909   3.000000
56911   1.200000
56921   2.250000
56923   0.869565
56929   1.451613
56941   2.200000
56951   1.166667
56957   0.818182
56963   1.591837
56983   0.650000
56989   2.307692
56993   2.500000
56999   3.226667
57037   2.240000
57041   1.923077
57047   0.692308
57059   0.500000
57073   1.852941
57077   2.666667
57089   3.000000
57097   4.000000
57107   1.718750
57119   1.073171
57131   1.250000
57139   1.941176
57143   0.882353
57149   0.769231
57163   3.555556
57173   2.962963
57179   1.714286
57191   1.500000
57193   2.181818
57203   1.580645
57221   2.068966
57223   1.590909
57241   2.222222
57251   2.250000
57259   0.972973
57269   2.285714
57271   2.851852
57283   0.780488
57287   1.800000
57301   1.122137
57329   2.704918
57331   1.972603
57347   0.707865
57349   1.000000
57367   1.680000
57373   1.333333
57383   2.064516
57389   1.944444
57397   2.285714
57413   1.119403
57427   1.392405
57457   2.040816
57467   0.957447
57487   0.577778
57493   1.200000
57503   0.796875
57527   5.000000
57529   1.551724
57557   5.769231
57559   1.076923
57571   1.615385
57587   1.941176
57593   2.520000
57601   3.641379
57637   1.855670
57641   1.333333
57649   1.200000
57653   0.857143
57667   2.600000
57679   0.440000
57689   1.741935
57697   0.833333
57709   2.222222
57713   2.000000
57719   1.166667
57727   1.578947
57731   5.000000
57737   0.333333
57751   2.106383
57773   3.235294
57781   3.000000
57787   2.692308
57791   1.200000
57793   1.071429
57803   0.480000
57809   1.333333
57829   0.731707
57839   4.500000
57847   0.000000
57853   0.521739
57859   0.893617
57881   0.869565
57899   2.068966
57901   1.333333
57917   1.047619
57923   0.619048
57943   3.882353
57947   0.703125
57973   0.646552
57977   1.451613
57991   4.408163
58013   1.148936
58027   1.022727
58031   0.355556
58043   2.812500
58049   4.666667
58057   0.900000
58061   2.352941
58067   0.545455
58073   0.372093
58099   1.862069
58109   2.400000
58111   2.857143
58129   1.963636
58147   1.000000
58151   3.428571
58153   1.607143
58169   2.250000
58171   2.368421
58189   0.814815
58193   1.250000
58199   0.903226
58207   2.000000
58211   0.322581
58217   4.000000
58229   2.227273
58231   2.500000
58237   0.695652
58243   0.475524
58271   3.212389
58309   1.400000
58313   1.255814
58321   4.901408
58337   2.413793
58363   0.731707
58367   1.500000
58369   1.230769
58379   0.956522
58391   1.217391
58393   1.090909
58403   0.818182
58411   0.933333
58417   1.481481
58427   0.714286
58439   0.724138
58441   1.500000
58451   0.222222
58453   0.527027
58477   0.358974
58481   4.816667
58511   1.555556
58537   4.078431
58543   2.400000
58549   1.090909
58567   0.387097
58573   0.782609
58579   2.372881
58601   1.241379
58603   1.909091
58613   1.324324
58631   0.656716
58657   1.475410
58661   0.379310
58679   2.394737
58687   2.470588
58693   0.150000
58699   0.692308
58711   1.884615
58727   0.000000
58733   1.333333
58741   1.909091
58757   1.795918
58763   1.105263
58771   1.066667
58787   0.900000
58789   1.122449
58831   7.399103
58889   6.663462
58897   1.200000
58901   1.818182
58907   0.514286
58909   1.666667
58913   3.666667
58921   1.384615
58937   2.062500
58943   0.634146
58963   1.500000
58967   1.625000
58979   1.548387
58991   0.382979
58997   0.703125
59009   0.813953
59011   1.071429
59021   3.300000
59023   0.960000
59029   2.187500
59051   0.597345
59053   1.925926
59063   1.015873
59069   1.866667
59077   2.100000
59083   1.000000
59093   2.232558
59107   1.764706
59113   4.588235
59119   1.785714
59123   0.687500
59141   1.300000
59149   3.240000
59159   0.972973
59167   0.827586
59183   2.333333
59197   1.846154
59207   0.900000
59209   0.285714
59219   1.000000
59221   3.500000
59233   1.406250
59239   1.428571
59243   0.648649
59263   1.293103
59273   4.500000
59281   3.973510
59333   1.025641
59341   1.836735
59351   0.695652
59357   2.250000
59359   2.250000
59369   3.428571
59377   1.928571
59387   0.516129
59393   2.478261
59399   0.942308
59407   1.909091
59417   2.400000
59419   3.310345
59441   2.117647
59443   1.200000
59447   0.666667
59453   1.282051
59467   2.647059
59471   0.250000
59473   3.763158
59497   1.363636
59509   5.000000
59513   1.346154
59539   0.666667
59557   1.609756
59561   3.000000
59567   1.851852
59581   2.346667
59611   2.454545
59617   1.956522
59621   1.388889
59627   1.428571
59629   2.516129
59651   0.394737
59659   3.272727
59663   2.500000
59669   1.636364
59671   1.791045
59693   2.227273
59699   1.750000
59707   0.363636
59723   2.566667
59729   2.000000
59743   3.857143
59747   1.538462
59753   4.000000
59771   1.625000
59779   4.418605
59791   0.833333
59797   2.131579
59809   1.000000
59833   1.569767
59863   1.424779
59879   1.066667
59887   1.989474
59921   1.413462
59929   3.367347
59951   2.074074
59957   0.555556
59971   2.461538
59981   1.076923
59999   5.973333
60013   0.923077
60017   0.432432
60029   0.162602
60037   2.086957
60041   1.866667
60077   0.753363
60083   3.157895
60089   2.153846
60091   1.263158
60101   3.187500
60103   1.500000
60107   0.400000
60127   0.565217
60133   1.000000
60139   3.294118
60149   2.081081
60161   4.125000
60167   2.666667
60169   1.909091
60209   1.714286
60217   1.340426
60223   2.266667
60251   1.500000
60257   1.250000
60259   1.235294
60271   3.571429
60289   0.804878
60293   0.777778
60317   1.868852
60331   2.500000
60337   1.750000
60343   1.655172
60353   1.022727
60373   1.132075
60383   1.142857
60397   0.000000
60413   0.365854
60427   3.139535
60443   2.129032
60449   1.312500
60457   2.793651
60493   0.477137
60497   2.514286
60509   2.400000
60521   0.467532
60527   1.500000
60539   2.505051
60589   2.455446
60601   5.538462
60607   1.388889
60611   4.615385
60617   1.411765
60623   1.852941
60631   2.882353
60637   1.103448
60647   3.545455
60649   1.600000
60659   0.480000
60661   2.352941
60679   1.473684
60689   1.105263
60703   0.595238
60719   1.500000
60727   2.172414
60733   0.882353
60737   1.170732
60757   1.621622
60761   1.090909
60763   1.680000
60773   1.176471
60779   3.333333
60793   0.609524
60811   1.826087
60821   1.388430
60859   1.875000
60869   2.000000
60887   3.055556
60889   2.250000
60899   2.769231
60901   3.062500
60913   1.142857
60917   1.636364
60919   2.000000
60923   0.562500
60937   2.380952
60943   2.461538
60953   0.486486
60961   1.582418
61001   2.211538
61007   0.827273
61027   2.634146
61031   1.846154
61043   1.142857
61051   5.687500
61057   1.333333
61091   0.818182
61099   1.538462
61121   1.525424
61129   1.142857
61141   3.384615
61151   2.076923
61153   1.028571
61169   1.673077
61211   1.446429
61223   2.702703
61231   1.179775
61253   0.857143
61261   1.621622
61283   1.914894
61291   2.800000
61297   3.773585
61331   1.636364
61333   2.117647
61339   0.535714
61343   0.947368
61357   4.615385
61363   1.466667
61379   2.181818
61381   1.395349
61403   2.333333
61409   2.227273
61417   0.363636
61441   1.822642
61463   3.019608
61469   1.666667
61471   3.888889
61483   9.142857
61487   0.333333
61493   2.083333
61507   1.500000
61511   3.500000
61519   1.116279
61543   1.377049
61547   1.842105
61553   6.857143
61559   1.280000
61561   4.705882
61583   2.172414
61603   1.322034
61609   2.307692
61613   7.043478
61627   1.741935
61631   2.142857
61637   2.000000
61643   2.434783
61651   2.153846
61657   0.761905
61667   1.655172
61673   1.750000
61681  16.722222
61687   0.717391
61703   0.671642
61717   2.333333
61723   1.428571
61729   0.577320
61751   0.942308
61757   1.525424
61781   0.941176
61813   0.775510
61819   1.945946
61837   1.714286
61843   1.818182
61861   1.217391
61871   1.956522
61879   0.962025
61909   1.428571
61927   1.333333
61933   1.609756
61949   1.060606
61961   1.565217
61967   0.931034
61979   2.520000
61981   2.000000
61987   0.312500
61991   1.025641
62003   1.071429
62011   8.272727
62017   1.473684
62039   0.775862
62047   2.800000
62053   1.071429
62057   0.818182
62071   0.827586
62081   1.365854
62099   1.821918
62119   1.224490
62129   1.500000
62131   1.636364
62137   2.857143
62141   1.200000
62143   2.571429
62171   1.292135
62189   0.588235
62191   1.090909
62201   2.526316
62207   0.910112
62213   2.470588
62219   1.666667
62233   3.403361
62273   1.924812
62297   1.936170
62299   2.000000
62303   2.222222
62311   1.142857
62323   0.975610
62327   0.679245
62347   2.000000
62351   0.333333
62383   1.470588
62401   1.172414
62417   4.551724
62423   2.100000
62459   1.864407
62467   0.488372
62473   1.818182
62477   0.375000
62483   0.952381
62497   1.607143
62501   1.222222
62507   2.181818
62533   0.685714
62539   1.000000
62549   1.058824
62563   0.727273
62581   1.135135
62591   1.846154
62597   2.727273
62603   0.769231
62617   0.837209
62627   1.600000
62633   2.625000
62639   1.136364
62653   1.282051
62659   0.978261
62683   0.965517
62687   3.521739
62701   4.754717
62723   1.206897
62731   1.935484
62743   1.294118
62753   1.384615
62761   1.363636
62773   0.600000
62791   1.253731
62801   2.041667
62819   1.405405
62827   0.202532
62851   1.545455
62861   2.531250
62869   0.888889
62873   0.000000
62897   0.394737
62903   1.090909
62921   1.411765
62927   2.500000
62929   2.142857
62939   1.612903
62969   4.363636
62971   0.818182
62981   3.000000
62983   0.656250
62987   0.882353
62989   1.061798
63029   1.680000
63031   2.400000
63059   0.562500
63067   0.682927
63073   1.153846
63079   2.545455
63097   0.600000
63103   0.444444
63113   2.769231
63127   2.454545
63131   1.320000
63149   2.538462
63179   2.891566
63197   2.068966
63199   1.166667
63211   2.486842
63241   2.219178
63247   0.792453
63277   0.906667
63281   0.916667
63299   0.365854
63311   1.842105
63313   4.500000
63317   2.172414
63331   2.666667
63337   1.894737
63347   7.111111
63353   2.187500
63361   2.382979
63367   1.548387
63377   2.444444
63389   2.333333
63391   0.500000
63397   1.440000
63409   0.392857
63419   2.086957
63421   0.704225
63439   1.222222
63443   0.972973
63463   3.348837
63467   1.071429
63473   0.322581
63487   2.527473
63493   0.685714
63499   0.573099
63521   1.555556
63527   0.157895
63533   0.567568
63541   2.200000
63559   1.894737
63577   1.826087
63587   2.000000
63589   1.304348
63599   1.846154
63601   2.588235
63607   1.428571
63611   2.692308
63617   2.250000
63629   0.818182
63647   0.975610
63649   0.909091
63659   0.964286
63667   2.000000
63671   0.916667
63689   1.111111
63691   2.461538
63697   2.307692
63703   1.263158
63709   0.842105
63719   1.285714
63727   1.500000
63737   1.846154
63743   0.857143
63761   2.000000
63773   1.470588
63781   0.000000
63793   0.720000
63799   2.307692
63803   0.500000
63809   0.666667
63823   1.406250
63839   1.653061
63841   1.953488
63853   2.545455
63857   0.434783
63863   1.925000
63901   0.891892
63907   0.400000
63913   0.314286
63929   1.475410
63949   1.469388
63977   0.537313
63997   0.463320
64007   1.050505
64013   1.894737
64019   1.219512
64033   0.545455
64037   2.000000
64063   1.000000
64067   1.451613
64081   0.878049
64091   2.680851
64109   1.361702
64123   2.423077
64151   2.500000
64153   0.461538
64157   0.729730
64171   2.678571
64187   0.750000
64189   2.333333
64217   0.395349
64223   0.451613
64231   1.346154
64237   1.538462
64271   0.488372
64279   2.400000
64283   0.785714
64301   2.272727
64303   1.384615
64319   1.371429
64327   1.448276
64333   2.000000
64373   2.264151
64381   1.418182
64399   1.047619
64403   1.062500
64433   2.739130
64439   3.193548
64451   0.250000
64453   2.162162
64483   1.500000
64489   2.500000
64499   2.048780
64513   2.820896
64553   6.506024
64567   3.243243
64577   7.846154
64579   3.208333
64591   6.769231
64601   6.857143
64609   2.444444
64613   1.894737
64621   4.375000
64627   1.000000
64633   0.910714
64661   6.734694
64663   0.720000
64667   1.142857
64679   1.666667
64693   1.428571
64709   1.263158
64717   0.506667
64747   3.338710
64763   2.870130
64781   1.333333
64783   0.818182
64793   0.510949
64811   2.666667
64817   1.128713
64849   2.930233
64853   1.222222
64871   2.400000
64877   5.600000
64879   1.750000
64891   3.384615
64901   3.405405
64919   2.285714
64921   1.000000
64927   2.434783
64937   3.000000
64951   2.666667
64969   2.902913
64997   1.491228
65003   1.750000
65011   1.000000
65027   1.045161
65029   2.454545
65033   1.230769
65053   0.750000
65063   0.375000
65071   1.756757
65089   3.027027
65099   2.160000
65101   1.028571
65111   3.600000
65119   0.222222
65123   0.526316
65129   1.451613
65141   1.285714
65147   0.317073
65167   2.181818
65171   1.312500
65173   2.285714
65179   2.777778
65183   1.787234
65203   1.139241
65213   0.658537
65239   1.235955
65257   1.489362
65267   2.275862
65269   2.592593
65287   0.214286
65293   1.375000
65309   1.615385
65323   1.702703
65327   0.882353
65353   0.489130
65357   0.300000
65371   0.615385
65381   1.100000
65393   1.238095
65407   4.166667
65413   0.461538
65419   1.388889
65423   2.769231
65437   1.358491
65447   0.214286
65449   2.250000
65479   1.479452
65497   0.769231
65519   1.820690
65521   1.887931
65537   2.109915
65539   2.888889
65543   1.916667
65551   1.714286
65557   2.625000
65563   1.466667
65579   3.342857
65581   2.500000
65587   1.421053
65599   1.801724
65609   0.885246
65617   3.478261
65629   1.056604
65633   1.000000
65647   0.800000
65651   1.166667
65657   2.476190
65677   2.282609
65687   3.025000
65699   3.500000
65701   2.434783
65707   7.800000
65713   1.875000
65717   1.250000
65719   1.615385
65729   0.375000
65731   1.931034
65761   2.728814
65777   1.976471
65789   1.029703
65809   3.662651
65827   1.750000
65831   1.785714
65837   0.909091
65839   1.200000
65843   1.200000
65851   0.857143
65867   3.648649
65881   2.509804
65899   3.103448
65921   2.800000
65927   1.500000
65929   1.538462
65951   0.933333
65957   0.285714
65963   2.322581
65981   0.322581
65983   0.400000
65993   2.555556
66029   0.453608
66037   1.000000
66041   0.333333
66047   1.458537
66067   3.037975
66071   1.043478
66083   0.794118
66089   2.812500
66103   0.514286
66107   1.666667
66109   2.692308
66137   2.025974
66161   6.620690
66169   1.764706
66173   2.222222
66179   0.957447
66191   1.651685
66221   1.920000
66239   1.785714
66271   0.683544
66293   1.621622
66301   1.257143
66337   0.724138
66343   1.750000
66347   4.705882
66359   1.931034
66361   1.750000
66373   1.090909
66377   2.222222
66383   2.333333
66403   2.727273
66413   2.434783
66431   2.571429
66449   2.022222
66457   1.500000
66463   2.083333
66467   3.230769
66491   1.627119
66499   3.681818
66509   0.387097
66523   0.294118
66529   0.425532
66533   2.250000
66541   1.739130
66553   1.063291
66569   0.947368
66571   1.542857
66587   2.129032
66593   3.705882
66601   3.130435
66617   2.500000
66629   0.812500
66643   1.241379
66653   0.829016
66683   1.750000
66697   3.115385
66701   0.800000
66713   0.555556
66721   2.916667
66733   0.818182
66739   0.842105
66749   2.076923
66751   0.724138
66763   3.404255
66791   1.152542
66797   3.130435
66809   3.891892
66821   1.500000
66841   1.666667
66851   2.857143
66853   4.000000
66863   1.674419
66877   3.870968
66883   1.500000
66889   2.793103
66919   1.108696
66923   0.681818
66931   0.322581
66943   0.615385
66947   1.615385
66949   0.818182
66959   0.235294
66973   2.500000
66977   4.200000
67003   0.964912
67021   0.697674
67033   0.687500
67043   0.960000
67049   3.500000
67057   2.100000
67061   1.920000
67073   2.302326
67079   1.818182
67103   2.887500
67121   1.575758
67129   1.285714
67139   1.285714
67141   2.210526
67153   1.600000
67157   1.142857
67169   2.400000
67181   1.687500
67187   1.333333
67189   0.911392
67211   0.986301
67213   2.500000
67217   1.615385
67219   1.944444
67231   1.636364
67247   1.090909
67261   1.621622
67271   3.000000
67273   1.636364
67289   0.492754
67307   1.562500
67339   1.058824
67343   0.588235
67349   1.547619
67369   0.600000
67391   1.022727
67399   3.130435
67409   2.896552
67411   5.600000
67421   6.666667
67427   2.153846
67429   0.214286
67433   1.227273
67447   2.571429
67453   1.333333
67477   2.390244
67481   0.545455
67489   3.529412
67493   5.000000
67499   1.800000
67511   1.500000
67523   0.833333
67531   2.333333
67537   2.782609
67547   1.222222
67559   0.967742
67567   5.318182
67577   2.625000
67579   0.250000
67589   0.458333
67601   0.739726
67607   1.333333
67619   1.500000
67631   0.738462
67651   3.520000
67679   2.024096
67699   5.625000
67709   0.979592
67723   2.571429
67733   1.928571
67741   2.142857
67751   2.000000
67757   3.333333
67759   0.818182
67763   2.500000
67777   6.578947
67783   1.200000
67789   1.384615
67801   1.285714
67807   2.142857
67819   0.956522
67829   0.240000
67843   2.608696
67853   0.444444
67867   1.438356
67883   2.153846
67891   4.864865
67901   1.038462
67927   3.281250
67931   4.500000
67933   1.200000
67939   0.526316
67943   0.500000
67957   2.903226
67961   1.666667
67967   1.200000
67979   3.333333
67987   1.000000
67993   2.204082
68023   1.161290
68041   1.833333
68053   0.857143
68059   1.968750
68071   0.677419
68087   1.076923
68099   1.384615
68111   4.666667
68113   1.739130
68141   2.000000
68147   1.481481
68161   3.200000
68171   1.210526
68207   2.758065
68209   0.631579
68213   1.333333
68219   2.470588
68227   1.333333
68239   2.644444
68261   0.877193
68279   2.000000
68281   1.959184
68311   2.630137
68329   0.967742
68351   0.840000
68371   1.295455
68389   0.411765
68399   2.625000
68437   2.200000
68443   1.666667
68447   1.285714
68449   3.466667
68473   0.954545
68477   2.000000
68483   1.846154
68489   2.857143
68491   2.142857
68501   0.571429
68507   0.333333
68521   0.900000
68531   1.285714
68539   3.000000
68543   1.849057
68567   0.678571
68581   1.125000
68597   2.250000
68611   0.631579
68633   2.916667
68639   1.500000
68659   2.083333
68669   0.947368
68683   3.461538
68687   1.142857
68699   2.470588
68711   0.318182
68713   2.076923
68729   1.000000
68737   1.272727
68743   1.500000
68749   1.200000
68767   1.375000
68771   0.263158
68777   2.727273
68791   0.260870
68813   2.333333
68819   2.666667
68821   2.346667
68863   2.936709
68879   1.384615
68881   3.136364
68891   1.920000
68897   3.384615
68899   2.571429
68903   1.785714
68909   2.545455
68917   0.368182
68927   2.014925
68947   2.210526
68963   3.833333
68993   1.381818
69001   2.131579
69011   1.200000
69019   0.321429
69029   1.384615
69031   2.051282
69061   1.148936
69067   0.300000
69073   2.470588
69109   1.277778
69119   0.605042
69127   2.880000
69143   1.000000
69149   1.818182
69151   2.722222
69163   0.888889
69191   5.714286
69193   2.250000
69197   1.304348
69203   5.538462
69221   3.157895
69233   1.173913
69239   0.583333
69247   6.352941
69257   1.714286
69259   0.000000
69263   2.042017
69313   1.557692
69317   1.800000
69337   1.250000
69341   1.307692
69371   1.117647
69379   1.636364
69383   2.142857
69389   7.071429
69401   1.000000
69403   1.405405
69427   4.941176
69431   4.363636
69439   0.619048
69457   2.068966
69463   0.500000
69467   3.333333
69473   1.500000
69481   5.684211
69491   2.526316
69493   1.125000
69497   1.500000
69499   6.255319
69539   3.085106
69557   3.033708
69593   4.931034
69623   2.008368
69653   0.982759
69661   1.241379
69677   1.333333
69691   1.428571
69697   1.414286
69709   1.016949
69737   1.463415
69739   0.000000
69761   1.945946
69763   0.500000
69767   1.297297
69779   2.377358
69809   2.800000
69821   1.500000
69827   1.272727
69829   2.076923
69833   0.750000
69847   0.615385
69857   2.538462
69859   1.379310
69877   1.315789
69899   0.611511
69911   0.000000
69929   0.746269
69931   1.636364
69941   1.166667
69959   2.215190
69991   0.980645
69997   1.666667
70001   0.976744
70003   4.000000
70009   3.636364
70019   0.365854
70039   0.888889
70051   3.882353
70061   2.500000
70067   2.400000
70079   8.666667
70099   1.185185
70111   3.600000
70117   8.000000
70121   1.125000
70123   1.153846
70139   1.500000
70141   1.928571
70157   1.375000
70163   1.290323
70177   3.600000
70181   1.285714
70183   1.227273
70199   2.634146
70201   1.538462
70207  16.041667
70223   0.244444
70229   0.965517
70237   2.526316
70241   2.086957
70249   3.333333
70271   1.250000
70289   4.727273
70297   0.869565
70309   1.466667
70313   4.500000
70321   2.333333
70327   1.451613
70351   0.000000
70373   1.050000
70379   0.869565
70381   1.680000
70393   1.666667
70423   1.875000
70429   2.285714
70439   0.282051
70451   1.500000
70457   1.411765
70459   0.000000
70481   2.000000
70487   1.142857
70489   2.961538
70501   1.090909
70507   9.757576
70529   4.583333
70537   4.166667
70549   0.144068
70571   0.195122
70573   1.285714
70583   2.400000
70589   2.250000
70607   4.939024
70619   1.944444
70621   2.222222
70627   0.310345
70639   1.500000
70657   2.700000
70663   1.818182
70667   4.500000
70687   3.150000
70709   1.562500
70717   2.368421
70729   0.818182
70753   1.282051
70769   1.395349
70783   1.272727
70793   1.739130
70823   1.090909
70841   2.777778
70843   2.571429
70849   0.416667
70853   3.789474
70867   2.222222
70877   3.405405
70879   3.266667
70891   2.666667
70901   1.257143
70913   2.333333
70919   1.714286
70921   1.250000
70937   1.235294
70949   3.500000
70951   1.333333
70957   2.739130
70969   3.500000
70979   2.210526
70981   3.120000
70991   0.533333
70997   4.250000
70999   3.333333
71011   5.142857
71023   5.055556
71039   1.285714
71059   0.818182
71069   2.666667
71081   2.105263
71089   3.166667
71119   2.400000
71129   3.692308
71143   1.451613
71147   0.800000
71153   2.450000
71161   1.750000
71167   4.615385
71171   7.125000
71191   1.688889
71209   1.312500
71233   3.161290
71237   1.090909
71249   0.408163
71257   0.240000
71261   3.000000
71263   1.026316
71287   1.090909
71293   1.250000
71317  14.166667
71327   3.545455
71329   2.000000
71333   8.571429
71339   4.500000
71341   3.000000
71347   2.666667
71353   3.818182
71359   3.571429
71363   1.235294
71387   1.258065
71389   0.666667
71399   2.400000
71411   7.700000
71413   1.538462
71419   0.888889
71429   1.500000
71437   1.500000
71443   2.285714
71453   2.500000
71471   2.352941
71473   3.000000
71479   1.500000
71483   2.333333
71503   0.880000
71527   0.871795
71537   0.000000
71549   1.166667
71551   1.235294
71563   0.000000
71569   3.243243
71593   2.800000
71597   1.794872
71633   2.542373
71647   0.909091
71663   1.241379
71671   0.779221
71693   1.680000
71699   0.000000
71707   2.857143
71711   2.166667
71713   2.909091
71719   1.944444
71741   0.954545
71761   4.595745
71777   5.352941
71789   1.097561
71807   0.952381
71809   0.000000
71821   1.296296
71837   0.578947
71843   0.545455
71849   2.571429
71861   2.000000
71867   1.285714
71879   0.700000
71881   3.200000
71887   1.800000
71899   1.833333
71909   0.000000
71917  15.000000
71933   1.894737
71941   1.105263
71947   0.244444
71963   0.363636
71971   4.800000
71983   0.800000
71987   0.500000
71993   3.000000
71999   1.835294
72019   2.434783
72031   0.813559
72043   0.000000
72047   1.071429
72053   0.896552
72073   0.530973
72077   1.454545
72089   1.500000
72091   3.692308
72101   1.928571
72103   1.263158
72109   3.214286
72139   0.440678
72161   0.608696
72167   1.000000
72169   0.387097
72173   1.438356
72211   0.338028
72221   4.125000
72223   1.058824
72227   9.500000
72229   3.428571
72251   1.565217
72253   6.000000
72269   6.352941
72271   3.000000
72277   4.266667
72287   1.551724
72307   2.080000
72313   0.384615
72337   4.136364
72341   0.960000
72353   5.379310
72367   1.213333
72379   2.666667
72383   0.636364
72421   1.333333
72431   0.930233
72461   1.800000
72467   1.066667
72469   0.600000
72481   1.764706
72493   0.827586
72497   0.384615
72503   0.367347
72533   5.238095
72547   1.285714
72551   0.400000
72559   2.516129
72577   3.015228
72613   0.740741
72617   1.750000
72623   0.684211
72643   2.222222
72647   2.500000
72649   0.736842
72661   1.609756
72671   0.857143
72673   1.428571
72679   1.500000
72689   1.941176
72701   1.200000
72707   1.153846
72719   0.476190
72727  18.375000
72733   1.428571
72739   1.428571
72763   0.000000
72767   1.478261
72797   1.612903
72817   1.666667
72823   2.661972
72859   1.408163
72869   0.692308
72871   1.000000
72883   1.000000
72889   0.526316
72893   2.666667
72901   1.500000
72907   1.052632
72911   0.727273
72923   1.891892
72931   0.437500
72937   0.300000
72949   0.800000
72953   1.428571
72959   0.566038
72973   0.857143
72977   0.923077
72997   1.230769
73009   1.290323
73013   2.272727
73019   0.315789
73037  11.250000
73039   0.272727
73043   0.523810
73061   2.400000
73063   3.857143
73079   1.244444
73091   0.428571
73121   1.800000
73127   0.480000
73133   4.550000
73141   0.914286
73181   0.631579
73189   2.400000
73237   8.723077
73243   3.055556
73259   0.369565
73277   2.782609
73291   2.031250
73303   2.250000
73309   0.800000
73327   2.514286
73331   7.428571
73351   3.666667
73361   3.000000
73363   3.000000
73369   0.727273
73379   1.350000
73387   1.641975
73417   2.741935
73421   2.500000
73433   0.139130
73453   5.107143
73459   1.636364
73471   1.125000
73477   7.000000
73483   1.538462
73517   0.615385
73523  11.000000
73529   0.648649
73547   2.142857
73553   3.000000
73561   3.857143
73571   0.814815
73583   0.428571
73589   0.000000
73597   0.360000
73607   1.000000
73609   0.857143
73613   0.274510
73637   5.833333
73643   1.235294
73651   0.714286
73673   0.622222
73679   0.266667
73681   3.500000
73693   0.642857
73699   2.086957
73709   2.200000
73721   3.857143
73727   2.234043
73751   2.272727
73757   3.076923
73771   0.448276
73783   1.348315
73819   0.869565
73823   2.916667
73847   1.218750
73849   1.565217
73859   0.000000
73867   0.346154
73877   1.333333
73883   1.578947
73897   1.500000
73907   0.623762
73939   4.764706
73943   0.705882
73951   3.000000
73961   1.666667
73973   0.542857
73999   3.882353
74017   5.500000
74021   1.052632
74027   0.577778
74047   6.000000
74051   3.000000
74071   0.342105
74077   1.486486
74093   1.388889
74099   1.428571
74101   2.181818
74131   3.725806
74143   2.400000
74149   1.428571
74159   1.090909
74161   2.000000
74167   1.250000
74177   3.000000
74189   3.571429
74197   2.000000
74201   1.750000
74203   1.200000
74209   3.733333
74219   3.300000
74231   3.166667
74257   2.424242
74279   1.333333
74287   1.076923
74293   2.000000
74297   1.451613
74311   0.535714
74317   1.000000
74323   1.358491
74353   0.447368
74357   1.578947
74363   0.000000
74377   2.423077
74381   1.058824
74383   2.250000
74411   0.833333
74413   0.625000
74419   2.000000
74441   2.872340
74449   1.615385
74453   5.789474
74471   2.250000
74489   2.000000
74507   3.200000
74509   1.521739
74521   5.142857
74527   0.507246
74531   1.352113
74551   1.704545
74561   0.695652
74567   0.857143
74573   1.071429
74587   1.894737
74597   1.178571
74609   4.500000
74611   0.674699
74623   0.000000
74653   1.054945
74687   1.513158
74699   6.842105
74707   5.250000
74713   3.750000
74717  24.000000
74719   2.000000
74729   2.727273
74731   0.947368
74747  18.200000
74759   3.850000
74761   1.826087
74771   2.500000
74779   2.363636
74797   3.652174
74821   1.463415
74827   0.454545
74831   3.368421
74843   2.459459
74857   3.857143
74861   0.521739
74869   1.714286
74873   0.750000
74887   0.803571
74891   1.666667
74897   1.421053
74903   0.742857
74923   0.565217
74929   0.555556
74933   0.260870
74941   1.106383
74959   2.592593
75011   0.812030
75013   1.615385
75017   1.081081
75029   0.241692
75037   3.000000
75041   3.791667
75079   0.628743
75083   0.937500
75109   1.102941
75133   1.562500
75149   1.944444
75161   1.800000
75167   3.764706
75169   1.473684
75181   1.176471
75193   2.592593
75209   2.250000
75211   2.400000
75217   3.428571
75223   3.437500
75227   3.500000
75239   1.333333
75253   2.596154
75269   1.448276
75277   5.625000
75289   0.909091
75307   3.131579
75323   1.941176
75329   3.733333
75337   1.125000
75347   0.666667
75353   4.736842
75367   0.564706
75377   2.538462
75389   1.166667
75391   3.529412
75401   0.947368
75403   1.875000
75407   0.424242
75431   3.214286
75437   1.411765
75479   1.546875
75503   1.509434
75511   2.347826
75521   3.130435
75527   3.176471
75533   5.500000
75539   1.666667
75541   1.909091
75553   3.428571
75557  21.315789
75571   1.052632
75577   7.285714
75583   0.552846
75611   0.124542
75617   1.454545
75619   0.857143
75629   0.647059
75641   1.600000
75653   3.428571
75659   2.275000
75679   0.545455
75683   1.500000
75689   1.578947
75703   3.375000
75707   3.428571
75709   0.823529
75721   5.041667
75731   0.709677
75743   1.714286
75767   1.500000
75773   0.567568
75781   1.666667
75787   2.000000
75793   1.176471
75797   4.200000
75821   1.285714
75833   1.200000
75853   1.384615
75869   2.307692
75883   1.245283
75913   4.602740
75931   2.322581
75937   1.388889
75941   2.307692
75967   0.791667
75979   3.428571
75983   1.071429
75989   5.000000
75991   1.750000
75997   6.250000
76001   1.090909
76003   5.217391
76031   2.000000
76039   2.074074
76079   0.626866
76081   0.827586
76091   1.000000
76099   1.440000
76103   1.021277
76123   1.925926
76129   1.548387
76147   0.800000
76157   1.000000
76159   0.150000
76163   1.440000
76207   1.388889
76213   2.545455
76231   0.600000
76243   0.666667
76249   2.000000
76253   0.454545
76259   1.000000
76261   1.333333
76283   3.111111
76289   2.083333
76303   0.594595
76333   0.701754
76343   3.966667
76367  14.677419
76369   1.384615
76379   1.384615
76387   0.666667
76403   1.545455
76421   0.625000
76423   2.000000
76441   2.025316
76463   0.967742
76471   1.058824
76481   1.454545
76487   3.428571
76493   1.818182
76507   0.409091
76511   1.500000
76519   2.031250
76537   1.760000
76541   0.857143
76543   3.493976
76561   4.604651
76579   6.387097
76597   2.608696
76603   4.000000
76607   1.527273
76631   0.865979
76649   1.739130
76651   2.863636
76667  12.666667
76673   0.000000
76679   2.625000
76697   1.965517
76717   0.590164
76733   1.417323
76753   0.727273
76757   1.800000
76771   4.375000
76777   8.000000
76781   2.500000
76801   3.970149
76819   1.750000
76829   4.285714
76831   0.897959
76837   0.960000
76847   1.333333
76871   1.793103
76873   0.857143
76883   1.603774
76907   1.607143
76913   1.800000
76919   0.762712
76943   2.812500
76949   0.750000
76961   0.823529
76963   2.419355
76991   0.000000
77003   0.265306
77017   1.851852
77023   3.230769
77029   0.000000
77041   1.894737
77047   3.276596
77069   1.108696
77081   0.558140
77093   1.250000
77101   4.052632
77137   1.739130
77141   2.823529
77153   2.437500
77167   1.285714
77171   1.826087
77191   2.205882
77201   0.500000
77213   2.204082
77237   4.612903
77239   0.000000
77243   0.714286
77249   1.285714
77261   4.200000
77263   1.714286
77267   3.000000
77269   4.500000
77279   1.635135
77291   1.688889
77317   1.000000
77323   3.807692
77339   0.750000
77347   0.545455
77351   0.900000
77359   1.500000
77369   1.687500
77377  24.733333
77383   2.553191
77417   2.700000
77419   1.750000
77431   2.000000
77447   4.081633
77471   1.000000
77477  22.666667
77479   3.600000
77489   1.250000
77491   1.052632
77509   1.666667
77513   1.846154
77521   0.690141
77527   4.400000
77543   1.375000
77549   2.000000
77551   4.000000
77557   5.368421
77563   4.200000
77569   1.923077
77573   0.771429
77587   2.769231
77591   0.960000
77611   0.520000
77617   2.173913
77621   3.000000
77641   2.516129
77647   1.451613
77659   4.080000
77681   0.848485
77687   1.052632
77689   2.857143
77699   0.594595
77711   4.925926
77713   3.000000
77719   3.500000
77723   1.600000
77731   2.352941
77743   2.880000
77747   5.086957
77761   2.468354
77773   3.540230
77783   1.176471
77797   5.558824
77801   0.592593
77813   1.357143
77839   1.774648
77849   0.666667
77863   1.125000
77867   2.692308
77893   0.914286
77899   3.521739
77929   1.500000
77933   1.736842
77951   1.800000
77969   7.800000
77977  10.137931
77983   0.846154
77999   4.384615
78007   3.521739
78017   1.090909
78031   1.875000
78041   1.714286
78049   0.562500
78059   0.000000
78079   2.194030
78101   7.170732
78121   0.863469
78137   1.285714
78139   0.769231
78157   2.511628
78163   5.833333
78167   1.666667
78173   4.285714
78179   0.391304
78191   0.636364
78193   1.285714
78203   1.018868
78229   0.909091
78233   8.000000
78241   0.906977
78259   1.714286
78277   1.655172
78283   2.307692
78301   3.375000
78307   2.222222
78311   0.000000
78317   1.875000
78341   0.750000
78347   0.742857
78367   0.750000
78401   2.592593
78427   0.327273
78437   0.000000
78439   4.137931
78467   3.750000
78479   0.000000
78487   5.100000
78497   1.760000
78509   2.625000
78511  12.000000
78517   1.217391
78539   2.133333
78541   1.428571
78553   1.866667
78569   3.315789
78571   1.090909
78577   2.142857
78583   0.800000
78593   1.826087
78607   2.343750
78623   0.580645
78643  10.920000
78649   0.909091
78653   3.080000
78691   1.178571
78697   0.800000
78707   1.142857
78713   1.105263
78721   0.480000
78737   0.942238
78779   4.745098
78781   5.600000
78787  27.500000
78791   3.437500
78797   2.250000
78803   1.125000
78809   1.923077
78823   2.222222
78839   2.142857
78853   0.794118
78857   4.285714
78877   7.741935
78887  19.285714
78889   3.600000
78893   0.800000
78901   4.978723
78919   1.076923
78929   4.714286
78941   1.565217
78977   0.950000
78979   3.428571
78989   1.902439
79031   1.530612
79039   1.411765
79043   1.241379
79063   1.320000
79087   1.250000
79103   0.413793
79111   2.441860
79133   1.166667
79139   1.555556
79147   2.000000
79151   3.000000
79153   4.800000
79159   0.763636
79181   0.777778
79187   0.000000
79193   4.083333
79201   6.387097
79229   2.000000
79231   0.300000
79241   1.714286
79259   3.600000
79273   1.904762
79279   1.500000
79283   0.440000
79301   1.733333
79309   0.750000
79319   2.800000
79333   1.862069
79337   2.181818
79349   1.071429
79357   0.509434
79367   0.000000
79379   0.928571
79393   3.857143
79397  16.200000
79399   1.521739
79411   0.750000
79423   0.774194
79427   2.857143
79433   1.714286
79451   0.000000
79481   0.000000
79493   0.904977
79531   1.692308
79537   1.500000
79549   0.916667
79559   1.428571
79561   1.034483
79579   4.666667
79589   1.434783
79601   0.370370
79609   1.565217
79613   2.571429
79621   2.545455
79627   0.714286
79631   4.714286
79633   2.736842
79657   3.214286
79669   0.937500
79687   3.142857
79691   2.000000
79693   1.000000
79697   2.375000
79699   8.059701
79757   3.240741
79769   0.625000
79777   5.581395
79801   1.172414
79811   1.142857
79813   4.500000
79817   2.500000
79823   0.150000
79829   0.145161
79841   0.291667
79843   3.000000
79847   2.863636
79861   1.666667
79867   4.400000
79873   1.375000
79889   3.684211
79901   1.166667
79903   0.857143
79907   3.692308
79939   4.628571
79943   1.354839
79967   2.272727
79973   0.400000
79979   4.200000
79987   2.423077
79997  11.684211
79999   4.590604
80021   1.724138
80039   0.000000
80051   7.578947
80071   3.354839
80077   0.525547
80107   1.159091
80111   4.250000
80141   2.250000
80147   0.941176
80149   5.250000
80153   1.956522
80167   0.303030
80173   2.500000
80177   3.857143
80191   1.119403
80207   1.250000
80209   3.888889
80221   2.200000
80231   4.000000
80233   0.800000
80239   0.947368
80251   1.241379
80263   1.269231
80273   1.846154
80279   0.500000
80287   0.000000
80309   0.918367
80317   2.068966
80329   0.705882
80341   3.000000
80347   0.647059
80363   0.611111
80369   1.333333
80387   0.000000
80407   1.312500
80429   4.390244
80447   2.307692
80449   1.920000
80471   1.090909
80473   0.843750
80489   0.375000
80491   1.800000
80513   1.142857
80527   0.000000
80537   1.125000
80557   0.789474
80567   0.318182
80599   2.360656
80603   1.125000
80611   0.692308
80621   1.066667
80627   0.615385
80629   0.042705
80651   0.343860
80657   1.636364
80669   2.851852
80671   1.538462
80677   2.000000
80681   1.500000
80683   2.400000
80687   3.176471
80701   1.000000
80713   1.058824
80737   1.287879
80747   2.000000
80749   2.210526
80761   0.800000
80777   7.363636
80779   0.692308
80783   0.847458
80789   2.352941
80803   3.870968
80809   3.151515
80819   3.034483
80831   2.187500
80833   1.421053
80849   2.625000
80863   4.173913
80897   2.300000
80909   7.000000
80911   2.117647
80917   1.241379
80923   0.923077
80929   2.941176
80933   0.705882
80953   2.142857
80963   5.823529
80989   5.135135
81001   1.974684
81013   1.391304
81017   1.846154
81019   2.333333
81023   1.200000
81031   1.800000
81041   6.000000
81043   1.200000
81047   3.000000
81049   1.548387
81071   1.647059
81077   0.300000
81083   0.625000
81097   1.542857
81101   2.406250
81119   2.625000
81131   2.923077
81157   2.222222
81163   1.714286
81173   0.562500
81181   4.666667
81197   1.038462
81199   1.058824
81203   0.000000
81223   0.949367
81233   1.333333
81239   1.818182
81281   4.840000
81283   1.285714
81293   1.882353
81299   1.866667
81307   0.615385
81331   1.317073
81343   1.333333
81349   1.000000
81353   0.277778
81359   0.409091
81371   3.769231
81373   1.744186
81401   2.278481
81409   1.212121
81421   2.222222
81439   1.469388
81457   2.526316
81463   9.360000
81509   3.103448
81517   3.375000
81527   0.000000
81533   1.111111
81547   3.214286
81551   2.400000
81553   1.500000
81559   0.714286
81563   1.666667
81569   1.411765
81611   3.076923
81619   8.217391
81629   0.857143
81637   1.350000
81647   0.960000
81649   0.967742
81667   1.031250
81671  13.000000
81677   1.575000
81689   1.565217
81701   0.538462
81703   1.500000
81707   1.384615
81727   0.750000
81737   0.611111
81749   1.384615
81761   3.333333
81769   1.166667
81773   1.406250
81799   1.189189
81817   1.428571
81839   5.270270
81847   0.933333
81853   7.333333
81869   1.829268
81883   1.500000
81899   0.620690
81901   3.714286
81919   1.770115
81929   2.000000
81931   2.181818
81937   1.384615
81943   0.888889
81953   1.920000
81967   0.000000
81971   1.090909
81973   1.333333
82003   1.307692
82007   0.545455
82009   4.800000
82013   5.000000
82021   2.482759
82031   1.411765
82037   0.800000
82039   1.272727
82051   1.312500
82067   0.366667
82073   5.391304
82129   3.084112
82139   1.714286
82141   1.312500
82153   1.222222
82163   0.642857
82171   1.000000
82183   1.800000
82189   1.000000
82193   0.692308
82207   0.774194
82217   1.333333
82219   1.200000
82223   1.071429
82231   1.750000
82237   2.500000
82241   2.315789
82261   1.413043
82267   3.461538
82279   0.809524
82301   2.333333
82307   0.575758
82339   1.105263
82349   0.631579
82351   2.250000
82361   0.000000
82373   0.559140
82387   0.952381
82393   0.459459
82421   3.246377
82457   0.823529
82463   0.428571
82469   3.200000
82471   2.800000
82483   0.533333
82487   0.416667
82493   1.636364
82499   4.290323
82507   0.326087
82529   0.461538
82531   0.625000
82549   4.666667
82559   1.200000
82561   2.000000
82567   1.666667
82571   1.800000
82591   1.935484
82601   1.350000
82609   3.375000
82613   0.000000
82619   1.891892
82633   0.380952
82651   0.387097
82657   2.100000
82699   1.129412
82721   2.918919
82723   2.625000
82727   1.384615
82729   1.406250
82757   2.571429
82759   0.750000
82763   2.500000
82781   2.880000
82787   6.000000
82793   2.000000
82799   1.250000
82811   2.333333
82813   2.052632
82837   0.850000
82847   1.380000
82883   1.826087
82889   3.000000
82891   0.000000
82903   0.282051
82913   1.180328
82939   0.655738
82963   1.217391
82981   0.723404
82997   1.189189
83003  10.500000
83009   1.739130
83023   0.296875
83047   1.255814
83059   0.000000
83063   0.000000
83071   0.583333
83077   3.272727
83089   2.666667
83093   0.666667
83101   1.826087
83117   4.764706
83137   4.200000
83177   0.318328
83203   1.764706
83207   3.428571
83219   2.227273
83221   1.142857
83227   2.500000
83231   1.200000
83233   3.900000
83243   1.241379
83257   1.565217
83267   0.882353
83269   3.000000
83273   1.200000
83299   1.096154
83311   1.403509
83339   2.096774
83341   0.574468
83357   2.377358
83383   5.866667
83389   1.142857
83399   2.769231
83401   1.600000
83407   2.352941
83417   0.470588
83423   1.235294
83431  12.250000
83437   1.548387
83443   1.875000
83449   2.285714
83459   0.500000
83471   1.000000
83477   2.476190
83497   1.791045
83537   2.117647
83557   1.894737
83561   1.000000
83563   0.529412
83579   3.888889
83591   1.730769
83597   0.486486
83609   2.666667
83617   1.714286
83621   2.640000
83639   3.913043
83641   7.700000
83653   2.315789
83663   1.285714
83689   0.000000
83701   1.166667
83717   0.642857
83719   0.000000
83737   7.945946
83761   3.103448
83773   1.411765
83777   2.500000
83791   1.588235
83813   2.032258
83833   6.346154
83843   2.222222
83857   0.000000
83869   5.714286
83873   1.047619
83891   1.200000
83903   4.210526
83911   2.142857
83921   1.833333
83933   0.818182
83939   2.903226
83969   3.069767
83983   0.418605
83987   2.916667
84011   0.857143
84017   7.333333
84047   1.515789
84053   0.818182
84059   2.285714
84061   1.142857
84067   3.500000
84089   0.529412
84121   4.030303
84127   1.000000
84131   0.588235
84137   0.810811
84143   0.838710
84163   2.625000
84179   2.076923
84181   2.500000
84191   0.562500
84199   1.250000
84211   2.538462
84221   3.000000
84223   7.000000
84229   2.666667
84239   1.090909
84247   1.230769
84263   2.000000
84299   3.422222
84307   0.500000
84313   1.190476
84317   2.500000
84319   2.647059
84347   3.428571
84349   1.046512
84377   0.645161
84389   3.315789
84391   2.400000
84401   3.200000
84407   0.666667
84421   1.655172
84431   3.555556
84437   2.727273
84443   6.000000
84449   4.941176
84457   5.444444
84463   3.500000
84467   0.409091
84481   1.425743
84499   1.941176
84503   3.000000
84509   1.687500
84521   3.230769
84523   1.125000
84533   4.200000
84551   1.405405
84559   0.633333
84589   0.875000
84629   1.050000
84631   1.111111
84649   1.000000
84653   0.833333
84659   0.270270
84673   1.166667
84691   2.285714
84697   1.500000
84701   2.545455
84713   0.000000
84719   1.285714
84731   3.150000
84737   4.000000
84751   0.400000
84761   1.674419
84787   1.185185
84793   3.882353
84809   3.600000
84811   1.741935
84827   1.189655
84857   0.551724
84859   0.285714
84869   1.565217
84871   2.693878
84913   1.714286
84919   0.680000
84947   1.615385
84961  10.000000
84967   2.105263
84977   1.090909
84979   2.333333
84991   0.300000
85009   1.071429
85021   1.800000
85027   1.333333
85037   0.440000
85049   1.000000
85061   1.920000
85081   0.742857
85087   0.312500
85091   1.714286
85093   2.400000
85103   0.421053
85109   2.000000
85121   1.578947
85133   0.448276
85147   1.444444
85159   1.194805
85193   0.754717
85199   1.600000
85201   0.538462
85213   0.000000
85223   1.454545
85229   2.666667
85237   1.615385
85243   1.000000
85247   1.090909
85259   1.546392
85297   1.031250
85303   2.181818
85313   1.689655
85331   0.416667
85333   1.250000
85361   2.343750
85363   0.000000
85369   0.642857
85381   1.702703
85411   3.136364
85427   0.692308
85429   1.500000
85439   5.062500
85447   0.800000
85451   1.000000
85453   1.875000
85469   1.666667
85487   1.434783
85513   1.090909
85517   3.750000
85523   0.368421
85531   0.309524
85549   0.869565
85571   0.954545
85577   3.545455
85597   1.500000
85601   0.333333
85607   1.241379
85619   1.000000
85621   3.000000
85627   1.125000
85639   3.000000
85643   0.000000
85661   0.352941
85667   4.000000
85669   0.150000
85691   0.439655
85703   0.731707
85711   1.750000
85717   1.500000
85733   0.607143
85751   3.764706
85781   0.840000
85793   0.692308
85817   0.619048
85819   1.090909
85829   2.142857
85831   6.666667
85837   0.857143
85843   1.944444
85847   1.016949
85853   7.378378
85889   1.538462
85903   0.937500
85909   4.666667
85931   0.648649
85933   3.076923
85991   1.833333
85999   4.800000
86011   1.173913
86017   0.156863
86027   3.600000
86029   2.545455
86069   2.769231
86077   0.700000
86083   0.871795
86111   4.000000
86113   1.500000
86117   0.428571
86131   0.952381
86137   1.285714
86143   6.967742
86161   2.709677
86171   6.000000
86179   1.636364
86183   1.333333
86197   0.900000
86201   3.818182
86209   2.375000
86239   1.700000
86243   4.210526
86249   1.590909
86257   0.411765
86263   0.000000
86269   2.400000
86287   0.647059
86291   3.600000
86293   2.454545
86297   0.333333
86311   1.529412
86323   1.250000
86341   2.545455
86351   2.181818
86353   0.818182
86357   0.888889
86369   2.100000
86371   0.666667
86381   0.000000
86389   0.500000
86399   0.195652
86413   0.857143
86423   0.823529
86441   1.086957
86453   2.500000
86461   0.583333
86467   0.000000
86477   1.000000
86491   1.846154
86501   0.310345
86509   2.500000
86531   1.800000
86533   3.000000
86539   2.100000
86561   2.428571
86573   1.227273
86579   1.909091
86587   2.631579
86599   1.777778
86627   2.272727
86629   5.833333
86677   4.210526
86689   1.945946
86693   1.833333
86711   2.080000
86719   0.290323
86729   1.411765
86743   1.875000
86753   0.750000
86767   0.750000
86771   1.142857
86783   1.750000
86813   0.771429
86837   1.153846
86843   1.312500
86851   0.875000
86857   2.222222
86861   2.400000
86869   4.043478
86923   0.367089
86927   1.000000
86929   2.250000
86939   0.297297
86951   0.000000
86959   0.931034
86969   3.850000
86981   0.444444
86993   0.340909
87011   3.529412
87013   1.354167
87037   1.627907
87041   1.578947
87049   0.909091
87071   3.777778
87083   4.400000
87103   4.235294
87107   0.000000
87119   0.692308
87121   0.446809
87133   1.750000
87149   2.117647
87151   3.000000
87179   1.800000
87181   2.000000
87187   1.406250
87211  15.725000
87221   2.666667
87223   1.800000
87251   0.731707
87253   0.750000
87257   2.000000
87277   2.727273
87281   1.333333
87293   0.339623
87299   1.020408
87313   1.440000
87317   1.176471
87323   2.500000
87337   4.645161
87359   0.455446
87383   1.138965
87403   2.086957
87407   2.250000
87421   7.500000
87427   0.000000
87433   1.066667
87443   0.408163
87473   1.948718
87481   5.400000
87491   1.842105
87509   1.515152
87511   1.200000
87517   0.857143
87523   0.458333
87539   4.950000
87541   1.473684
87547   0.375000
87553   0.483871
87557   2.250000
87559   0.276596
87583   0.903226
87587   3.000000
87589   1.793103
87613   0.850000
87623   0.941176
87629   0.800000
87631   0.500000
87641   2.769231
87643   6.666667
87649   3.948718
87671   0.833333
87679   0.285714
87683   0.000000
87691   3.888889
87697   1.764706
87701   2.315789
87719   2.500000
87721   0.566038
87739   0.423077
87743   1.200000
87751   0.827586
87767   0.656250
87793   0.566038
87797   1.250000
87803   4.000000
87811   4.148936
87833   1.536585
87853   1.384615
87869   6.666667
87877   7.636364
87881   7.000000
87887   2.941176
87911   0.849057
87917   0.000000
87931   2.080000
87943   0.000000
87959   1.500000
87961   1.312500
87973   2.000000
87977   2.000000
87991   4.727273
88001   1.800000
88003   3.000000
88007   2.000000
88019   0.483871
88037   3.301887
88069   5.600000
88079   3.428571
88093   0.814286
88117   4.390244
88129   3.250000
88169   0.000000
88177   1.866667
88211   0.782979
88223   2.166667
88237   1.173913
88241   1.913043
88259   2.666667
88261   3.636364
88289   4.705882
88301   2.000000
88321   3.900000
88327   3.733333
88337   0.352941
88339   1.852941
88379   4.142857
88397   4.848485
88411   0.764706
88423   1.142857
88427   0.606061
88463   1.063291
88469  10.666667
88471   0.648649
88493   2.896552
88499   0.666667
88513   0.363636
88523   0.607143
88547   1.422414
88589   0.494382
88591   1.241379
88607   1.125000
88609   6.923077
88643   2.863636
88651   5.600000
88657   3.125000
88661   0.692308
88663   1.500000
88667   0.750000
88681   1.800000
88721   0.911392
88729   1.136364
88741  13.500000
88747   4.500000
88771   0.840000
88789   6.111111
88793   9.285714
88799   4.285714
88801   1.116279
88807   1.132075
88811   7.500000
88813  10.000000
88817   3.000000
88819   0.989130
88843   1.108696
88853   2.647059
88861   1.272727
88867   1.500000
88873   5.090909
88883   2.969072
88897   2.972973
88903   1.320000
88919   3.400000
88937   0.842105
88951   1.185185
88969   2.763158
88993   1.806452
88997   0.714286
89003   0.333333
89009   2.187500
89017   4.666667
89021   0.705882
89041   7.083333
89051   1.411765
89057   0.281250
89069   2.882353
89071   1.666667
89083   1.684211
89087   1.200000
89101   8.461538
89107   1.125000
89113   5.076923
89119   0.937500
89123   1.636364
89137   1.698113
89153   1.040000
89189   2.000000
89203   0.476190
89209   0.357143
89213   0.857143
89227   3.214286
89231   1.428571
89237   0.517241
89261   2.105263
89269   6.857143
89273   1.116279
89293   2.142857
89303   1.714286
89317   1.793103
89329   1.468085
89363   3.281250
89371   1.575000
89381   1.846154
89387   1.500000
89393   2.727273
89399   1.000000
89413   2.700000
89417   1.687500
89431   0.245283
89443   1.125000
89449   1.230769
89459   2.592593
89477   0.653061
89491   4.000000
89501   0.379310
89513   5.250000
89519   1.142857
89521   1.066667
89527   7.333333
89533   1.133333
89561   2.068966
89563   4.000000
89567   0.666667
89591   2.250000
89597   2.000000
89599   0.942857
89603   0.428571
89611   0.000000
89627   1.500000
89633   0.419355
89653   1.636364
89657   3.750000
89659   0.400000
89669   1.250000
89671   0.900000
89681   0.333333
89689  13.432836
89753   4.375000
89759   0.583333
89767   1.000000
89779   1.931034
89783   2.117647
89797   1.511628
89809   5.500000
89819   0.000000
89821   3.500000
89833   0.000000
89839   1.714286
89849   3.698113
89867   1.826087
89891   1.607143
89897   0.666667
89899   4.000000
89909   3.000000
89917   0.411765
89923   0.814815
89939   0.923077
89959   3.000000
89963   1.285714
89977   1.470588
89983   0.600000
89989   5.400000
90001   1.554545
90007   2.758621
90011   1.162791
90017   2.000000
90019   1.285714
90023   1.428571
90031   1.973684
90053   0.000000
90059   2.333333
90067   0.600000
90071   2.142857
90073   2.812500
90089   1.734694
90107   0.393443
90121   4.090909
90127   0.933333
90149   2.297872
90163   1.371429
90173   1.000000
90187   1.080000
90191   3.000000
90197   3.428571
90199   4.000000
90203   0.818182
90217   5.052632
90227   3.055556
90239   0.967742
90247   1.875000
90263   1.043478
90271   7.772727
90281   1.500000
90289   4.500000
90313   6.000000
90353   1.243243
90359   2.454545
90371   2.153846
90373   1.500000
90379   4.000000
90397   0.523810
90401   9.000000
90403   0.000000
90407   3.400000
90437   4.000000
90439   0.960000
90469   4.000000
90473   2.000000
90481  15.260870
90499   2.142857
90511   0.774194
90523   1.066667
90527   1.200000
90529   2.142857
90533   0.818182
90547   2.314815
90583   2.888889
90599   1.089744
90617   0.277778
90619   0.714286
90631   1.023256
90641   3.600000
90647   0.360000
90659   2.250000
90677   2.105263
90679   5.000000
90697   2.250000
90703   0.461538
90709   2.369231
90731   0.096618
90749   2.450000
90787   2.000000
90793   4.000000
90803   1.806452
90821   3.750000
90823   0.666667
90833   1.350000
90841   4.666667
90847   1.157895
90863   4.761905
90887   1.212766
90901   3.333333
90907   0.714286
90911   0.813953
90917   1.000000
90931   4.500000
90947   1.632653
90971   2.272727
90977   3.600000
90989   3.750000
90997   0.434783
91009   1.896552
91019  11.454545
91033   3.552632
91079   1.894737
91081   2.382353
91097   0.818182
91099   4.421053
91121   2.196078
91127   0.516129
91129   1.636364
91139   0.666667
91141   3.176471
91151   1.200000
91153   2.666667
91159   0.833333
91163   0.571429
91183   2.857143
91193   6.000000
91199   1.750000
91229   1.163265
91237   1.615385
91243   2.142857
91249   1.923077
91253   1.133333
91283   2.235294
91291   4.200000
91297   3.000000
91303   0.500000
91309   1.555556
91331   2.416667
91367   2.317073
91369   0.428571
91373   1.384615
91381   1.076923
91387   0.526316
91393   0.729167
91397   0.529412
91411   1.368421
91423   0.578947
91433   0.500000
91453   1.800000
91457   2.400000
91459   3.000000
91463   1.888889
91493   3.750000
91499   2.941176
91513   0.000000
91529   0.000000
91541   6.300000
91571   5.714286
91573   2.000000
91577   2.142857
91583   2.500000
91591   0.000000
91621   1.666667
91631   1.800000
91639   3.500000
91673   2.765957
91691   0.600000
91703   7.500000
91711   4.054054
91733   2.058824
91753   1.565217
91757   1.894737
91771   1.500000
91781   2.419355
91801   2.294118
91807   1.395349
91811   0.724138
91813   1.500000
91823   0.774194
91837   1.227273
91841   1.500000
91867   1.000000
91873   0.863014
91909   2.790698
91921   1.500000
91939   2.315789
91943   2.571429
91951   3.500000
91957   0.454545
91961   1.666667
91967   1.500000
91969   3.243243
91997   4.533333
92003   4.285714
92009   1.935484
92033   2.222222
92041   2.045455
92051   1.333333
92077   1.454545
92083   0.000000
92107   0.636364
92111   0.489796
92119   0.676056
92143   0.000000
92153   0.129310
92173   0.666667
92177   2.000000
92179   0.857143
92189   1.200000
92203   0.416667
92219   4.909091
92221   4.000000
92227   1.500000
92233   1.333333
92237   1.041667
92243   0.000000
92251   1.344828
92269   3.354167
92297   0.750000
92311   1.111111
92317   3.826087
92333   4.615385
92347   2.222222
92353   6.666667
92357   1.333333
92363   1.090909
92369   1.235294
92377   0.466667
92381   0.600000
92383   0.750000
92387   4.000000
92399   0.903226
92401   0.859649
92413   1.250000
92419   0.214286
92431   0.975610
92459   1.323529
92461   4.000000
92467   3.176471
92479   2.566667
92489   2.608696
92503   1.000000
92507   1.107692
92551   0.000000
92557   1.230769
92567   1.680000
92569   2.947368
92581   2.000000
92593   1.235294
92623   0.000000
92627   0.000000
92639   2.333333
92641   1.600000
92647   1.263158
92657   0.758621
92669   0.269231
92671   1.894737
92681   2.500000
92683   1.285714
92693   1.066667
92699   2.800000
92707   0.473684
92717   0.615385
92723   1.500000
92737   2.771739
92753   2.000000
92761   4.000000
92767   2.647059
92779   2.851852
92789   2.400000
92791   2.666667
92801   2.454545
92809   1.666667
92821   2.315789
92831   3.684211
92849   0.333333
92857   2.727273
92861   0.857143
92863   1.800000
92867   1.200000
92893   1.714286
92899   2.947368
92921   2.545455
92927   0.882353
92941   1.565217
92951   1.090909
92957   2.000000
92959   3.409091
92987   0.566667
92993   1.615385
93001   3.506494
93047   0.444444
93053   0.800000
93059   1.161290
93077   1.714286
93083   1.142857
93089   0.700000
93097   0.660377
93103   2.086957
93113   5.600000
93131   1.600000
93133   1.142857
93139  21.272727
93151   1.111111
93169   2.800000
93179   1.800000
93187   1.538462
93199   1.285714
93229   1.428571
93239   3.931034
93241   2.307692
93251   1.411765
93253   2.250000
93257   1.666667
93263   5.333333
93281   2.105263
93283   0.428571
93287   2.400000
93307   0.960000
93319   2.666667
93323   0.454545
93329   2.058824
93337   1.826087
93371   2.631579
93377   2.000000
93383   1.034483
93407   0.642857
93419   0.000000
93427   2.619048
93463   1.040000
93479   3.000000
93481   4.800000
93487  11.666667
93491   3.500000
93493   4.000000
93497   1.136364
93503   2.954545
93523   0.000000
93529   0.576923
93553   1.120000
93557   0.187500
93559   3.000000
93563   1.294118
93581   3.166667
93601   1.160714
93607   1.826087
93629   2.000000
93637   2.516949
93683   0.901408
93701   2.857143
93703   0.600000
93719   2.117647
93739   3.117188
93761   0.495868
93763   0.565217
93787   0.000000
93809   4.000000
93811   3.681818
93827   1.176471
93851   1.157895
93871   3.085714
93887   4.500000
93889   1.000000
93893   0.750000
93901   4.153846
93911   3.200000
93913   0.500000
93923   0.489796
93937   2.045455
93941   2.625000
93949   7.090909
93967   0.916667
93971   3.000000
93979   4.500000
93983   0.391304
93997   5.000000
94007   1.714286
94009   0.650000
94033   4.166667
94049  16.363636
94057   1.166667
94063   0.000000
94079   1.317073
94099   2.812500
94109   6.000000
94111   1.500000
94117   2.000000
94121   0.531250
94151   3.310345
94153   4.500000
94169   1.684211
94201   2.303030
94207   0.367347
94219   1.000000
94229   0.548387
94253   0.537815
94261   4.285714
94273   5.250000
94291   0.680000
94307   0.562500
94309   2.916667
94321   7.312500
94327   0.500000
94331   0.421053
94343   5.142857
94349  14.000000
94351   2.916667
94379   1.210526
94397   0.625000
94399   1.846154
94421   6.533333
94427   6.000000
94433   1.636364
94439   7.200000
94441   2.857143
94447   2.444444
94463   1.551724
94477   2.000000
94483   0.620690
94513   0.534884
94529   0.782609
94531   1.764706
94541   1.600000
94543   1.500000
94547   2.222222
94559   3.062500
94561   2.153846
94573   0.956522
94583   2.000000
94597   4.000000
94603   0.857143
94613   2.500000
94621   0.000000
94649   4.090909
94651   0.365385
94687   0.807692
94693   0.880000
94709   0.000000
94723   2.520000
94727   0.000000
94747   4.074074
94771   1.071429
94777   5.000000
94781   4.285714
94789   3.000000
94793   2.275862
94811   1.625000
94819   1.500000
94823   3.000000
94837   0.818182
94841   1.153846
94847   1.263158
94849   9.454545
94873   0.519481
94889   3.214286
94903   0.562500
94907   0.909091
94933   2.441860
94949  22.000000
94951   0.750000
94961   2.739130
94993   1.225806
94999   3.695652
95003   0.294118
95009   6.000000
95021   1.058824
95027   0.572727
95063   0.415094
95071   3.636364
95083   2.400000
95087   4.500000
95089   1.500000
95093   0.800000
95101   9.333333
95107   2.857143
95111   1.058824
95131   0.800000
95143   0.366667
95153   1.360000
95177   1.058824
95189   1.272727
95191   2.000000
95203   0.000000
95213   1.882353
95219   2.250000
95231   1.680000
95233   0.108108
95239   1.384615
95257   1.047619
95261   0.714286
95267   0.900000
95273   4.000000
95279   2.692308
95287   1.263158
95311   2.142857
95317   1.142857
95327   0.733333
95339   1.702703
95369   6.050000
95383   1.565217
95393   6.750000
95401   5.333333
95413   0.857143
95419   2.666667
95429   1.466667
95441   0.000000
95443   0.714286
95461   1.384615
95467   1.666667
95471   5.250000
95479   1.384615
95483   2.592593
95507   0.936170
95527   0.000000
95531   0.666667
95539   1.125000
95549   3.093750
95561   0.000000
95569   1.250000
95581   0.000000
95597   2.750000
95603   3.333333
95617   2.812500
95621   1.800000
95629   1.384615
95633   0.880000
95651   5.288889
95701   1.898305
95707   0.428571
95713   2.142857
95717   1.111111
95723   1.166667
95731   1.000000
95737   1.000000
95747   2.250000
95773   1.000000
95783   1.818182
95789   0.888889
95791   3.750000
95801   0.600000
95803   0.461538
95813   0.500000
95819   1.600000
95857   0.000000
95869   0.571429
95873   0.521739
95881   1.636364
95891   0.000000
95911   1.591837
95917   2.000000
95923   1.846154
95929   2.470588
95947   1.037037
95957   1.875000
95959  15.555556
95971   0.518519
95987   1.058824
95989   2.800000
96001   2.600000
96013   1.333333
96017   1.097561
96043   0.620690
96053   0.186047
96059   2.363636
96079   3.166667
96097   1.017544
96137   2.563380
96149   0.909091
96157   2.250000
96167   1.500000
96179   2.100000
96181   3.076923
96199   0.517241
96211   3.300000
96221   1.846154
96223   0.571429
96233   0.529412
96259   0.517241
96263   1.000000
96269  16.875000
96281   5.000000
96289   0.000000
96293   1.545455
96323   3.600000
96329   1.500000
96331   1.090909
96337   0.846154
96353   3.636364
96377   5.818182
96401   2.153846
96419   3.125000
96431   1.636364
96443   1.538462
96451   0.388889
96457   1.000000
96461   1.200000
96469  10.285714
96479   0.409091
96487   1.000000
96493   3.750000
96497   1.500000
96517   2.500000
96527   0.000000
96553   0.000000
96557   4.375000
96581   0.389610
96587   1.000000
96589   0.000000
96601   3.552632
96643   1.384615
96661   2.086957
96667   3.571429
96671   0.625000
96697   0.615385
96703   0.000000
96731   0.623853
96737   2.666667
96739   3.272727
96749   0.500000
96757   2.100000
96763   2.727273
96769   1.870130
96779   2.812500
96787   2.076923
96797   4.500000
96799   2.500000
96821   2.666667
96823   1.000000
96827   0.000000
96847   2.307692
96851   0.555556
96857   1.400000
96893   0.316456
96907   0.545455
96911   0.923077
96931   1.272727
96953   1.500000
96959   2.000000
96973   0.000000
96979   5.200000
96989   3.214286
96997   1.764706
97001   2.625000
97003   0.375000
97007   1.894737
97021   1.111111
97039   2.500000
97073   1.536585
97081   0.714286
97103   2.215385
97117   3.230769
97127   3.863636
97151   2.727273
97157   0.833333
97159   1.090909
97169   3.600000
97171   5.333333
97177   2.666667
97187   0.378947
97213   1.517241
97231   0.677419
97241   3.161290
97259   0.875000
97283   1.640625
97301   0.769231
97303   0.000000
97327   0.737327
97367   5.133333
97369   1.875000
97373   1.666667
97379  13.714286
97381   0.470588
97387   0.444444
97397   1.125000
97423   0.640000
97429   0.450000
97441   3.230769
97453   4.000000
97459   0.517241
97463   1.562500
97499   4.222222
97501   2.400000
97511   0.578947
97523   1.227273
97547   1.575758
97549   3.500000
97553   1.200000
97561   2.842105
97571   1.142857
97577   1.600000
97579   6.600000
97583   8.400000
97607   0.866667
97609   3.750000
97613   2.962963
97649   3.257143
97651   0.545455
97673   1.350000
97687   1.781250
97711   1.235294
97729   2.250000
97771   0.500000
97777  13.818182
97787   0.545455
97789   1.392857
97813   3.333333
97829   1.473684
97841   3.937500
97843   1.200000
97847   3.000000
97849   3.000000
97859   0.600000
97861   0.375000
97871   0.900000
97879   5.400000
97883   4.000000
97919   1.960396
97927   0.923077
97931   1.454545
97943   5.000000
97961   0.480000
97967   0.821918
97973   5.714286
97987   5.040000
98009   1.800000
98011   0.615385
98017   2.500000
98041   2.000000
98047   1.500000
98057   1.214286
98081   2.315789
98101   2.470588
98123   2.153846
98129   3.333333
98143   1.162791
98179   0.344086
98207   0.708333
98213   0.000000
98221   1.750000
98227   1.034483
98251   1.875000
98257   1.125000
98269   0.000000
98297   1.875000
98299   0.264423
98317   2.152174
98321   4.285714
98323   1.800000
98327   0.600000
98347   1.647059
98369   1.323529
98377   0.857143
98387   2.181818
98389  21.111111
98407   1.629630
98411   0.400000
98419   0.984375
98429   0.000000
98443   1.090909
98453   0.666667
98459   0.583333
98467   2.666667
98473   1.285714
98479   6.300000
98491   2.578947
98507   1.750000
98519   2.600000
98533   4.615385
98543   2.100000
98561   2.857143
98563   4.666667
98573   4.387097
98597   5.793103
98621   4.615385
98627   2.700000
98639   1.400000
98641   4.714286
98663   0.666667
98669   2.294118
98689  15.500000
98711   2.086957
98713   2.400000
98717   2.400000
98729   1.000000
98731   8.000000
98737   1.866667
98773   0.269231
98779   1.909091
98801   4.200000
98807   0.250000
98809   1.730769
98837   4.324324
98849   2.727273
98867   2.500000
98869   2.250000
98873   2.571429
98887   3.750000
98893   7.500000
98897   7.200000
98899   5.052632
98909   8.250000
98911   6.352941
98927   1.800000
98929   1.666667
98939   0.000000
98947   2.800000
98953   2.461538
98963   0.636364
98981   3.103448
98993   1.687500
98999   8.181818
99013   1.687500
99017   0.714286
99023   1.500000
99041   1.428571
99053   0.000000
99079   2.500000
99083   0.000000
99089   1.785714
99103   1.470588
99109   2.285714
99119   5.000000
99131   0.965517
99133   3.000000
99137  27.000000
99139   0.620690
99149   1.491228
99173   2.206897
99181   2.368421
99191   2.578947
99223   1.122137
99233   1.285714
99241   1.000000
99251   1.714286
99257   0.000000
99259   1.052632
99277   1.250000
99289   2.352941
99317   1.074074
99347   2.962963
99349   0.000000
99367   4.468750
99371   7.500000
99377   2.400000
99391   2.272727
99397   0.909091
99401   3.818182
99409   1.764706
99431   1.153846
99439   0.581633
99469   2.301370
99487   0.875000
99497   1.102041
99523   5.000000
99527   0.900000
99529   1.411765
99551   5.000000
99559   6.600000
99563   1.200000
99571   1.000000
99577   0.833333
99581   0.857143
99607   0.468750
99611   6.857143
99623   1.411765
99643   1.461538
99661   1.920000
99667   1.125000
99679   1.269231
99689   4.064516
99707   1.875000
99709   7.000000
99713   2.222222
99719   1.090909
99721   5.384615
99733   3.157895
99761   0.680000
99767   4.333333
99787   2.600000
99793   0.660000
99809   1.500000
99817   1.000000
99823   0.545455
99829   1.875000
99833   2.142857
99839   1.911765
99859   1.066667
99871   1.227273
99877   1.052632
99881   1.826087
99901   2.452830
99907   2.081081
99923   0.880000
99929   4.935065
99961   2.961538
99971   0.763636
99989   5.800000
